16:29:34 DEBUG : Logs will be stored at '/users/students/r0933784/DDP/sw_package_2026/sw_project/project_sw/IDE.log'.
16:29:34 INFO  : Registering command handlers for Vitis TCF services
16:29:35 INFO  : Platform repository initialization has completed.
16:29:36 INFO  : Successfully done query RDI_DATADIR 
16:29:36 INFO  : plnx-install-location is set to ''
16:29:53 INFO  : Platform 'ecc_project_wrapper' is added to custom repositories.
16:30:22 INFO  : Checking for BSP changes to sync application flags for project 'sw_design'...
16:30:50 DEBUG : Logs will be stored at '/users/students/r0933784/DDP/sw_package_2026/sw_project/project_sw/IDE.log'.
16:30:51 INFO  : Launching XSCT server: xsct -n  -interactive /users/students/r0933784/DDP/sw_package_2026/sw_project/project_sw/temp_xsdb_launch_script.tcl
16:30:53 INFO  : XSCT server has started successfully.
16:30:53 INFO  : Successfully done setting XSCT server connection channel  
16:30:53 INFO  : plnx-install-location is set to ''
16:30:53 INFO  : Successfully done setting workspace for the tool. 
16:31:09 INFO  : Registering command handlers for Vitis TCF services
16:31:09 INFO  : Platform repository initialization has completed.
16:31:11 INFO  : Successfully done query RDI_DATADIR 
16:33:08 INFO  : Result from executing command 'getProjects': ecc_project_wrapper
16:33:08 INFO  : Result from executing command 'getPlatforms': ecc_project_wrapper|/users/students/r0933784/DDP/sw_package_2026/sw_project/project_sw/ecc_project_wrapper/export/ecc_project_wrapper/ecc_project_wrapper.xpfm;xilinx_zcu102_base_202310_1|/esat/micas-data/software/Xilinx/vitis_2023.1/Vitis/2023.1/base_platforms/xilinx_zcu102_base_202310_1/xilinx_zcu102_base_202310_1.xpfm;xilinx_zcu102_base_dfx_202310_1|/esat/micas-data/software/Xilinx/vitis_2023.1/Vitis/2023.1/base_platforms/xilinx_zcu102_base_dfx_202310_1/xilinx_zcu102_base_dfx_202310_1.xpfm;xilinx_zcu104_base_202310_1|/esat/micas-data/software/Xilinx/vitis_2023.1/Vitis/2023.1/base_platforms/xilinx_zcu104_base_202310_1/xilinx_zcu104_base_202310_1.xpfm
16:33:12 INFO  : Checking for BSP changes to sync application flags for project 'sw_design'...
16:39:20 INFO  : Connected to target on host '127.0.0.1' and port '3121'.
16:39:20 INFO  : Jtag cable 'Xilinx TUL 1234-tulA' is selected.
16:39:20 INFO  : 'jtag frequency' command is executed.
16:39:20 INFO  : Context for 'APU' is selected.
16:39:20 INFO  : System reset is completed.
16:39:23 INFO  : 'after 3000' command is executed.
16:39:24 INFO  : 'targets -set -filter {jtag_cable_name =~ "Xilinx TUL 1234-tulA" && level==0 && jtag_device_ctx=="jsn-TUL-1234-tulA-23727093-0"}' command is executed.
16:39:26 INFO  : Device configured successfully with "/users/students/r0933784/DDP/sw_package_2026/sw_project/project_sw/sw_design/_ide/bitstream/rsa_project_wrapper.bit"
16:39:26 INFO  : Context for 'APU' is selected.
16:39:26 INFO  : Hardware design and registers information is loaded from '/users/students/r0933784/DDP/sw_package_2026/sw_project/project_sw/ecc_project_wrapper/export/ecc_project_wrapper/hw/ecc_project_wrapper.xsa'.
16:39:26 INFO  : 'configparams force-mem-access 1' command is executed.
16:39:26 INFO  : Context for 'APU' is selected.
16:39:26 INFO  : Sourcing of '/users/students/r0933784/DDP/sw_package_2026/sw_project/project_sw/sw_design/_ide/psinit/ps7_init.tcl' is done.
16:39:26 INFO  : 'ps7_init' command is executed.
16:39:26 INFO  : 'ps7_post_config' command is executed.
16:39:26 INFO  : Context for processor 'ps7_cortexa9_0' is selected.
16:39:27 INFO  : The application '/users/students/r0933784/DDP/sw_package_2026/sw_project/project_sw/sw_design/Debug/sw_design.elf' is downloaded to processor 'ps7_cortexa9_0'.
16:39:27 INFO  : 'configparams force-mem-access 0' command is executed.
16:39:27 INFO  : ----------------XSDB Script----------------
connect -url tcp:127.0.0.1:3121
targets -set -nocase -filter {name =~"APU*"}
rst -system
after 3000
targets -set -filter {jtag_cable_name =~ "Xilinx TUL 1234-tulA" && level==0 && jtag_device_ctx=="jsn-TUL-1234-tulA-23727093-0"}
fpga -file /users/students/r0933784/DDP/sw_package_2026/sw_project/project_sw/sw_design/_ide/bitstream/rsa_project_wrapper.bit
targets -set -nocase -filter {name =~"APU*"}
loadhw -hw /users/students/r0933784/DDP/sw_package_2026/sw_project/project_sw/ecc_project_wrapper/export/ecc_project_wrapper/hw/ecc_project_wrapper.xsa -mem-ranges [list {0x40000000 0xbfffffff}] -regs
configparams force-mem-access 1
targets -set -nocase -filter {name =~"APU*"}
source /users/students/r0933784/DDP/sw_package_2026/sw_project/project_sw/sw_design/_ide/psinit/ps7_init.tcl
ps7_init
ps7_post_config
targets -set -nocase -filter {name =~ "*A9*#0"}
dow /users/students/r0933784/DDP/sw_package_2026/sw_project/project_sw/sw_design/Debug/sw_design.elf
configparams force-mem-access 0
----------------End of Script----------------

16:39:27 INFO  : Context for processor 'ps7_cortexa9_0' is selected.
16:39:27 INFO  : 'con' command is executed.
16:39:27 INFO  : ----------------XSDB Script (After Launch)----------------
targets -set -nocase -filter {name =~ "*A9*#0"}
con
----------------End of Script----------------

16:39:27 INFO  : Launch script is exported to file '/users/students/r0933784/DDP/sw_package_2026/sw_project/project_sw/sw_design_system/_ide/scripts/debugger_sw_design-default.tcl'
16:41:08 INFO  : Disconnected from the channel tcfchan#3.
16:41:09 INFO  : Connected to target on host '127.0.0.1' and port '3121'.
16:41:09 INFO  : Jtag cable 'Xilinx TUL 1234-tulA' is selected.
16:41:09 INFO  : 'jtag frequency' command is executed.
16:41:09 INFO  : Context for 'APU' is selected.
16:41:09 INFO  : System reset is completed.
16:41:12 INFO  : 'after 3000' command is executed.
16:41:12 INFO  : 'targets -set -filter {jtag_cable_name =~ "Xilinx TUL 1234-tulA" && level==0 && jtag_device_ctx=="jsn-TUL-1234-tulA-23727093-0"}' command is executed.
16:41:15 INFO  : Device configured successfully with "/users/students/r0933784/DDP/sw_package_2026/sw_project/project_sw/sw_design/_ide/bitstream/rsa_project_wrapper.bit"
16:41:15 INFO  : Context for 'APU' is selected.
16:41:15 INFO  : Hardware design and registers information is loaded from '/users/students/r0933784/DDP/sw_package_2026/sw_project/project_sw/ecc_project_wrapper/export/ecc_project_wrapper/hw/ecc_project_wrapper.xsa'.
16:41:15 INFO  : 'configparams force-mem-access 1' command is executed.
16:41:15 INFO  : Context for 'APU' is selected.
16:41:15 INFO  : Sourcing of '/users/students/r0933784/DDP/sw_package_2026/sw_project/project_sw/sw_design/_ide/psinit/ps7_init.tcl' is done.
16:41:15 INFO  : 'ps7_init' command is executed.
16:41:15 INFO  : 'ps7_post_config' command is executed.
16:41:15 INFO  : Context for processor 'ps7_cortexa9_0' is selected.
16:41:15 INFO  : The application '/users/students/r0933784/DDP/sw_package_2026/sw_project/project_sw/sw_design/Debug/sw_design.elf' is downloaded to processor 'ps7_cortexa9_0'.
16:41:15 INFO  : 'configparams force-mem-access 0' command is executed.
16:41:15 INFO  : ----------------XSDB Script----------------
connect -url tcp:127.0.0.1:3121
targets -set -nocase -filter {name =~"APU*"}
rst -system
after 3000
targets -set -filter {jtag_cable_name =~ "Xilinx TUL 1234-tulA" && level==0 && jtag_device_ctx=="jsn-TUL-1234-tulA-23727093-0"}
fpga -file /users/students/r0933784/DDP/sw_package_2026/sw_project/project_sw/sw_design/_ide/bitstream/rsa_project_wrapper.bit
targets -set -nocase -filter {name =~"APU*"}
loadhw -hw /users/students/r0933784/DDP/sw_package_2026/sw_project/project_sw/ecc_project_wrapper/export/ecc_project_wrapper/hw/ecc_project_wrapper.xsa -mem-ranges [list {0x40000000 0xbfffffff}] -regs
configparams force-mem-access 1
targets -set -nocase -filter {name =~"APU*"}
source /users/students/r0933784/DDP/sw_package_2026/sw_project/project_sw/sw_design/_ide/psinit/ps7_init.tcl
ps7_init
ps7_post_config
targets -set -nocase -filter {name =~ "*A9*#0"}
dow /users/students/r0933784/DDP/sw_package_2026/sw_project/project_sw/sw_design/Debug/sw_design.elf
configparams force-mem-access 0
----------------End of Script----------------

16:41:15 INFO  : Context for processor 'ps7_cortexa9_0' is selected.
16:41:16 INFO  : 'con' command is executed.
16:41:16 INFO  : ----------------XSDB Script (After Launch)----------------
targets -set -nocase -filter {name =~ "*A9*#0"}
con
----------------End of Script----------------

16:41:16 INFO  : Launch script is exported to file '/users/students/r0933784/DDP/sw_package_2026/sw_project/project_sw/sw_design_system/_ide/scripts/debugger_sw_design-default.tcl'
16:43:44 INFO  : Disconnected from the channel tcfchan#4.
16:43:45 INFO  : Connected to target on host '127.0.0.1' and port '3121'.
16:43:46 INFO  : Jtag cable 'Xilinx TUL 1234-tulA' is selected.
16:43:46 INFO  : 'jtag frequency' command is executed.
16:43:46 INFO  : Context for 'APU' is selected.
16:43:46 INFO  : System reset is completed.
16:43:49 INFO  : 'after 3000' command is executed.
16:43:49 INFO  : 'targets -set -filter {jtag_cable_name =~ "Xilinx TUL 1234-tulA" && level==0 && jtag_device_ctx=="jsn-TUL-1234-tulA-23727093-0"}' command is executed.
16:43:51 INFO  : Device configured successfully with "/users/students/r0933784/DDP/sw_package_2026/sw_project/project_sw/sw_design/_ide/bitstream/rsa_project_wrapper.bit"
16:43:51 INFO  : Context for 'APU' is selected.
16:43:51 INFO  : Hardware design and registers information is loaded from '/users/students/r0933784/DDP/sw_package_2026/sw_project/project_sw/ecc_project_wrapper/export/ecc_project_wrapper/hw/ecc_project_wrapper.xsa'.
16:43:51 INFO  : 'configparams force-mem-access 1' command is executed.
16:43:51 INFO  : Context for 'APU' is selected.
16:43:51 INFO  : Sourcing of '/users/students/r0933784/DDP/sw_package_2026/sw_project/project_sw/sw_design/_ide/psinit/ps7_init.tcl' is done.
16:43:52 INFO  : 'ps7_init' command is executed.
16:43:52 INFO  : 'ps7_post_config' command is executed.
16:43:52 INFO  : Context for processor 'ps7_cortexa9_0' is selected.
16:43:52 INFO  : The application '/users/students/r0933784/DDP/sw_package_2026/sw_project/project_sw/sw_design/Debug/sw_design.elf' is downloaded to processor 'ps7_cortexa9_0'.
16:43:52 INFO  : 'configparams force-mem-access 0' command is executed.
16:43:52 INFO  : ----------------XSDB Script----------------
connect -url tcp:127.0.0.1:3121
targets -set -nocase -filter {name =~"APU*"}
rst -system
after 3000
targets -set -filter {jtag_cable_name =~ "Xilinx TUL 1234-tulA" && level==0 && jtag_device_ctx=="jsn-TUL-1234-tulA-23727093-0"}
fpga -file /users/students/r0933784/DDP/sw_package_2026/sw_project/project_sw/sw_design/_ide/bitstream/rsa_project_wrapper.bit
targets -set -nocase -filter {name =~"APU*"}
loadhw -hw /users/students/r0933784/DDP/sw_package_2026/sw_project/project_sw/ecc_project_wrapper/export/ecc_project_wrapper/hw/ecc_project_wrapper.xsa -mem-ranges [list {0x40000000 0xbfffffff}] -regs
configparams force-mem-access 1
targets -set -nocase -filter {name =~"APU*"}
source /users/students/r0933784/DDP/sw_package_2026/sw_project/project_sw/sw_design/_ide/psinit/ps7_init.tcl
ps7_init
ps7_post_config
targets -set -nocase -filter {name =~ "*A9*#0"}
dow /users/students/r0933784/DDP/sw_package_2026/sw_project/project_sw/sw_design/Debug/sw_design.elf
configparams force-mem-access 0
----------------End of Script----------------

16:43:52 INFO  : Context for processor 'ps7_cortexa9_0' is selected.
16:43:52 INFO  : 'con' command is executed.
16:43:52 INFO  : ----------------XSDB Script (After Launch)----------------
targets -set -nocase -filter {name =~ "*A9*#0"}
con
----------------End of Script----------------

16:43:52 INFO  : Launch script is exported to file '/users/students/r0933784/DDP/sw_package_2026/sw_project/project_sw/sw_design_system/_ide/scripts/debugger_sw_design-default.tcl'
16:44:14 INFO  : Disconnected from the channel tcfchan#5.
16:44:15 INFO  : Connected to target on host '127.0.0.1' and port '3121'.
16:44:16 INFO  : Jtag cable 'Xilinx TUL 1234-tulA' is selected.
16:44:16 INFO  : 'jtag frequency' command is executed.
16:44:16 INFO  : Context for 'APU' is selected.
16:44:16 INFO  : System reset is completed.
16:44:19 INFO  : 'after 3000' command is executed.
16:44:19 INFO  : 'targets -set -filter {jtag_cable_name =~ "Xilinx TUL 1234-tulA" && level==0 && jtag_device_ctx=="jsn-TUL-1234-tulA-23727093-0"}' command is executed.
16:44:21 INFO  : Device configured successfully with "/users/students/r0933784/DDP/sw_package_2026/sw_project/project_sw/sw_design/_ide/bitstream/rsa_project_wrapper.bit"
16:44:21 INFO  : Context for 'APU' is selected.
16:44:21 INFO  : Hardware design and registers information is loaded from '/users/students/r0933784/DDP/sw_package_2026/sw_project/project_sw/ecc_project_wrapper/export/ecc_project_wrapper/hw/ecc_project_wrapper.xsa'.
16:44:21 INFO  : 'configparams force-mem-access 1' command is executed.
16:44:21 INFO  : Context for 'APU' is selected.
16:44:21 INFO  : Sourcing of '/users/students/r0933784/DDP/sw_package_2026/sw_project/project_sw/sw_design/_ide/psinit/ps7_init.tcl' is done.
16:44:21 INFO  : 'ps7_init' command is executed.
16:44:22 INFO  : 'ps7_post_config' command is executed.
16:44:22 INFO  : Context for processor 'ps7_cortexa9_0' is selected.
16:44:22 INFO  : The application '/users/students/r0933784/DDP/sw_package_2026/sw_project/project_sw/sw_design/Debug/sw_design.elf' is downloaded to processor 'ps7_cortexa9_0'.
16:44:22 INFO  : 'configparams force-mem-access 0' command is executed.
16:44:22 INFO  : ----------------XSDB Script----------------
connect -url tcp:127.0.0.1:3121
targets -set -nocase -filter {name =~"APU*"}
rst -system
after 3000
targets -set -filter {jtag_cable_name =~ "Xilinx TUL 1234-tulA" && level==0 && jtag_device_ctx=="jsn-TUL-1234-tulA-23727093-0"}
fpga -file /users/students/r0933784/DDP/sw_package_2026/sw_project/project_sw/sw_design/_ide/bitstream/rsa_project_wrapper.bit
targets -set -nocase -filter {name =~"APU*"}
loadhw -hw /users/students/r0933784/DDP/sw_package_2026/sw_project/project_sw/ecc_project_wrapper/export/ecc_project_wrapper/hw/ecc_project_wrapper.xsa -mem-ranges [list {0x40000000 0xbfffffff}] -regs
configparams force-mem-access 1
targets -set -nocase -filter {name =~"APU*"}
source /users/students/r0933784/DDP/sw_package_2026/sw_project/project_sw/sw_design/_ide/psinit/ps7_init.tcl
ps7_init
ps7_post_config
targets -set -nocase -filter {name =~ "*A9*#0"}
dow /users/students/r0933784/DDP/sw_package_2026/sw_project/project_sw/sw_design/Debug/sw_design.elf
configparams force-mem-access 0
----------------End of Script----------------

16:44:22 INFO  : Context for processor 'ps7_cortexa9_0' is selected.
16:44:22 INFO  : 'con' command is executed.
16:44:22 INFO  : ----------------XSDB Script (After Launch)----------------
targets -set -nocase -filter {name =~ "*A9*#0"}
con
----------------End of Script----------------

16:44:22 INFO  : Launch script is exported to file '/users/students/r0933784/DDP/sw_package_2026/sw_project/project_sw/sw_design_system/_ide/scripts/debugger_sw_design-default.tcl'
16:44:50 INFO  : Disconnected from the channel tcfchan#6.
16:44:51 INFO  : Connected to target on host '127.0.0.1' and port '3121'.
16:44:51 INFO  : Jtag cable 'Xilinx TUL 1234-tulA' is selected.
16:44:51 INFO  : 'jtag frequency' command is executed.
16:44:51 INFO  : Context for 'APU' is selected.
16:44:51 INFO  : System reset is completed.
16:44:54 INFO  : 'after 3000' command is executed.
16:44:55 INFO  : 'targets -set -filter {jtag_cable_name =~ "Xilinx TUL 1234-tulA" && level==0 && jtag_device_ctx=="jsn-TUL-1234-tulA-23727093-0"}' command is executed.
16:44:57 INFO  : Device configured successfully with "/users/students/r0933784/DDP/sw_package_2026/sw_project/project_sw/sw_design/_ide/bitstream/rsa_project_wrapper.bit"
16:44:57 INFO  : Context for 'APU' is selected.
16:44:57 INFO  : Hardware design and registers information is loaded from '/users/students/r0933784/DDP/sw_package_2026/sw_project/project_sw/ecc_project_wrapper/export/ecc_project_wrapper/hw/ecc_project_wrapper.xsa'.
16:44:57 INFO  : 'configparams force-mem-access 1' command is executed.
16:44:57 INFO  : Context for 'APU' is selected.
16:44:57 INFO  : Sourcing of '/users/students/r0933784/DDP/sw_package_2026/sw_project/project_sw/sw_design/_ide/psinit/ps7_init.tcl' is done.
16:44:57 INFO  : 'ps7_init' command is executed.
16:44:57 INFO  : 'ps7_post_config' command is executed.
16:44:57 INFO  : Context for processor 'ps7_cortexa9_0' is selected.
16:44:57 INFO  : The application '/users/students/r0933784/DDP/sw_package_2026/sw_project/project_sw/sw_design/Debug/sw_design.elf' is downloaded to processor 'ps7_cortexa9_0'.
16:44:58 INFO  : 'configparams force-mem-access 0' command is executed.
16:44:58 INFO  : ----------------XSDB Script----------------
connect -url tcp:127.0.0.1:3121
targets -set -nocase -filter {name =~"APU*"}
rst -system
after 3000
targets -set -filter {jtag_cable_name =~ "Xilinx TUL 1234-tulA" && level==0 && jtag_device_ctx=="jsn-TUL-1234-tulA-23727093-0"}
fpga -file /users/students/r0933784/DDP/sw_package_2026/sw_project/project_sw/sw_design/_ide/bitstream/rsa_project_wrapper.bit
targets -set -nocase -filter {name =~"APU*"}
loadhw -hw /users/students/r0933784/DDP/sw_package_2026/sw_project/project_sw/ecc_project_wrapper/export/ecc_project_wrapper/hw/ecc_project_wrapper.xsa -mem-ranges [list {0x40000000 0xbfffffff}] -regs
configparams force-mem-access 1
targets -set -nocase -filter {name =~"APU*"}
source /users/students/r0933784/DDP/sw_package_2026/sw_project/project_sw/sw_design/_ide/psinit/ps7_init.tcl
ps7_init
ps7_post_config
targets -set -nocase -filter {name =~ "*A9*#0"}
dow /users/students/r0933784/DDP/sw_package_2026/sw_project/project_sw/sw_design/Debug/sw_design.elf
configparams force-mem-access 0
----------------End of Script----------------

16:44:58 INFO  : Context for processor 'ps7_cortexa9_0' is selected.
16:44:58 INFO  : 'con' command is executed.
16:44:58 INFO  : ----------------XSDB Script (After Launch)----------------
targets -set -nocase -filter {name =~ "*A9*#0"}
con
----------------End of Script----------------

16:44:58 INFO  : Launch script is exported to file '/users/students/r0933784/DDP/sw_package_2026/sw_project/project_sw/sw_design_system/_ide/scripts/debugger_sw_design-default.tcl'
16:45:26 INFO  : Disconnected from the channel tcfchan#7.
16:46:01 DEBUG : Logs will be stored at '/users/students/r0933784/DDP/sw_package_2026/sw_project/project_sw/IDE.log'.
16:46:01 INFO  : Launching XSCT server: xsct -n  -interactive /users/students/r0933784/DDP/sw_package_2026/sw_project/project_sw/temp_xsdb_launch_script.tcl
16:46:03 INFO  : XSCT server has started successfully.
16:46:03 INFO  : Successfully done setting XSCT server connection channel  
16:46:03 INFO  : plnx-install-location is set to ''
16:46:04 INFO  : Successfully done setting workspace for the tool. 
16:46:04 INFO  : Platform repository initialization has completed.
16:46:07 INFO  : Registering command handlers for Vitis TCF services
16:46:08 INFO  : Successfully done query RDI_DATADIR 
16:46:28 INFO  : Connected to target on host '127.0.0.1' and port '3121'.
16:46:28 INFO  : Jtag cable 'Xilinx TUL 1234-tulA' is selected.
16:46:28 INFO  : 'jtag frequency' command is executed.
16:46:28 INFO  : Context for 'APU' is selected.
16:46:28 INFO  : System reset is completed.
16:46:32 INFO  : 'after 3000' command is executed.
16:46:32 INFO  : 'targets -set -filter {jtag_cable_name =~ "Xilinx TUL 1234-tulA" && level==0 && jtag_device_ctx=="jsn-TUL-1234-tulA-23727093-0"}' command is executed.
16:46:34 INFO  : Device configured successfully with "/users/students/r0933784/DDP/sw_package_2026/sw_project/project_sw/sw_design/_ide/bitstream/rsa_project_wrapper.bit"
16:46:34 INFO  : Context for 'APU' is selected.
16:46:34 INFO  : Hardware design and registers information is loaded from '/users/students/r0933784/DDP/sw_package_2026/sw_project/project_sw/ecc_project_wrapper/export/ecc_project_wrapper/hw/ecc_project_wrapper.xsa'.
16:46:34 INFO  : 'configparams force-mem-access 1' command is executed.
16:46:34 INFO  : Context for 'APU' is selected.
16:46:34 INFO  : Sourcing of '/users/students/r0933784/DDP/sw_package_2026/sw_project/project_sw/sw_design/_ide/psinit/ps7_init.tcl' is done.
16:46:34 INFO  : 'ps7_init' command is executed.
16:46:34 INFO  : 'ps7_post_config' command is executed.
16:46:34 INFO  : Context for processor 'ps7_cortexa9_0' is selected.
16:46:35 INFO  : The application '/users/students/r0933784/DDP/sw_package_2026/sw_project/project_sw/sw_design/Debug/sw_design.elf' is downloaded to processor 'ps7_cortexa9_0'.
16:46:35 INFO  : 'configparams force-mem-access 0' command is executed.
16:46:35 INFO  : ----------------XSDB Script----------------
connect -url tcp:127.0.0.1:3121
targets -set -nocase -filter {name =~"APU*"}
rst -system
after 3000
targets -set -filter {jtag_cable_name =~ "Xilinx TUL 1234-tulA" && level==0 && jtag_device_ctx=="jsn-TUL-1234-tulA-23727093-0"}
fpga -file /users/students/r0933784/DDP/sw_package_2026/sw_project/project_sw/sw_design/_ide/bitstream/rsa_project_wrapper.bit
targets -set -nocase -filter {name =~"APU*"}
loadhw -hw /users/students/r0933784/DDP/sw_package_2026/sw_project/project_sw/ecc_project_wrapper/export/ecc_project_wrapper/hw/ecc_project_wrapper.xsa -mem-ranges [list {0x40000000 0xbfffffff}] -regs
configparams force-mem-access 1
targets -set -nocase -filter {name =~"APU*"}
source /users/students/r0933784/DDP/sw_package_2026/sw_project/project_sw/sw_design/_ide/psinit/ps7_init.tcl
ps7_init
ps7_post_config
targets -set -nocase -filter {name =~ "*A9*#0"}
dow /users/students/r0933784/DDP/sw_package_2026/sw_project/project_sw/sw_design/Debug/sw_design.elf
configparams force-mem-access 0
----------------End of Script----------------

16:46:35 INFO  : Context for processor 'ps7_cortexa9_0' is selected.
16:46:35 INFO  : 'con' command is executed.
16:46:35 INFO  : ----------------XSDB Script (After Launch)----------------
targets -set -nocase -filter {name =~ "*A9*#0"}
con
----------------End of Script----------------

16:46:35 INFO  : Launch script is exported to file '/users/students/r0933784/DDP/sw_package_2026/sw_project/project_sw/sw_design_system/_ide/scripts/systemdebugger_sw_design_system_standalone.tcl'
16:49:16 INFO  : Disconnected from the channel tcfchan#1.
16:49:17 INFO  : Connected to target on host '127.0.0.1' and port '3121'.
16:49:20 INFO  : Jtag cable 'Xilinx TUL 1234-tulA' is selected.
16:49:20 INFO  : 'jtag frequency' command is executed.
16:49:20 INFO  : Context for 'APU' is selected.
16:49:20 INFO  : System reset is completed.
16:49:23 INFO  : 'after 3000' command is executed.
16:49:23 INFO  : 'targets -set -filter {jtag_cable_name =~ "Xilinx TUL 1234-tulA" && level==0 && jtag_device_ctx=="jsn-TUL-1234-tulA-23727093-0"}' command is executed.
16:49:25 INFO  : Device configured successfully with "/users/students/r0933784/DDP/sw_package_2026/sw_project/project_sw/sw_design/_ide/bitstream/rsa_project_wrapper.bit"
16:49:25 INFO  : Context for 'APU' is selected.
16:49:27 INFO  : Hardware design and registers information is loaded from '/users/students/r0933784/DDP/sw_package_2026/sw_project/project_sw/ecc_project_wrapper/export/ecc_project_wrapper/hw/ecc_project_wrapper.xsa'.
16:49:27 INFO  : 'configparams force-mem-access 1' command is executed.
16:49:27 INFO  : Context for 'APU' is selected.
16:49:27 INFO  : Sourcing of '/users/students/r0933784/DDP/sw_package_2026/sw_project/project_sw/sw_design/_ide/psinit/ps7_init.tcl' is done.
16:49:27 INFO  : 'ps7_init' command is executed.
16:49:27 INFO  : 'ps7_post_config' command is executed.
16:49:27 INFO  : Context for processor 'ps7_cortexa9_0' is selected.
16:49:27 INFO  : The application '/users/students/r0933784/DDP/sw_package_2026/sw_project/project_sw/sw_design/Debug/sw_design.elf' is downloaded to processor 'ps7_cortexa9_0'.
16:49:27 INFO  : 'configparams force-mem-access 0' command is executed.
16:49:27 INFO  : ----------------XSDB Script----------------
connect -url tcp:127.0.0.1:3121
targets -set -nocase -filter {name =~"APU*"}
rst -system
after 3000
targets -set -filter {jtag_cable_name =~ "Xilinx TUL 1234-tulA" && level==0 && jtag_device_ctx=="jsn-TUL-1234-tulA-23727093-0"}
fpga -file /users/students/r0933784/DDP/sw_package_2026/sw_project/project_sw/sw_design/_ide/bitstream/rsa_project_wrapper.bit
targets -set -nocase -filter {name =~"APU*"}
loadhw -hw /users/students/r0933784/DDP/sw_package_2026/sw_project/project_sw/ecc_project_wrapper/export/ecc_project_wrapper/hw/ecc_project_wrapper.xsa -mem-ranges [list {0x40000000 0xbfffffff}] -regs
configparams force-mem-access 1
targets -set -nocase -filter {name =~"APU*"}
source /users/students/r0933784/DDP/sw_package_2026/sw_project/project_sw/sw_design/_ide/psinit/ps7_init.tcl
ps7_init
ps7_post_config
targets -set -nocase -filter {name =~ "*A9*#0"}
dow /users/students/r0933784/DDP/sw_package_2026/sw_project/project_sw/sw_design/Debug/sw_design.elf
configparams force-mem-access 0
----------------End of Script----------------

16:49:27 INFO  : Context for processor 'ps7_cortexa9_0' is selected.
16:49:28 INFO  : 'con' command is executed.
16:49:28 INFO  : ----------------XSDB Script (After Launch)----------------
targets -set -nocase -filter {name =~ "*A9*#0"}
con
----------------End of Script----------------

16:49:28 INFO  : Launch script is exported to file '/users/students/r0933784/DDP/sw_package_2026/sw_project/project_sw/sw_design_system/_ide/scripts/debugger_sw_design-default.tcl'
16:55:20 INFO  : Disconnected from the channel tcfchan#2.
16:55:21 INFO  : Connected to target on host '127.0.0.1' and port '3121'.
16:55:21 INFO  : Jtag cable 'Xilinx TUL 1234-tulA' is selected.
16:55:21 INFO  : 'jtag frequency' command is executed.
16:55:21 INFO  : Context for 'APU' is selected.
16:55:21 INFO  : System reset is completed.
16:55:24 INFO  : 'after 3000' command is executed.
16:55:24 INFO  : 'targets -set -filter {jtag_cable_name =~ "Xilinx TUL 1234-tulA" && level==0 && jtag_device_ctx=="jsn-TUL-1234-tulA-23727093-0"}' command is executed.
16:55:26 INFO  : Device configured successfully with "/users/students/r0933784/DDP/sw_package_2026/sw_project/project_sw/sw_design/_ide/bitstream/rsa_project_wrapper.bit"
16:55:27 INFO  : Context for 'APU' is selected.
16:55:28 INFO  : Hardware design and registers information is loaded from '/users/students/r0933784/DDP/sw_package_2026/sw_project/project_sw/ecc_project_wrapper/export/ecc_project_wrapper/hw/ecc_project_wrapper.xsa'.
16:55:28 INFO  : 'configparams force-mem-access 1' command is executed.
16:55:28 INFO  : Context for 'APU' is selected.
16:55:28 INFO  : Sourcing of '/users/students/r0933784/DDP/sw_package_2026/sw_project/project_sw/sw_design/_ide/psinit/ps7_init.tcl' is done.
16:55:28 INFO  : 'ps7_init' command is executed.
16:55:28 INFO  : 'ps7_post_config' command is executed.
16:55:28 INFO  : Context for processor 'ps7_cortexa9_0' is selected.
16:55:28 INFO  : The application '/users/students/r0933784/DDP/sw_package_2026/sw_project/project_sw/sw_design/Debug/sw_design.elf' is downloaded to processor 'ps7_cortexa9_0'.
16:55:29 INFO  : 'configparams force-mem-access 0' command is executed.
16:55:29 INFO  : ----------------XSDB Script----------------
connect -url tcp:127.0.0.1:3121
targets -set -nocase -filter {name =~"APU*"}
rst -system
after 3000
targets -set -filter {jtag_cable_name =~ "Xilinx TUL 1234-tulA" && level==0 && jtag_device_ctx=="jsn-TUL-1234-tulA-23727093-0"}
fpga -file /users/students/r0933784/DDP/sw_package_2026/sw_project/project_sw/sw_design/_ide/bitstream/rsa_project_wrapper.bit
targets -set -nocase -filter {name =~"APU*"}
loadhw -hw /users/students/r0933784/DDP/sw_package_2026/sw_project/project_sw/ecc_project_wrapper/export/ecc_project_wrapper/hw/ecc_project_wrapper.xsa -mem-ranges [list {0x40000000 0xbfffffff}] -regs
configparams force-mem-access 1
targets -set -nocase -filter {name =~"APU*"}
source /users/students/r0933784/DDP/sw_package_2026/sw_project/project_sw/sw_design/_ide/psinit/ps7_init.tcl
ps7_init
ps7_post_config
targets -set -nocase -filter {name =~ "*A9*#0"}
dow /users/students/r0933784/DDP/sw_package_2026/sw_project/project_sw/sw_design/Debug/sw_design.elf
configparams force-mem-access 0
----------------End of Script----------------

16:55:29 INFO  : Context for processor 'ps7_cortexa9_0' is selected.
16:55:29 INFO  : 'con' command is executed.
16:55:29 INFO  : ----------------XSDB Script (After Launch)----------------
targets -set -nocase -filter {name =~ "*A9*#0"}
con
----------------End of Script----------------

16:55:29 INFO  : Launch script is exported to file '/users/students/r0933784/DDP/sw_package_2026/sw_project/project_sw/sw_design_system/_ide/scripts/systemdebugger_sw_design_system_standalone.tcl'
16:55:43 INFO  : Checking for BSP changes to sync application flags for project 'sw_design'...
16:55:46 ERROR : (XSDB Server)ERROR: [Hsi 55-1571] The design file /users/students/r0933784/DDP/sw_package_2026/sw_project/project_sw/ecc_project_wrapper/export/ecc_project_wrapper/hw/ecc_project_wrapper.xsa is already opened

16:56:14 INFO  : Connected to target on host '127.0.0.1' and port '3121'.
16:56:14 INFO  : Jtag cable 'Xilinx TUL 1234-tulA' is selected.
16:56:14 INFO  : 'jtag frequency' command is executed.
16:56:14 INFO  : Context for 'APU' is selected.
16:56:14 INFO  : System reset is completed.
16:56:17 INFO  : 'after 3000' command is executed.
16:56:17 INFO  : 'targets -set -filter {jtag_cable_name =~ "Xilinx TUL 1234-tulA" && level==0 && jtag_device_ctx=="jsn-TUL-1234-tulA-23727093-0"}' command is executed.
16:56:20 INFO  : Device configured successfully with "/users/students/r0933784/DDP/sw_package_2026/sw_project/project_sw/sw_design/_ide/bitstream/rsa_project_wrapper.bit"
16:56:20 INFO  : Context for 'APU' is selected.
16:56:20 INFO  : Hardware design and registers information is loaded from '/users/students/r0933784/DDP/sw_package_2026/sw_project/project_sw/ecc_project_wrapper/export/ecc_project_wrapper/hw/ecc_project_wrapper.xsa'.
16:56:20 INFO  : 'configparams force-mem-access 1' command is executed.
16:56:20 INFO  : Context for 'APU' is selected.
16:56:20 INFO  : Sourcing of '/users/students/r0933784/DDP/sw_package_2026/sw_project/project_sw/sw_design/_ide/psinit/ps7_init.tcl' is done.
16:56:20 INFO  : 'ps7_init' command is executed.
16:56:20 INFO  : 'ps7_post_config' command is executed.
16:56:20 INFO  : Context for processor 'ps7_cortexa9_0' is selected.
16:56:20 INFO  : The application '/users/students/r0933784/DDP/sw_package_2026/sw_project/project_sw/sw_design/Debug/sw_design.elf' is downloaded to processor 'ps7_cortexa9_0'.
16:56:20 INFO  : 'configparams force-mem-access 0' command is executed.
16:56:20 INFO  : ----------------XSDB Script----------------
connect -url tcp:127.0.0.1:3121
targets -set -nocase -filter {name =~"APU*"}
rst -system
after 3000
targets -set -filter {jtag_cable_name =~ "Xilinx TUL 1234-tulA" && level==0 && jtag_device_ctx=="jsn-TUL-1234-tulA-23727093-0"}
fpga -file /users/students/r0933784/DDP/sw_package_2026/sw_project/project_sw/sw_design/_ide/bitstream/rsa_project_wrapper.bit
targets -set -nocase -filter {name =~"APU*"}
loadhw -hw /users/students/r0933784/DDP/sw_package_2026/sw_project/project_sw/ecc_project_wrapper/export/ecc_project_wrapper/hw/ecc_project_wrapper.xsa -mem-ranges [list {0x40000000 0xbfffffff}] -regs
configparams force-mem-access 1
targets -set -nocase -filter {name =~"APU*"}
source /users/students/r0933784/DDP/sw_package_2026/sw_project/project_sw/sw_design/_ide/psinit/ps7_init.tcl
ps7_init
ps7_post_config
targets -set -nocase -filter {name =~ "*A9*#0"}
dow /users/students/r0933784/DDP/sw_package_2026/sw_project/project_sw/sw_design/Debug/sw_design.elf
configparams force-mem-access 0
----------------End of Script----------------

16:56:20 INFO  : Context for processor 'ps7_cortexa9_0' is selected.
16:56:20 INFO  : 'con' command is executed.
16:56:20 INFO  : ----------------XSDB Script (After Launch)----------------
targets -set -nocase -filter {name =~ "*A9*#0"}
con
----------------End of Script----------------

16:56:20 INFO  : Launch script is exported to file '/users/students/r0933784/DDP/sw_package_2026/sw_project/project_sw/sw_design_system/_ide/scripts/debugger_sw_design-default.tcl'
17:07:23 INFO  : Checking for BSP changes to sync application flags for project 'sw_design'...
17:07:27 ERROR : (XSDB Server)ERROR: [Hsi 55-1571] The design file /users/students/r0933784/DDP/sw_package_2026/sw_project/project_sw/ecc_project_wrapper/export/ecc_project_wrapper/hw/ecc_project_wrapper.xsa is already opened

17:09:56 INFO  : Disconnected from the channel tcfchan#3.
17:09:57 INFO  : Connected to target on host '127.0.0.1' and port '3121'.
17:09:58 INFO  : Jtag cable 'Xilinx TUL 1234-tulA' is selected.
17:09:58 INFO  : 'jtag frequency' command is executed.
17:09:58 INFO  : Context for 'APU' is selected.
17:09:58 INFO  : System reset is completed.
17:10:01 INFO  : 'after 3000' command is executed.
17:10:01 INFO  : 'targets -set -filter {jtag_cable_name =~ "Xilinx TUL 1234-tulA" && level==0 && jtag_device_ctx=="jsn-TUL-1234-tulA-23727093-0"}' command is executed.
17:10:03 INFO  : Device configured successfully with "/users/students/r0933784/DDP/sw_package_2026/sw_project/project_sw/sw_design/_ide/bitstream/rsa_project_wrapper.bit"
17:10:03 INFO  : Context for 'APU' is selected.
17:10:05 INFO  : Hardware design and registers information is loaded from '/users/students/r0933784/DDP/sw_package_2026/sw_project/project_sw/ecc_project_wrapper/export/ecc_project_wrapper/hw/ecc_project_wrapper.xsa'.
17:10:05 INFO  : 'configparams force-mem-access 1' command is executed.
17:10:05 INFO  : Context for 'APU' is selected.
17:10:05 INFO  : Sourcing of '/users/students/r0933784/DDP/sw_package_2026/sw_project/project_sw/sw_design/_ide/psinit/ps7_init.tcl' is done.
17:10:05 INFO  : 'ps7_init' command is executed.
17:10:05 INFO  : 'ps7_post_config' command is executed.
17:10:05 INFO  : Context for processor 'ps7_cortexa9_0' is selected.
17:10:05 INFO  : The application '/users/students/r0933784/DDP/sw_package_2026/sw_project/project_sw/sw_design/Debug/sw_design.elf' is downloaded to processor 'ps7_cortexa9_0'.
17:10:05 INFO  : 'configparams force-mem-access 0' command is executed.
17:10:05 INFO  : ----------------XSDB Script----------------
connect -url tcp:127.0.0.1:3121
targets -set -nocase -filter {name =~"APU*"}
rst -system
after 3000
targets -set -filter {jtag_cable_name =~ "Xilinx TUL 1234-tulA" && level==0 && jtag_device_ctx=="jsn-TUL-1234-tulA-23727093-0"}
fpga -file /users/students/r0933784/DDP/sw_package_2026/sw_project/project_sw/sw_design/_ide/bitstream/rsa_project_wrapper.bit
targets -set -nocase -filter {name =~"APU*"}
loadhw -hw /users/students/r0933784/DDP/sw_package_2026/sw_project/project_sw/ecc_project_wrapper/export/ecc_project_wrapper/hw/ecc_project_wrapper.xsa -mem-ranges [list {0x40000000 0xbfffffff}] -regs
configparams force-mem-access 1
targets -set -nocase -filter {name =~"APU*"}
source /users/students/r0933784/DDP/sw_package_2026/sw_project/project_sw/sw_design/_ide/psinit/ps7_init.tcl
ps7_init
ps7_post_config
targets -set -nocase -filter {name =~ "*A9*#0"}
dow /users/students/r0933784/DDP/sw_package_2026/sw_project/project_sw/sw_design/Debug/sw_design.elf
configparams force-mem-access 0
----------------End of Script----------------

17:10:05 INFO  : Context for processor 'ps7_cortexa9_0' is selected.
17:10:05 INFO  : 'con' command is executed.
17:10:05 INFO  : ----------------XSDB Script (After Launch)----------------
targets -set -nocase -filter {name =~ "*A9*#0"}
con
----------------End of Script----------------

17:10:05 INFO  : Launch script is exported to file '/users/students/r0933784/DDP/sw_package_2026/sw_project/project_sw/sw_design_system/_ide/scripts/debugger_sw_design-default.tcl'
17:22:46 INFO  : Checking for BSP changes to sync application flags for project 'sw_design'...
17:23:51 INFO  : Checking for BSP changes to sync application flags for project 'sw_design'...
17:23:54 ERROR : (XSDB Server)ERROR: [Hsi 55-1571] The design file /users/students/r0933784/DDP/sw_package_2026/sw_project/project_sw/ecc_project_wrapper/export/ecc_project_wrapper/hw/ecc_project_wrapper.xsa is already opened

17:24:11 INFO  : Disconnected from the channel tcfchan#6.
17:24:12 INFO  : Connected to target on host '127.0.0.1' and port '3121'.
17:24:13 INFO  : Jtag cable 'Xilinx TUL 1234-tulA' is selected.
17:24:13 INFO  : 'jtag frequency' command is executed.
17:24:13 INFO  : Context for 'APU' is selected.
17:24:13 INFO  : System reset is completed.
17:24:16 INFO  : 'after 3000' command is executed.
17:24:16 INFO  : 'targets -set -filter {jtag_cable_name =~ "Xilinx TUL 1234-tulA" && level==0 && jtag_device_ctx=="jsn-TUL-1234-tulA-23727093-0"}' command is executed.
17:24:18 INFO  : Device configured successfully with "/users/students/r0933784/DDP/sw_package_2026/sw_project/project_sw/sw_design/_ide/bitstream/rsa_project_wrapper.bit"
17:24:18 INFO  : Context for 'APU' is selected.
17:24:20 INFO  : Hardware design and registers information is loaded from '/users/students/r0933784/DDP/sw_package_2026/sw_project/project_sw/ecc_project_wrapper/export/ecc_project_wrapper/hw/ecc_project_wrapper.xsa'.
17:24:20 INFO  : 'configparams force-mem-access 1' command is executed.
17:24:20 INFO  : Context for 'APU' is selected.
17:24:20 INFO  : Sourcing of '/users/students/r0933784/DDP/sw_package_2026/sw_project/project_sw/sw_design/_ide/psinit/ps7_init.tcl' is done.
17:24:20 INFO  : 'ps7_init' command is executed.
17:24:20 INFO  : 'ps7_post_config' command is executed.
17:24:20 INFO  : Context for processor 'ps7_cortexa9_0' is selected.
17:24:20 INFO  : The application '/users/students/r0933784/DDP/sw_package_2026/sw_project/project_sw/sw_design/Debug/sw_design.elf' is downloaded to processor 'ps7_cortexa9_0'.
17:24:20 INFO  : 'configparams force-mem-access 0' command is executed.
17:24:20 INFO  : ----------------XSDB Script----------------
connect -url tcp:127.0.0.1:3121
targets -set -nocase -filter {name =~"APU*"}
rst -system
after 3000
targets -set -filter {jtag_cable_name =~ "Xilinx TUL 1234-tulA" && level==0 && jtag_device_ctx=="jsn-TUL-1234-tulA-23727093-0"}
fpga -file /users/students/r0933784/DDP/sw_package_2026/sw_project/project_sw/sw_design/_ide/bitstream/rsa_project_wrapper.bit
targets -set -nocase -filter {name =~"APU*"}
loadhw -hw /users/students/r0933784/DDP/sw_package_2026/sw_project/project_sw/ecc_project_wrapper/export/ecc_project_wrapper/hw/ecc_project_wrapper.xsa -mem-ranges [list {0x40000000 0xbfffffff}] -regs
configparams force-mem-access 1
targets -set -nocase -filter {name =~"APU*"}
source /users/students/r0933784/DDP/sw_package_2026/sw_project/project_sw/sw_design/_ide/psinit/ps7_init.tcl
ps7_init
ps7_post_config
targets -set -nocase -filter {name =~ "*A9*#0"}
dow /users/students/r0933784/DDP/sw_package_2026/sw_project/project_sw/sw_design/Debug/sw_design.elf
configparams force-mem-access 0
----------------End of Script----------------

17:24:20 INFO  : Context for processor 'ps7_cortexa9_0' is selected.
17:24:21 INFO  : 'con' command is executed.
17:24:21 INFO  : ----------------XSDB Script (After Launch)----------------
targets -set -nocase -filter {name =~ "*A9*#0"}
con
----------------End of Script----------------

17:24:21 INFO  : Launch script is exported to file '/users/students/r0933784/DDP/sw_package_2026/sw_project/project_sw/sw_design_system/_ide/scripts/debugger_sw_design-default.tcl'
17:24:44 INFO  : Checking for BSP changes to sync application flags for project 'sw_design'...
17:24:47 ERROR : (XSDB Server)ERROR: [Hsi 55-1571] The design file /users/students/r0933784/DDP/sw_package_2026/sw_project/project_sw/ecc_project_wrapper/export/ecc_project_wrapper/hw/ecc_project_wrapper.xsa is already opened

17:24:55 INFO  : Disconnected from the channel tcfchan#8.
17:24:56 INFO  : Connected to target on host '127.0.0.1' and port '3121'.
17:24:56 INFO  : Jtag cable 'Xilinx TUL 1234-tulA' is selected.
17:24:56 INFO  : 'jtag frequency' command is executed.
17:24:57 INFO  : Context for 'APU' is selected.
17:24:57 INFO  : System reset is completed.
17:25:00 INFO  : 'after 3000' command is executed.
17:25:00 INFO  : 'targets -set -filter {jtag_cable_name =~ "Xilinx TUL 1234-tulA" && level==0 && jtag_device_ctx=="jsn-TUL-1234-tulA-23727093-0"}' command is executed.
17:25:02 INFO  : Device configured successfully with "/users/students/r0933784/DDP/sw_package_2026/sw_project/project_sw/sw_design/_ide/bitstream/rsa_project_wrapper.bit"
17:25:02 INFO  : Context for 'APU' is selected.
17:25:03 INFO  : Hardware design and registers information is loaded from '/users/students/r0933784/DDP/sw_package_2026/sw_project/project_sw/ecc_project_wrapper/export/ecc_project_wrapper/hw/ecc_project_wrapper.xsa'.
17:25:03 INFO  : 'configparams force-mem-access 1' command is executed.
17:25:04 INFO  : Context for 'APU' is selected.
17:25:04 INFO  : Sourcing of '/users/students/r0933784/DDP/sw_package_2026/sw_project/project_sw/sw_design/_ide/psinit/ps7_init.tcl' is done.
17:25:04 INFO  : 'ps7_init' command is executed.
17:25:04 INFO  : 'ps7_post_config' command is executed.
17:25:04 INFO  : Context for processor 'ps7_cortexa9_0' is selected.
17:25:04 INFO  : The application '/users/students/r0933784/DDP/sw_package_2026/sw_project/project_sw/sw_design/Debug/sw_design.elf' is downloaded to processor 'ps7_cortexa9_0'.
17:25:04 INFO  : 'configparams force-mem-access 0' command is executed.
17:25:04 INFO  : ----------------XSDB Script----------------
connect -url tcp:127.0.0.1:3121
targets -set -nocase -filter {name =~"APU*"}
rst -system
after 3000
targets -set -filter {jtag_cable_name =~ "Xilinx TUL 1234-tulA" && level==0 && jtag_device_ctx=="jsn-TUL-1234-tulA-23727093-0"}
fpga -file /users/students/r0933784/DDP/sw_package_2026/sw_project/project_sw/sw_design/_ide/bitstream/rsa_project_wrapper.bit
targets -set -nocase -filter {name =~"APU*"}
loadhw -hw /users/students/r0933784/DDP/sw_package_2026/sw_project/project_sw/ecc_project_wrapper/export/ecc_project_wrapper/hw/ecc_project_wrapper.xsa -mem-ranges [list {0x40000000 0xbfffffff}] -regs
configparams force-mem-access 1
targets -set -nocase -filter {name =~"APU*"}
source /users/students/r0933784/DDP/sw_package_2026/sw_project/project_sw/sw_design/_ide/psinit/ps7_init.tcl
ps7_init
ps7_post_config
targets -set -nocase -filter {name =~ "*A9*#0"}
dow /users/students/r0933784/DDP/sw_package_2026/sw_project/project_sw/sw_design/Debug/sw_design.elf
configparams force-mem-access 0
----------------End of Script----------------

17:25:04 INFO  : Context for processor 'ps7_cortexa9_0' is selected.
17:25:04 INFO  : 'con' command is executed.
17:25:04 INFO  : ----------------XSDB Script (After Launch)----------------
targets -set -nocase -filter {name =~ "*A9*#0"}
con
----------------End of Script----------------

17:25:04 INFO  : Launch script is exported to file '/users/students/r0933784/DDP/sw_package_2026/sw_project/project_sw/sw_design_system/_ide/scripts/debugger_sw_design-default.tcl'
17:35:36 INFO  : Checking for BSP changes to sync application flags for project 'sw_design'...
17:35:59 INFO  : Checking for BSP changes to sync application flags for project 'sw_design'...
17:36:02 ERROR : (XSDB Server)ERROR: [Hsi 55-1571] The design file /users/students/r0933784/DDP/sw_package_2026/sw_project/project_sw/ecc_project_wrapper/export/ecc_project_wrapper/hw/ecc_project_wrapper.xsa is already opened

17:36:36 WARN  : channel "tcfchan#3" closed
17:36:38 INFO  : Disconnected from the channel tcfchan#10.
17:36:39 INFO  : Connected to target on host '127.0.0.1' and port '3121'.
17:36:41 INFO  : Jtag cable 'Xilinx TUL 1234-tulA' is selected.
17:36:41 INFO  : 'jtag frequency' command is executed.
17:36:41 INFO  : Context for 'APU' is selected.
17:36:41 INFO  : System reset is completed.
17:36:44 INFO  : 'after 3000' command is executed.
17:36:44 INFO  : 'targets -set -filter {jtag_cable_name =~ "Xilinx TUL 1234-tulA" && level==0 && jtag_device_ctx=="jsn-TUL-1234-tulA-23727093-0"}' command is executed.
17:36:46 INFO  : Device configured successfully with "/users/students/r0933784/DDP/sw_package_2026/sw_project/project_sw/sw_design/_ide/bitstream/rsa_project_wrapper.bit"
17:36:47 INFO  : Context for 'APU' is selected.
17:36:48 INFO  : Hardware design and registers information is loaded from '/users/students/r0933784/DDP/sw_package_2026/sw_project/project_sw/ecc_project_wrapper/export/ecc_project_wrapper/hw/ecc_project_wrapper.xsa'.
17:36:48 INFO  : 'configparams force-mem-access 1' command is executed.
17:36:48 INFO  : Context for 'APU' is selected.
17:36:48 INFO  : Sourcing of '/users/students/r0933784/DDP/sw_package_2026/sw_project/project_sw/sw_design/_ide/psinit/ps7_init.tcl' is done.
17:36:48 INFO  : 'ps7_init' command is executed.
17:36:48 INFO  : 'ps7_post_config' command is executed.
17:36:48 INFO  : Context for processor 'ps7_cortexa9_0' is selected.
17:36:49 INFO  : The application '/users/students/r0933784/DDP/sw_package_2026/sw_project/project_sw/sw_design/Debug/sw_design.elf' is downloaded to processor 'ps7_cortexa9_0'.
17:36:49 INFO  : 'configparams force-mem-access 0' command is executed.
17:36:49 INFO  : ----------------XSDB Script----------------
connect -url tcp:127.0.0.1:3121
targets -set -nocase -filter {name =~"APU*"}
rst -system
after 3000
targets -set -filter {jtag_cable_name =~ "Xilinx TUL 1234-tulA" && level==0 && jtag_device_ctx=="jsn-TUL-1234-tulA-23727093-0"}
fpga -file /users/students/r0933784/DDP/sw_package_2026/sw_project/project_sw/sw_design/_ide/bitstream/rsa_project_wrapper.bit
targets -set -nocase -filter {name =~"APU*"}
loadhw -hw /users/students/r0933784/DDP/sw_package_2026/sw_project/project_sw/ecc_project_wrapper/export/ecc_project_wrapper/hw/ecc_project_wrapper.xsa -mem-ranges [list {0x40000000 0xbfffffff}] -regs
configparams force-mem-access 1
targets -set -nocase -filter {name =~"APU*"}
source /users/students/r0933784/DDP/sw_package_2026/sw_project/project_sw/sw_design/_ide/psinit/ps7_init.tcl
ps7_init
ps7_post_config
targets -set -nocase -filter {name =~ "*A9*#0"}
dow /users/students/r0933784/DDP/sw_package_2026/sw_project/project_sw/sw_design/Debug/sw_design.elf
configparams force-mem-access 0
----------------End of Script----------------

17:36:49 INFO  : Context for processor 'ps7_cortexa9_0' is selected.
17:36:49 INFO  : 'con' command is executed.
17:36:49 INFO  : ----------------XSDB Script (After Launch)----------------
targets -set -nocase -filter {name =~ "*A9*#0"}
con
----------------End of Script----------------

17:36:49 INFO  : Launch script is exported to file '/users/students/r0933784/DDP/sw_package_2026/sw_project/project_sw/sw_design_system/_ide/scripts/systemdebugger_sw_design_system_standalone.tcl'
17:37:55 INFO  : Checking for BSP changes to sync application flags for project 'sw_design'...
17:37:57 ERROR : (XSDB Server)ERROR: [Hsi 55-1571] The design file /users/students/r0933784/DDP/sw_package_2026/sw_project/project_sw/ecc_project_wrapper/export/ecc_project_wrapper/hw/ecc_project_wrapper.xsa is already opened

17:39:28 INFO  : Disconnected from the channel tcfchan#12.
17:39:28 INFO  : Connected to target on host '127.0.0.1' and port '3121'.
17:39:28 INFO  : Jtag cable 'Xilinx TUL 1234-tulA' is selected.
17:39:28 INFO  : 'jtag frequency' command is executed.
17:39:28 INFO  : Context for 'APU' is selected.
17:39:28 INFO  : System reset is completed.
17:39:31 INFO  : 'after 3000' command is executed.
17:39:31 INFO  : 'targets -set -filter {jtag_cable_name =~ "Xilinx TUL 1234-tulA" && level==0 && jtag_device_ctx=="jsn-TUL-1234-tulA-23727093-0"}' command is executed.
17:39:34 INFO  : Device configured successfully with "/users/students/r0933784/DDP/sw_package_2026/sw_project/project_sw/sw_design/_ide/bitstream/rsa_project_wrapper.bit"
17:39:34 INFO  : Context for 'APU' is selected.
17:39:36 INFO  : Hardware design and registers information is loaded from '/users/students/r0933784/DDP/sw_package_2026/sw_project/project_sw/ecc_project_wrapper/export/ecc_project_wrapper/hw/ecc_project_wrapper.xsa'.
17:39:36 INFO  : 'configparams force-mem-access 1' command is executed.
17:39:36 INFO  : Context for 'APU' is selected.
17:39:36 INFO  : Sourcing of '/users/students/r0933784/DDP/sw_package_2026/sw_project/project_sw/sw_design/_ide/psinit/ps7_init.tcl' is done.
17:39:36 INFO  : 'ps7_init' command is executed.
17:39:36 INFO  : 'ps7_post_config' command is executed.
17:39:36 INFO  : Context for processor 'ps7_cortexa9_0' is selected.
17:39:36 INFO  : The application '/users/students/r0933784/DDP/sw_package_2026/sw_project/project_sw/sw_design/Debug/sw_design.elf' is downloaded to processor 'ps7_cortexa9_0'.
17:39:36 INFO  : 'configparams force-mem-access 0' command is executed.
17:39:36 INFO  : ----------------XSDB Script----------------
connect -url tcp:127.0.0.1:3121
targets -set -nocase -filter {name =~"APU*"}
rst -system
after 3000
targets -set -filter {jtag_cable_name =~ "Xilinx TUL 1234-tulA" && level==0 && jtag_device_ctx=="jsn-TUL-1234-tulA-23727093-0"}
fpga -file /users/students/r0933784/DDP/sw_package_2026/sw_project/project_sw/sw_design/_ide/bitstream/rsa_project_wrapper.bit
targets -set -nocase -filter {name =~"APU*"}
loadhw -hw /users/students/r0933784/DDP/sw_package_2026/sw_project/project_sw/ecc_project_wrapper/export/ecc_project_wrapper/hw/ecc_project_wrapper.xsa -mem-ranges [list {0x40000000 0xbfffffff}] -regs
configparams force-mem-access 1
targets -set -nocase -filter {name =~"APU*"}
source /users/students/r0933784/DDP/sw_package_2026/sw_project/project_sw/sw_design/_ide/psinit/ps7_init.tcl
ps7_init
ps7_post_config
targets -set -nocase -filter {name =~ "*A9*#0"}
dow /users/students/r0933784/DDP/sw_package_2026/sw_project/project_sw/sw_design/Debug/sw_design.elf
configparams force-mem-access 0
----------------End of Script----------------

17:39:36 INFO  : Context for processor 'ps7_cortexa9_0' is selected.
17:39:36 INFO  : 'con' command is executed.
17:39:36 INFO  : ----------------XSDB Script (After Launch)----------------
targets -set -nocase -filter {name =~ "*A9*#0"}
con
----------------End of Script----------------

17:39:36 INFO  : Launch script is exported to file '/users/students/r0933784/DDP/sw_package_2026/sw_project/project_sw/sw_design_system/_ide/scripts/systemdebugger_sw_design_system_standalone.tcl'
17:43:51 INFO  : Checking for BSP changes to sync application flags for project 'sw_design'...
17:48:38 INFO  : Disconnected from the channel tcfchan#14.
17:49:06 DEBUG : Logs will be stored at '/users/students/r0933784/DDP/sw_package_2026/sw_project/project_sw/IDE.log'.
17:49:07 INFO  : Launching XSCT server: xsct -n  -interactive /users/students/r0933784/DDP/sw_package_2026/sw_project/project_sw/temp_xsdb_launch_script.tcl
17:49:09 INFO  : XSCT server has started successfully.
17:49:09 INFO  : Successfully done setting XSCT server connection channel  
17:49:09 INFO  : plnx-install-location is set to ''
17:49:09 INFO  : Successfully done setting workspace for the tool. 
17:49:09 INFO  : Platform repository initialization has completed.
17:49:16 INFO  : Registering command handlers for Vitis TCF services
17:49:17 INFO  : Successfully done query RDI_DATADIR 
17:49:55 INFO  : Checking for BSP changes to sync application flags for project 'sw_design'...
17:49:59 ERROR : (XSDB Server)ERROR: [Hsi 55-1571] The design file /users/students/r0933784/DDP/sw_package_2026/sw_project/project_sw/ecc_project_wrapper/export/ecc_project_wrapper/hw/ecc_project_wrapper.xsa is already opened

17:50:36 INFO  : Connected to target on host '127.0.0.1' and port '3121'.
17:50:36 INFO  : Jtag cable 'Xilinx TUL 1234-tulA' is selected.
17:50:36 INFO  : 'jtag frequency' command is executed.
17:50:36 INFO  : Context for 'APU' is selected.
17:50:36 INFO  : System reset is completed.
17:50:39 INFO  : 'after 3000' command is executed.
17:50:39 INFO  : Connected to target on host '127.0.0.1' and port '3121'.
17:50:39 INFO  : 'targets -set -filter {jtag_cable_name =~ "Xilinx TUL 1234-tulA" && level==0 && jtag_device_ctx=="jsn-TUL-1234-tulA-23727093-0"}' command is executed.
17:50:42 INFO  : Device configured successfully with "/users/students/r0933784/DDP/sw_package_2026/sw_project/project_sw/sw_design/_ide/bitstream/rsa_project_wrapper.bit"
17:50:42 INFO  : Context for 'APU' is selected.
17:50:42 INFO  : Hardware design and registers information is loaded from '/users/students/r0933784/DDP/sw_package_2026/sw_project/project_sw/ecc_project_wrapper/export/ecc_project_wrapper/hw/ecc_project_wrapper.xsa'.
17:50:42 INFO  : 'configparams force-mem-access 1' command is executed.
17:50:42 INFO  : Context for 'APU' is selected.
17:50:42 INFO  : Sourcing of '/users/students/r0933784/DDP/sw_package_2026/sw_project/project_sw/sw_design/_ide/psinit/ps7_init.tcl' is done.
17:50:42 INFO  : 'ps7_init' command is executed.
17:50:42 INFO  : 'ps7_post_config' command is executed.
17:50:42 INFO  : Context for processor 'ps7_cortexa9_0' is selected.
17:50:42 INFO  : Jtag cable 'Xilinx TUL 1234-tulA' is selected.
17:50:42 INFO  : The application '/users/students/r0933784/DDP/sw_package_2026/sw_project/project_sw/sw_design/Debug/sw_design.elf' is downloaded to processor 'ps7_cortexa9_0'.
17:50:42 INFO  : 'jtag frequency' command is executed.
17:50:42 INFO  : 'configparams force-mem-access 0' command is executed.
17:50:42 INFO  : ----------------XSDB Script----------------
connect -url tcp:127.0.0.1:3121
targets -set -nocase -filter {name =~"APU*"}
rst -system
after 3000
targets -set -filter {jtag_cable_name =~ "Xilinx TUL 1234-tulA" && level==0 && jtag_device_ctx=="jsn-TUL-1234-tulA-23727093-0"}
fpga -file /users/students/r0933784/DDP/sw_package_2026/sw_project/project_sw/sw_design/_ide/bitstream/rsa_project_wrapper.bit
targets -set -nocase -filter {name =~"APU*"}
loadhw -hw /users/students/r0933784/DDP/sw_package_2026/sw_project/project_sw/ecc_project_wrapper/export/ecc_project_wrapper/hw/ecc_project_wrapper.xsa -mem-ranges [list {0x40000000 0xbfffffff}] -regs
configparams force-mem-access 1
targets -set -nocase -filter {name =~"APU*"}
source /users/students/r0933784/DDP/sw_package_2026/sw_project/project_sw/sw_design/_ide/psinit/ps7_init.tcl
ps7_init
ps7_post_config
targets -set -nocase -filter {name =~ "*A9*#0"}
dow /users/students/r0933784/DDP/sw_package_2026/sw_project/project_sw/sw_design/Debug/sw_design.elf
configparams force-mem-access 0
----------------End of Script----------------

17:50:42 INFO  : Context for 'APU' is selected.
17:50:43 INFO  : System reset is completed.
17:50:43 INFO  : Context for processor 'ps7_cortexa9_0' is selected.
17:50:46 INFO  : 'after 3000' command is executed.
17:50:46 ERROR : Already running
17:50:46 INFO  : 'targets -set -filter {jtag_cable_name =~ "Xilinx TUL 1234-tulA" && level==0 && jtag_device_ctx=="jsn-TUL-1234-tulA-23727093-0"}' command is executed.
17:50:48 INFO  : Device configured successfully with "/users/students/r0933784/DDP/sw_package_2026/sw_project/project_sw/sw_design/_ide/bitstream/rsa_project_wrapper.bit"
17:50:48 INFO  : Context for 'APU' is selected.
17:50:48 INFO  : Hardware design and registers information is loaded from '/users/students/r0933784/DDP/sw_package_2026/sw_project/project_sw/ecc_project_wrapper/export/ecc_project_wrapper/hw/ecc_project_wrapper.xsa'.
17:50:48 INFO  : 'configparams force-mem-access 1' command is executed.
17:50:48 INFO  : Context for 'APU' is selected.
17:50:48 INFO  : Sourcing of '/users/students/r0933784/DDP/sw_package_2026/sw_project/project_sw/sw_design/_ide/psinit/ps7_init.tcl' is done.
17:50:48 INFO  : 'ps7_init' command is executed.
17:50:48 INFO  : 'ps7_post_config' command is executed.
17:50:49 INFO  : Context for processor 'ps7_cortexa9_0' is selected.
17:50:49 INFO  : The application '/users/students/r0933784/DDP/sw_package_2026/sw_project/project_sw/sw_design/Debug/sw_design.elf' is downloaded to processor 'ps7_cortexa9_0'.
17:50:49 INFO  : 'configparams force-mem-access 0' command is executed.
17:50:49 INFO  : ----------------XSDB Script----------------
connect -url tcp:127.0.0.1:3121
targets -set -nocase -filter {name =~"APU*"}
rst -system
after 3000
targets -set -filter {jtag_cable_name =~ "Xilinx TUL 1234-tulA" && level==0 && jtag_device_ctx=="jsn-TUL-1234-tulA-23727093-0"}
fpga -file /users/students/r0933784/DDP/sw_package_2026/sw_project/project_sw/sw_design/_ide/bitstream/rsa_project_wrapper.bit
targets -set -nocase -filter {name =~"APU*"}
loadhw -hw /users/students/r0933784/DDP/sw_package_2026/sw_project/project_sw/ecc_project_wrapper/export/ecc_project_wrapper/hw/ecc_project_wrapper.xsa -mem-ranges [list {0x40000000 0xbfffffff}] -regs
configparams force-mem-access 1
targets -set -nocase -filter {name =~"APU*"}
source /users/students/r0933784/DDP/sw_package_2026/sw_project/project_sw/sw_design/_ide/psinit/ps7_init.tcl
ps7_init
ps7_post_config
targets -set -nocase -filter {name =~ "*A9*#0"}
dow /users/students/r0933784/DDP/sw_package_2026/sw_project/project_sw/sw_design/Debug/sw_design.elf
configparams force-mem-access 0
----------------End of Script----------------

17:50:49 INFO  : Context for processor 'ps7_cortexa9_0' is selected.
17:50:49 INFO  : 'con' command is executed.
17:50:49 INFO  : ----------------XSDB Script (After Launch)----------------
targets -set -nocase -filter {name =~ "*A9*#0"}
con
----------------End of Script----------------

17:50:49 INFO  : Launch script is exported to file '/users/students/r0933784/DDP/sw_package_2026/sw_project/project_sw/sw_design_system/_ide/scripts/systemdebugger_sw_design_system_standalone.tcl'
17:56:51 INFO  : Checking for BSP changes to sync application flags for project 'sw_design'...
17:56:54 ERROR : (XSDB Server)ERROR: [Hsi 55-1571] The design file /users/students/r0933784/DDP/sw_package_2026/sw_project/project_sw/ecc_project_wrapper/export/ecc_project_wrapper/hw/ecc_project_wrapper.xsa is already opened

17:57:03 INFO  : Disconnected from the channel tcfchan#2.
17:57:04 INFO  : Connected to target on host '127.0.0.1' and port '3121'.
17:57:04 INFO  : Jtag cable 'Xilinx TUL 1234-tulA' is selected.
17:57:04 INFO  : 'jtag frequency' command is executed.
17:57:04 INFO  : Context for 'APU' is selected.
17:57:04 INFO  : System reset is completed.
17:57:07 INFO  : 'after 3000' command is executed.
17:57:07 INFO  : 'targets -set -filter {jtag_cable_name =~ "Xilinx TUL 1234-tulA" && level==0 && jtag_device_ctx=="jsn-TUL-1234-tulA-23727093-0"}' command is executed.
17:57:09 INFO  : Device configured successfully with "/users/students/r0933784/DDP/sw_package_2026/sw_project/project_sw/sw_design/_ide/bitstream/rsa_project_wrapper.bit"
17:57:09 INFO  : Context for 'APU' is selected.
17:57:11 INFO  : Hardware design and registers information is loaded from '/users/students/r0933784/DDP/sw_package_2026/sw_project/project_sw/ecc_project_wrapper/export/ecc_project_wrapper/hw/ecc_project_wrapper.xsa'.
17:57:11 INFO  : 'configparams force-mem-access 1' command is executed.
17:57:11 INFO  : Context for 'APU' is selected.
17:57:11 INFO  : Sourcing of '/users/students/r0933784/DDP/sw_package_2026/sw_project/project_sw/sw_design/_ide/psinit/ps7_init.tcl' is done.
17:57:11 INFO  : 'ps7_init' command is executed.
17:57:11 INFO  : 'ps7_post_config' command is executed.
17:57:11 INFO  : Context for processor 'ps7_cortexa9_0' is selected.
17:57:11 INFO  : The application '/users/students/r0933784/DDP/sw_package_2026/sw_project/project_sw/sw_design/Debug/sw_design.elf' is downloaded to processor 'ps7_cortexa9_0'.
17:57:11 INFO  : 'configparams force-mem-access 0' command is executed.
17:57:11 INFO  : ----------------XSDB Script----------------
connect -url tcp:127.0.0.1:3121
targets -set -nocase -filter {name =~"APU*"}
rst -system
after 3000
targets -set -filter {jtag_cable_name =~ "Xilinx TUL 1234-tulA" && level==0 && jtag_device_ctx=="jsn-TUL-1234-tulA-23727093-0"}
fpga -file /users/students/r0933784/DDP/sw_package_2026/sw_project/project_sw/sw_design/_ide/bitstream/rsa_project_wrapper.bit
targets -set -nocase -filter {name =~"APU*"}
loadhw -hw /users/students/r0933784/DDP/sw_package_2026/sw_project/project_sw/ecc_project_wrapper/export/ecc_project_wrapper/hw/ecc_project_wrapper.xsa -mem-ranges [list {0x40000000 0xbfffffff}] -regs
configparams force-mem-access 1
targets -set -nocase -filter {name =~"APU*"}
source /users/students/r0933784/DDP/sw_package_2026/sw_project/project_sw/sw_design/_ide/psinit/ps7_init.tcl
ps7_init
ps7_post_config
targets -set -nocase -filter {name =~ "*A9*#0"}
dow /users/students/r0933784/DDP/sw_package_2026/sw_project/project_sw/sw_design/Debug/sw_design.elf
configparams force-mem-access 0
----------------End of Script----------------

17:57:11 INFO  : Context for processor 'ps7_cortexa9_0' is selected.
17:57:12 INFO  : 'con' command is executed.
17:57:12 INFO  : ----------------XSDB Script (After Launch)----------------
targets -set -nocase -filter {name =~ "*A9*#0"}
con
----------------End of Script----------------

17:57:12 INFO  : Launch script is exported to file '/users/students/r0933784/DDP/sw_package_2026/sw_project/project_sw/sw_design_system/_ide/scripts/systemdebugger_sw_design_system_standalone.tcl'
17:57:50 INFO  : Checking for BSP changes to sync application flags for project 'sw_design'...
17:57:52 ERROR : (XSDB Server)ERROR: [Hsi 55-1571] The design file /users/students/r0933784/DDP/sw_package_2026/sw_project/project_sw/ecc_project_wrapper/export/ecc_project_wrapper/hw/ecc_project_wrapper.xsa is already opened

17:58:02 INFO  : Disconnected from the channel tcfchan#4.
17:58:02 INFO  : Connected to target on host '127.0.0.1' and port '3121'.
17:58:02 INFO  : Jtag cable 'Xilinx TUL 1234-tulA' is selected.
17:58:02 INFO  : 'jtag frequency' command is executed.
17:58:02 INFO  : Context for 'APU' is selected.
17:58:02 INFO  : System reset is completed.
17:58:05 INFO  : 'after 3000' command is executed.
17:58:05 INFO  : 'targets -set -filter {jtag_cable_name =~ "Xilinx TUL 1234-tulA" && level==0 && jtag_device_ctx=="jsn-TUL-1234-tulA-23727093-0"}' command is executed.
17:58:07 INFO  : Device configured successfully with "/users/students/r0933784/DDP/sw_package_2026/sw_project/project_sw/sw_design/_ide/bitstream/rsa_project_wrapper.bit"
17:58:07 INFO  : Context for 'APU' is selected.
17:58:09 INFO  : Hardware design and registers information is loaded from '/users/students/r0933784/DDP/sw_package_2026/sw_project/project_sw/ecc_project_wrapper/export/ecc_project_wrapper/hw/ecc_project_wrapper.xsa'.
17:58:09 INFO  : 'configparams force-mem-access 1' command is executed.
17:58:09 INFO  : Context for 'APU' is selected.
17:58:09 INFO  : Sourcing of '/users/students/r0933784/DDP/sw_package_2026/sw_project/project_sw/sw_design/_ide/psinit/ps7_init.tcl' is done.
17:58:09 INFO  : 'ps7_init' command is executed.
17:58:09 INFO  : 'ps7_post_config' command is executed.
17:58:09 INFO  : Context for processor 'ps7_cortexa9_0' is selected.
17:58:09 INFO  : The application '/users/students/r0933784/DDP/sw_package_2026/sw_project/project_sw/sw_design/Debug/sw_design.elf' is downloaded to processor 'ps7_cortexa9_0'.
17:58:09 INFO  : 'configparams force-mem-access 0' command is executed.
17:58:09 INFO  : ----------------XSDB Script----------------
connect -url tcp:127.0.0.1:3121
targets -set -nocase -filter {name =~"APU*"}
rst -system
after 3000
targets -set -filter {jtag_cable_name =~ "Xilinx TUL 1234-tulA" && level==0 && jtag_device_ctx=="jsn-TUL-1234-tulA-23727093-0"}
fpga -file /users/students/r0933784/DDP/sw_package_2026/sw_project/project_sw/sw_design/_ide/bitstream/rsa_project_wrapper.bit
targets -set -nocase -filter {name =~"APU*"}
loadhw -hw /users/students/r0933784/DDP/sw_package_2026/sw_project/project_sw/ecc_project_wrapper/export/ecc_project_wrapper/hw/ecc_project_wrapper.xsa -mem-ranges [list {0x40000000 0xbfffffff}] -regs
configparams force-mem-access 1
targets -set -nocase -filter {name =~"APU*"}
source /users/students/r0933784/DDP/sw_package_2026/sw_project/project_sw/sw_design/_ide/psinit/ps7_init.tcl
ps7_init
ps7_post_config
targets -set -nocase -filter {name =~ "*A9*#0"}
dow /users/students/r0933784/DDP/sw_package_2026/sw_project/project_sw/sw_design/Debug/sw_design.elf
configparams force-mem-access 0
----------------End of Script----------------

17:58:09 INFO  : Context for processor 'ps7_cortexa9_0' is selected.
17:58:09 INFO  : 'con' command is executed.
17:58:09 INFO  : ----------------XSDB Script (After Launch)----------------
targets -set -nocase -filter {name =~ "*A9*#0"}
con
----------------End of Script----------------

17:58:09 INFO  : Launch script is exported to file '/users/students/r0933784/DDP/sw_package_2026/sw_project/project_sw/sw_design_system/_ide/scripts/systemdebugger_sw_design_system_standalone.tcl'
18:02:53 INFO  : Checking for BSP changes to sync application flags for project 'sw_design'...
18:02:57 ERROR : (XSDB Server)ERROR: [Hsi 55-1571] The design file /users/students/r0933784/DDP/sw_package_2026/sw_project/project_sw/ecc_project_wrapper/export/ecc_project_wrapper/hw/ecc_project_wrapper.xsa is already opened

18:03:10 INFO  : Disconnected from the channel tcfchan#6.
18:03:10 INFO  : Connected to target on host '127.0.0.1' and port '3121'.
18:03:10 INFO  : Jtag cable 'Xilinx TUL 1234-tulA' is selected.
18:03:10 INFO  : 'jtag frequency' command is executed.
18:03:10 INFO  : Context for 'APU' is selected.
18:03:10 INFO  : System reset is completed.
18:03:13 INFO  : 'after 3000' command is executed.
18:03:13 INFO  : 'targets -set -filter {jtag_cable_name =~ "Xilinx TUL 1234-tulA" && level==0 && jtag_device_ctx=="jsn-TUL-1234-tulA-23727093-0"}' command is executed.
18:03:16 INFO  : Device configured successfully with "/users/students/r0933784/DDP/sw_package_2026/sw_project/project_sw/sw_design/_ide/bitstream/rsa_project_wrapper.bit"
18:03:16 INFO  : Context for 'APU' is selected.
18:03:17 INFO  : Hardware design and registers information is loaded from '/users/students/r0933784/DDP/sw_package_2026/sw_project/project_sw/ecc_project_wrapper/export/ecc_project_wrapper/hw/ecc_project_wrapper.xsa'.
18:03:17 INFO  : 'configparams force-mem-access 1' command is executed.
18:03:17 INFO  : Context for 'APU' is selected.
18:03:17 INFO  : Sourcing of '/users/students/r0933784/DDP/sw_package_2026/sw_project/project_sw/sw_design/_ide/psinit/ps7_init.tcl' is done.
18:03:18 INFO  : 'ps7_init' command is executed.
18:03:18 INFO  : 'ps7_post_config' command is executed.
18:03:18 INFO  : Context for processor 'ps7_cortexa9_0' is selected.
18:03:18 INFO  : The application '/users/students/r0933784/DDP/sw_package_2026/sw_project/project_sw/sw_design/Debug/sw_design.elf' is downloaded to processor 'ps7_cortexa9_0'.
18:03:18 INFO  : 'configparams force-mem-access 0' command is executed.
18:03:18 INFO  : ----------------XSDB Script----------------
connect -url tcp:127.0.0.1:3121
targets -set -nocase -filter {name =~"APU*"}
rst -system
after 3000
targets -set -filter {jtag_cable_name =~ "Xilinx TUL 1234-tulA" && level==0 && jtag_device_ctx=="jsn-TUL-1234-tulA-23727093-0"}
fpga -file /users/students/r0933784/DDP/sw_package_2026/sw_project/project_sw/sw_design/_ide/bitstream/rsa_project_wrapper.bit
targets -set -nocase -filter {name =~"APU*"}
loadhw -hw /users/students/r0933784/DDP/sw_package_2026/sw_project/project_sw/ecc_project_wrapper/export/ecc_project_wrapper/hw/ecc_project_wrapper.xsa -mem-ranges [list {0x40000000 0xbfffffff}] -regs
configparams force-mem-access 1
targets -set -nocase -filter {name =~"APU*"}
source /users/students/r0933784/DDP/sw_package_2026/sw_project/project_sw/sw_design/_ide/psinit/ps7_init.tcl
ps7_init
ps7_post_config
targets -set -nocase -filter {name =~ "*A9*#0"}
dow /users/students/r0933784/DDP/sw_package_2026/sw_project/project_sw/sw_design/Debug/sw_design.elf
configparams force-mem-access 0
----------------End of Script----------------

18:03:18 INFO  : Context for processor 'ps7_cortexa9_0' is selected.
18:03:18 INFO  : 'con' command is executed.
18:03:18 INFO  : ----------------XSDB Script (After Launch)----------------
targets -set -nocase -filter {name =~ "*A9*#0"}
con
----------------End of Script----------------

18:03:18 INFO  : Launch script is exported to file '/users/students/r0933784/DDP/sw_package_2026/sw_project/project_sw/sw_design_system/_ide/scripts/systemdebugger_sw_design_system_standalone.tcl'
18:05:49 INFO  : Checking for BSP changes to sync application flags for project 'sw_design'...
18:05:52 ERROR : (XSDB Server)ERROR: [Hsi 55-1571] The design file /users/students/r0933784/DDP/sw_package_2026/sw_project/project_sw/ecc_project_wrapper/export/ecc_project_wrapper/hw/ecc_project_wrapper.xsa is already opened

18:06:04 INFO  : Disconnected from the channel tcfchan#8.
18:06:04 INFO  : Connected to target on host '127.0.0.1' and port '3121'.
18:06:04 INFO  : Jtag cable 'Xilinx TUL 1234-tulA' is selected.
18:06:04 INFO  : 'jtag frequency' command is executed.
18:06:05 INFO  : Context for 'APU' is selected.
18:06:05 INFO  : System reset is completed.
18:06:08 INFO  : 'after 3000' command is executed.
18:06:08 INFO  : 'targets -set -filter {jtag_cable_name =~ "Xilinx TUL 1234-tulA" && level==0 && jtag_device_ctx=="jsn-TUL-1234-tulA-23727093-0"}' command is executed.
18:06:10 INFO  : Device configured successfully with "/users/students/r0933784/DDP/sw_package_2026/sw_project/project_sw/sw_design/_ide/bitstream/rsa_project_wrapper.bit"
18:06:10 INFO  : Context for 'APU' is selected.
18:06:12 INFO  : Hardware design and registers information is loaded from '/users/students/r0933784/DDP/sw_package_2026/sw_project/project_sw/ecc_project_wrapper/export/ecc_project_wrapper/hw/ecc_project_wrapper.xsa'.
18:06:12 INFO  : 'configparams force-mem-access 1' command is executed.
18:06:12 INFO  : Context for 'APU' is selected.
18:06:12 INFO  : Sourcing of '/users/students/r0933784/DDP/sw_package_2026/sw_project/project_sw/sw_design/_ide/psinit/ps7_init.tcl' is done.
18:06:12 INFO  : 'ps7_init' command is executed.
18:06:12 INFO  : 'ps7_post_config' command is executed.
18:06:12 INFO  : Context for processor 'ps7_cortexa9_0' is selected.
18:06:12 INFO  : The application '/users/students/r0933784/DDP/sw_package_2026/sw_project/project_sw/sw_design/Debug/sw_design.elf' is downloaded to processor 'ps7_cortexa9_0'.
18:06:12 INFO  : 'configparams force-mem-access 0' command is executed.
18:06:12 INFO  : ----------------XSDB Script----------------
connect -url tcp:127.0.0.1:3121
targets -set -nocase -filter {name =~"APU*"}
rst -system
after 3000
targets -set -filter {jtag_cable_name =~ "Xilinx TUL 1234-tulA" && level==0 && jtag_device_ctx=="jsn-TUL-1234-tulA-23727093-0"}
fpga -file /users/students/r0933784/DDP/sw_package_2026/sw_project/project_sw/sw_design/_ide/bitstream/rsa_project_wrapper.bit
targets -set -nocase -filter {name =~"APU*"}
loadhw -hw /users/students/r0933784/DDP/sw_package_2026/sw_project/project_sw/ecc_project_wrapper/export/ecc_project_wrapper/hw/ecc_project_wrapper.xsa -mem-ranges [list {0x40000000 0xbfffffff}] -regs
configparams force-mem-access 1
targets -set -nocase -filter {name =~"APU*"}
source /users/students/r0933784/DDP/sw_package_2026/sw_project/project_sw/sw_design/_ide/psinit/ps7_init.tcl
ps7_init
ps7_post_config
targets -set -nocase -filter {name =~ "*A9*#0"}
dow /users/students/r0933784/DDP/sw_package_2026/sw_project/project_sw/sw_design/Debug/sw_design.elf
configparams force-mem-access 0
----------------End of Script----------------

18:06:12 INFO  : Context for processor 'ps7_cortexa9_0' is selected.
18:06:13 INFO  : 'con' command is executed.
18:06:13 INFO  : ----------------XSDB Script (After Launch)----------------
targets -set -nocase -filter {name =~ "*A9*#0"}
con
----------------End of Script----------------

18:06:13 INFO  : Launch script is exported to file '/users/students/r0933784/DDP/sw_package_2026/sw_project/project_sw/sw_design_system/_ide/scripts/systemdebugger_sw_design_system_standalone.tcl'
18:07:45 INFO  : Checking for BSP changes to sync application flags for project 'sw_design'...
18:07:49 ERROR : (XSDB Server)ERROR: [Hsi 55-1571] The design file /users/students/r0933784/DDP/sw_package_2026/sw_project/project_sw/ecc_project_wrapper/export/ecc_project_wrapper/hw/ecc_project_wrapper.xsa is already opened

18:07:56 INFO  : Disconnected from the channel tcfchan#10.
18:07:56 INFO  : Connected to target on host '127.0.0.1' and port '3121'.
18:07:56 INFO  : Jtag cable 'Xilinx TUL 1234-tulA' is selected.
18:07:56 INFO  : 'jtag frequency' command is executed.
18:07:56 INFO  : Context for 'APU' is selected.
18:07:56 INFO  : System reset is completed.
18:07:59 INFO  : 'after 3000' command is executed.
18:07:59 INFO  : 'targets -set -filter {jtag_cable_name =~ "Xilinx TUL 1234-tulA" && level==0 && jtag_device_ctx=="jsn-TUL-1234-tulA-23727093-0"}' command is executed.
18:08:02 INFO  : Device configured successfully with "/users/students/r0933784/DDP/sw_package_2026/sw_project/project_sw/sw_design/_ide/bitstream/rsa_project_wrapper.bit"
18:08:02 INFO  : Context for 'APU' is selected.
18:08:03 INFO  : Hardware design and registers information is loaded from '/users/students/r0933784/DDP/sw_package_2026/sw_project/project_sw/ecc_project_wrapper/export/ecc_project_wrapper/hw/ecc_project_wrapper.xsa'.
18:08:03 INFO  : 'configparams force-mem-access 1' command is executed.
18:08:03 INFO  : Context for 'APU' is selected.
18:08:03 INFO  : Sourcing of '/users/students/r0933784/DDP/sw_package_2026/sw_project/project_sw/sw_design/_ide/psinit/ps7_init.tcl' is done.
18:08:04 INFO  : 'ps7_init' command is executed.
18:08:04 INFO  : 'ps7_post_config' command is executed.
18:08:04 INFO  : Context for processor 'ps7_cortexa9_0' is selected.
18:08:04 INFO  : The application '/users/students/r0933784/DDP/sw_package_2026/sw_project/project_sw/sw_design/Debug/sw_design.elf' is downloaded to processor 'ps7_cortexa9_0'.
18:08:04 INFO  : 'configparams force-mem-access 0' command is executed.
18:08:04 INFO  : ----------------XSDB Script----------------
connect -url tcp:127.0.0.1:3121
targets -set -nocase -filter {name =~"APU*"}
rst -system
after 3000
targets -set -filter {jtag_cable_name =~ "Xilinx TUL 1234-tulA" && level==0 && jtag_device_ctx=="jsn-TUL-1234-tulA-23727093-0"}
fpga -file /users/students/r0933784/DDP/sw_package_2026/sw_project/project_sw/sw_design/_ide/bitstream/rsa_project_wrapper.bit
targets -set -nocase -filter {name =~"APU*"}
loadhw -hw /users/students/r0933784/DDP/sw_package_2026/sw_project/project_sw/ecc_project_wrapper/export/ecc_project_wrapper/hw/ecc_project_wrapper.xsa -mem-ranges [list {0x40000000 0xbfffffff}] -regs
configparams force-mem-access 1
targets -set -nocase -filter {name =~"APU*"}
source /users/students/r0933784/DDP/sw_package_2026/sw_project/project_sw/sw_design/_ide/psinit/ps7_init.tcl
ps7_init
ps7_post_config
targets -set -nocase -filter {name =~ "*A9*#0"}
dow /users/students/r0933784/DDP/sw_package_2026/sw_project/project_sw/sw_design/Debug/sw_design.elf
configparams force-mem-access 0
----------------End of Script----------------

18:08:04 INFO  : Context for processor 'ps7_cortexa9_0' is selected.
18:08:04 INFO  : 'con' command is executed.
18:08:04 INFO  : ----------------XSDB Script (After Launch)----------------
targets -set -nocase -filter {name =~ "*A9*#0"}
con
----------------End of Script----------------

18:08:04 INFO  : Launch script is exported to file '/users/students/r0933784/DDP/sw_package_2026/sw_project/project_sw/sw_design_system/_ide/scripts/systemdebugger_sw_design_system_standalone.tcl'
18:08:59 INFO  : Checking for BSP changes to sync application flags for project 'sw_design'...
18:09:01 ERROR : (XSDB Server)ERROR: [Hsi 55-1571] The design file /users/students/r0933784/DDP/sw_package_2026/sw_project/project_sw/ecc_project_wrapper/export/ecc_project_wrapper/hw/ecc_project_wrapper.xsa is already opened

18:09:09 INFO  : Disconnected from the channel tcfchan#12.
18:09:09 INFO  : Connected to target on host '127.0.0.1' and port '3121'.
18:09:09 INFO  : Jtag cable 'Xilinx TUL 1234-tulA' is selected.
18:09:09 INFO  : 'jtag frequency' command is executed.
18:09:09 INFO  : Context for 'APU' is selected.
18:09:09 INFO  : System reset is completed.
18:09:12 INFO  : 'after 3000' command is executed.
18:09:12 INFO  : 'targets -set -filter {jtag_cable_name =~ "Xilinx TUL 1234-tulA" && level==0 && jtag_device_ctx=="jsn-TUL-1234-tulA-23727093-0"}' command is executed.
18:09:15 INFO  : Device configured successfully with "/users/students/r0933784/DDP/sw_package_2026/sw_project/project_sw/sw_design/_ide/bitstream/rsa_project_wrapper.bit"
18:09:15 INFO  : Context for 'APU' is selected.
18:09:16 INFO  : Hardware design and registers information is loaded from '/users/students/r0933784/DDP/sw_package_2026/sw_project/project_sw/ecc_project_wrapper/export/ecc_project_wrapper/hw/ecc_project_wrapper.xsa'.
18:09:16 INFO  : 'configparams force-mem-access 1' command is executed.
18:09:16 INFO  : Context for 'APU' is selected.
18:09:16 INFO  : Sourcing of '/users/students/r0933784/DDP/sw_package_2026/sw_project/project_sw/sw_design/_ide/psinit/ps7_init.tcl' is done.
18:09:16 INFO  : 'ps7_init' command is executed.
18:09:16 INFO  : 'ps7_post_config' command is executed.
18:09:16 INFO  : Context for processor 'ps7_cortexa9_0' is selected.
18:09:17 INFO  : The application '/users/students/r0933784/DDP/sw_package_2026/sw_project/project_sw/sw_design/Debug/sw_design.elf' is downloaded to processor 'ps7_cortexa9_0'.
18:09:17 INFO  : 'configparams force-mem-access 0' command is executed.
18:09:17 INFO  : ----------------XSDB Script----------------
connect -url tcp:127.0.0.1:3121
targets -set -nocase -filter {name =~"APU*"}
rst -system
after 3000
targets -set -filter {jtag_cable_name =~ "Xilinx TUL 1234-tulA" && level==0 && jtag_device_ctx=="jsn-TUL-1234-tulA-23727093-0"}
fpga -file /users/students/r0933784/DDP/sw_package_2026/sw_project/project_sw/sw_design/_ide/bitstream/rsa_project_wrapper.bit
targets -set -nocase -filter {name =~"APU*"}
loadhw -hw /users/students/r0933784/DDP/sw_package_2026/sw_project/project_sw/ecc_project_wrapper/export/ecc_project_wrapper/hw/ecc_project_wrapper.xsa -mem-ranges [list {0x40000000 0xbfffffff}] -regs
configparams force-mem-access 1
targets -set -nocase -filter {name =~"APU*"}
source /users/students/r0933784/DDP/sw_package_2026/sw_project/project_sw/sw_design/_ide/psinit/ps7_init.tcl
ps7_init
ps7_post_config
targets -set -nocase -filter {name =~ "*A9*#0"}
dow /users/students/r0933784/DDP/sw_package_2026/sw_project/project_sw/sw_design/Debug/sw_design.elf
configparams force-mem-access 0
----------------End of Script----------------

18:09:17 INFO  : Context for processor 'ps7_cortexa9_0' is selected.
18:09:17 INFO  : 'con' command is executed.
18:09:17 INFO  : ----------------XSDB Script (After Launch)----------------
targets -set -nocase -filter {name =~ "*A9*#0"}
con
----------------End of Script----------------

18:09:17 INFO  : Launch script is exported to file '/users/students/r0933784/DDP/sw_package_2026/sw_project/project_sw/sw_design_system/_ide/scripts/systemdebugger_sw_design_system_standalone.tcl'
18:10:25 INFO  : Disconnected from the channel tcfchan#14.
18:10:25 INFO  : Connected to target on host '127.0.0.1' and port '3121'.
18:10:25 INFO  : Jtag cable 'Xilinx TUL 1234-tulA' is selected.
18:10:25 INFO  : 'jtag frequency' command is executed.
18:10:25 INFO  : Context for 'APU' is selected.
18:10:25 INFO  : System reset is completed.
18:10:28 INFO  : 'after 3000' command is executed.
18:10:28 INFO  : 'targets -set -filter {jtag_cable_name =~ "Xilinx TUL 1234-tulA" && level==0 && jtag_device_ctx=="jsn-TUL-1234-tulA-23727093-0"}' command is executed.
18:10:31 INFO  : Device configured successfully with "/users/students/r0933784/DDP/sw_package_2026/sw_project/project_sw/sw_design/_ide/bitstream/rsa_project_wrapper.bit"
18:10:31 INFO  : Context for 'APU' is selected.
18:10:32 INFO  : Hardware design and registers information is loaded from '/users/students/r0933784/DDP/sw_package_2026/sw_project/project_sw/ecc_project_wrapper/export/ecc_project_wrapper/hw/ecc_project_wrapper.xsa'.
18:10:32 INFO  : 'configparams force-mem-access 1' command is executed.
18:10:32 INFO  : Context for 'APU' is selected.
18:10:32 INFO  : Sourcing of '/users/students/r0933784/DDP/sw_package_2026/sw_project/project_sw/sw_design/_ide/psinit/ps7_init.tcl' is done.
18:10:32 INFO  : 'ps7_init' command is executed.
18:10:32 INFO  : 'ps7_post_config' command is executed.
18:10:32 INFO  : Context for processor 'ps7_cortexa9_0' is selected.
18:10:33 INFO  : The application '/users/students/r0933784/DDP/sw_package_2026/sw_project/project_sw/sw_design/Debug/sw_design.elf' is downloaded to processor 'ps7_cortexa9_0'.
18:10:33 INFO  : 'configparams force-mem-access 0' command is executed.
18:10:33 INFO  : ----------------XSDB Script----------------
connect -url tcp:127.0.0.1:3121
targets -set -nocase -filter {name =~"APU*"}
rst -system
after 3000
targets -set -filter {jtag_cable_name =~ "Xilinx TUL 1234-tulA" && level==0 && jtag_device_ctx=="jsn-TUL-1234-tulA-23727093-0"}
fpga -file /users/students/r0933784/DDP/sw_package_2026/sw_project/project_sw/sw_design/_ide/bitstream/rsa_project_wrapper.bit
targets -set -nocase -filter {name =~"APU*"}
loadhw -hw /users/students/r0933784/DDP/sw_package_2026/sw_project/project_sw/ecc_project_wrapper/export/ecc_project_wrapper/hw/ecc_project_wrapper.xsa -mem-ranges [list {0x40000000 0xbfffffff}] -regs
configparams force-mem-access 1
targets -set -nocase -filter {name =~"APU*"}
source /users/students/r0933784/DDP/sw_package_2026/sw_project/project_sw/sw_design/_ide/psinit/ps7_init.tcl
ps7_init
ps7_post_config
targets -set -nocase -filter {name =~ "*A9*#0"}
dow /users/students/r0933784/DDP/sw_package_2026/sw_project/project_sw/sw_design/Debug/sw_design.elf
configparams force-mem-access 0
----------------End of Script----------------

18:10:33 INFO  : Context for processor 'ps7_cortexa9_0' is selected.
18:10:33 INFO  : 'con' command is executed.
18:10:33 INFO  : ----------------XSDB Script (After Launch)----------------
targets -set -nocase -filter {name =~ "*A9*#0"}
con
----------------End of Script----------------

18:10:33 INFO  : Launch script is exported to file '/users/students/r0933784/DDP/sw_package_2026/sw_project/project_sw/sw_design_system/_ide/scripts/systemdebugger_sw_design_system_standalone.tcl'
18:11:17 INFO  : Checking for BSP changes to sync application flags for project 'sw_design'...
18:11:20 ERROR : (XSDB Server)ERROR: [Hsi 55-1571] The design file /users/students/r0933784/DDP/sw_package_2026/sw_project/project_sw/ecc_project_wrapper/export/ecc_project_wrapper/hw/ecc_project_wrapper.xsa is already opened

18:11:32 INFO  : Disconnected from the channel tcfchan#15.
18:11:32 INFO  : Connected to target on host '127.0.0.1' and port '3121'.
18:11:32 INFO  : Jtag cable 'Xilinx TUL 1234-tulA' is selected.
18:11:32 INFO  : 'jtag frequency' command is executed.
18:11:32 INFO  : Context for 'APU' is selected.
18:11:32 INFO  : System reset is completed.
18:11:35 INFO  : 'after 3000' command is executed.
18:11:35 INFO  : 'targets -set -filter {jtag_cable_name =~ "Xilinx TUL 1234-tulA" && level==0 && jtag_device_ctx=="jsn-TUL-1234-tulA-23727093-0"}' command is executed.
18:11:37 INFO  : Device configured successfully with "/users/students/r0933784/DDP/sw_package_2026/sw_project/project_sw/sw_design/_ide/bitstream/rsa_project_wrapper.bit"
18:11:37 INFO  : Context for 'APU' is selected.
18:11:39 INFO  : Hardware design and registers information is loaded from '/users/students/r0933784/DDP/sw_package_2026/sw_project/project_sw/ecc_project_wrapper/export/ecc_project_wrapper/hw/ecc_project_wrapper.xsa'.
18:11:39 INFO  : 'configparams force-mem-access 1' command is executed.
18:11:39 INFO  : Context for 'APU' is selected.
18:11:39 INFO  : Sourcing of '/users/students/r0933784/DDP/sw_package_2026/sw_project/project_sw/sw_design/_ide/psinit/ps7_init.tcl' is done.
18:11:39 INFO  : 'ps7_init' command is executed.
18:11:39 INFO  : 'ps7_post_config' command is executed.
18:11:39 INFO  : Context for processor 'ps7_cortexa9_0' is selected.
18:11:39 INFO  : The application '/users/students/r0933784/DDP/sw_package_2026/sw_project/project_sw/sw_design/Debug/sw_design.elf' is downloaded to processor 'ps7_cortexa9_0'.
18:11:39 INFO  : 'configparams force-mem-access 0' command is executed.
18:11:39 INFO  : ----------------XSDB Script----------------
connect -url tcp:127.0.0.1:3121
targets -set -nocase -filter {name =~"APU*"}
rst -system
after 3000
targets -set -filter {jtag_cable_name =~ "Xilinx TUL 1234-tulA" && level==0 && jtag_device_ctx=="jsn-TUL-1234-tulA-23727093-0"}
fpga -file /users/students/r0933784/DDP/sw_package_2026/sw_project/project_sw/sw_design/_ide/bitstream/rsa_project_wrapper.bit
targets -set -nocase -filter {name =~"APU*"}
loadhw -hw /users/students/r0933784/DDP/sw_package_2026/sw_project/project_sw/ecc_project_wrapper/export/ecc_project_wrapper/hw/ecc_project_wrapper.xsa -mem-ranges [list {0x40000000 0xbfffffff}] -regs
configparams force-mem-access 1
targets -set -nocase -filter {name =~"APU*"}
source /users/students/r0933784/DDP/sw_package_2026/sw_project/project_sw/sw_design/_ide/psinit/ps7_init.tcl
ps7_init
ps7_post_config
targets -set -nocase -filter {name =~ "*A9*#0"}
dow /users/students/r0933784/DDP/sw_package_2026/sw_project/project_sw/sw_design/Debug/sw_design.elf
configparams force-mem-access 0
----------------End of Script----------------

18:11:39 INFO  : Context for processor 'ps7_cortexa9_0' is selected.
18:11:39 INFO  : 'con' command is executed.
18:11:39 INFO  : ----------------XSDB Script (After Launch)----------------
targets -set -nocase -filter {name =~ "*A9*#0"}
con
----------------End of Script----------------

18:11:39 INFO  : Launch script is exported to file '/users/students/r0933784/DDP/sw_package_2026/sw_project/project_sw/sw_design_system/_ide/scripts/systemdebugger_sw_design_system_standalone.tcl'
18:14:12 INFO  : Checking for BSP changes to sync application flags for project 'sw_design'...
18:14:15 ERROR : (XSDB Server)ERROR: [Hsi 55-1571] The design file /users/students/r0933784/DDP/sw_package_2026/sw_project/project_sw/ecc_project_wrapper/export/ecc_project_wrapper/hw/ecc_project_wrapper.xsa is already opened

18:14:26 INFO  : Disconnected from the channel tcfchan#17.
18:14:26 INFO  : Connected to target on host '127.0.0.1' and port '3121'.
18:14:26 INFO  : Jtag cable 'Xilinx TUL 1234-tulA' is selected.
18:14:26 INFO  : 'jtag frequency' command is executed.
18:14:26 INFO  : Context for 'APU' is selected.
18:14:26 INFO  : System reset is completed.
18:14:29 INFO  : 'after 3000' command is executed.
18:14:29 INFO  : 'targets -set -filter {jtag_cable_name =~ "Xilinx TUL 1234-tulA" && level==0 && jtag_device_ctx=="jsn-TUL-1234-tulA-23727093-0"}' command is executed.
18:14:32 INFO  : Device configured successfully with "/users/students/r0933784/DDP/sw_package_2026/sw_project/project_sw/sw_design/_ide/bitstream/rsa_project_wrapper.bit"
18:14:32 INFO  : Context for 'APU' is selected.
18:14:33 INFO  : Hardware design and registers information is loaded from '/users/students/r0933784/DDP/sw_package_2026/sw_project/project_sw/ecc_project_wrapper/export/ecc_project_wrapper/hw/ecc_project_wrapper.xsa'.
18:14:33 INFO  : 'configparams force-mem-access 1' command is executed.
18:14:33 INFO  : Context for 'APU' is selected.
18:14:33 INFO  : Sourcing of '/users/students/r0933784/DDP/sw_package_2026/sw_project/project_sw/sw_design/_ide/psinit/ps7_init.tcl' is done.
18:14:33 INFO  : 'ps7_init' command is executed.
18:14:33 INFO  : 'ps7_post_config' command is executed.
18:14:33 INFO  : Context for processor 'ps7_cortexa9_0' is selected.
18:14:34 INFO  : The application '/users/students/r0933784/DDP/sw_package_2026/sw_project/project_sw/sw_design/Debug/sw_design.elf' is downloaded to processor 'ps7_cortexa9_0'.
18:14:34 INFO  : 'configparams force-mem-access 0' command is executed.
18:14:34 INFO  : ----------------XSDB Script----------------
connect -url tcp:127.0.0.1:3121
targets -set -nocase -filter {name =~"APU*"}
rst -system
after 3000
targets -set -filter {jtag_cable_name =~ "Xilinx TUL 1234-tulA" && level==0 && jtag_device_ctx=="jsn-TUL-1234-tulA-23727093-0"}
fpga -file /users/students/r0933784/DDP/sw_package_2026/sw_project/project_sw/sw_design/_ide/bitstream/rsa_project_wrapper.bit
targets -set -nocase -filter {name =~"APU*"}
loadhw -hw /users/students/r0933784/DDP/sw_package_2026/sw_project/project_sw/ecc_project_wrapper/export/ecc_project_wrapper/hw/ecc_project_wrapper.xsa -mem-ranges [list {0x40000000 0xbfffffff}] -regs
configparams force-mem-access 1
targets -set -nocase -filter {name =~"APU*"}
source /users/students/r0933784/DDP/sw_package_2026/sw_project/project_sw/sw_design/_ide/psinit/ps7_init.tcl
ps7_init
ps7_post_config
targets -set -nocase -filter {name =~ "*A9*#0"}
dow /users/students/r0933784/DDP/sw_package_2026/sw_project/project_sw/sw_design/Debug/sw_design.elf
configparams force-mem-access 0
----------------End of Script----------------

18:14:34 INFO  : Context for processor 'ps7_cortexa9_0' is selected.
18:14:34 INFO  : 'con' command is executed.
18:14:34 INFO  : ----------------XSDB Script (After Launch)----------------
targets -set -nocase -filter {name =~ "*A9*#0"}
con
----------------End of Script----------------

18:14:34 INFO  : Launch script is exported to file '/users/students/r0933784/DDP/sw_package_2026/sw_project/project_sw/sw_design_system/_ide/scripts/systemdebugger_sw_design_system_standalone.tcl'
18:24:41 INFO  : Disconnected from the channel tcfchan#19.
16:31:25 DEBUG : Logs will be stored at '/users/students/r0933784/DDP/sw_package_2026/sw_project/project_sw/IDE.log'.
16:31:25 INFO  : Registering command handlers for Vitis TCF services
16:31:26 ERROR : Error from executing command 'createAppFromDsa': A project with given name already exists in the workspace. Please choose a differenet name. 
16:31:39 DEBUG : Logs will be stored at '/users/students/r0933784/DDP/sw_package_2026/sw_project/project_sw/IDE.log'.
16:31:39 INFO  : Launching XSCT server: xsct -n  -interactive /users/students/r0933784/DDP/sw_package_2026/sw_project/project_sw/temp_xsdb_launch_script.tcl
16:31:41 INFO  : XSCT server has started successfully.
16:31:41 INFO  : Successfully done setting XSCT server connection channel  
16:31:41 INFO  : plnx-install-location is set to ''
16:31:41 INFO  : Successfully done setting workspace for the tool. 
16:31:42 INFO  : Platform repository initialization has completed.
16:31:46 INFO  : Registering command handlers for Vitis TCF services
16:31:46 INFO  : Successfully done query RDI_DATADIR 
16:33:51 INFO  : Connected to target on host '127.0.0.1' and port '3121'.
16:33:51 INFO  : Jtag cable 'Xilinx TUL 1234-tulA' is selected.
16:33:51 INFO  : 'jtag frequency' command is executed.
16:33:51 INFO  : Context for 'APU' is selected.
16:33:51 INFO  : System reset is completed.
16:33:54 INFO  : 'after 3000' command is executed.
16:33:54 INFO  : 'targets -set -filter {jtag_cable_name =~ "Xilinx TUL 1234-tulA" && level==0 && jtag_device_ctx=="jsn-TUL-1234-tulA-23727093-0"}' command is executed.
16:33:57 INFO  : Device configured successfully with "/users/students/r0933784/DDP/sw_package_2026/sw_project/project_sw/sw_design/_ide/bitstream/rsa_project_wrapper.bit"
16:33:57 INFO  : Context for 'APU' is selected.
16:33:57 INFO  : Hardware design and registers information is loaded from '/users/students/r0933784/DDP/sw_package_2026/sw_project/project_sw/ecc_project_wrapper/export/ecc_project_wrapper/hw/ecc_project_wrapper.xsa'.
16:33:57 INFO  : 'configparams force-mem-access 1' command is executed.
16:33:57 INFO  : Context for 'APU' is selected.
16:33:57 INFO  : Sourcing of '/users/students/r0933784/DDP/sw_package_2026/sw_project/project_sw/sw_design/_ide/psinit/ps7_init.tcl' is done.
16:33:57 INFO  : 'ps7_init' command is executed.
16:33:57 INFO  : 'ps7_post_config' command is executed.
16:33:57 INFO  : Context for processor 'ps7_cortexa9_0' is selected.
16:33:57 INFO  : The application '/users/students/r0933784/DDP/sw_package_2026/sw_project/project_sw/sw_design/Debug/sw_design.elf' is downloaded to processor 'ps7_cortexa9_0'.
16:33:57 INFO  : 'configparams force-mem-access 0' command is executed.
16:33:57 INFO  : ----------------XSDB Script----------------
connect -url tcp:127.0.0.1:3121
targets -set -nocase -filter {name =~"APU*"}
rst -system
after 3000
targets -set -filter {jtag_cable_name =~ "Xilinx TUL 1234-tulA" && level==0 && jtag_device_ctx=="jsn-TUL-1234-tulA-23727093-0"}
fpga -file /users/students/r0933784/DDP/sw_package_2026/sw_project/project_sw/sw_design/_ide/bitstream/rsa_project_wrapper.bit
targets -set -nocase -filter {name =~"APU*"}
loadhw -hw /users/students/r0933784/DDP/sw_package_2026/sw_project/project_sw/ecc_project_wrapper/export/ecc_project_wrapper/hw/ecc_project_wrapper.xsa -mem-ranges [list {0x40000000 0xbfffffff}] -regs
configparams force-mem-access 1
targets -set -nocase -filter {name =~"APU*"}
source /users/students/r0933784/DDP/sw_package_2026/sw_project/project_sw/sw_design/_ide/psinit/ps7_init.tcl
ps7_init
ps7_post_config
targets -set -nocase -filter {name =~ "*A9*#0"}
dow /users/students/r0933784/DDP/sw_package_2026/sw_project/project_sw/sw_design/Debug/sw_design.elf
configparams force-mem-access 0
----------------End of Script----------------

16:33:57 INFO  : Context for processor 'ps7_cortexa9_0' is selected.
16:33:57 INFO  : 'con' command is executed.
16:33:57 INFO  : ----------------XSDB Script (After Launch)----------------
targets -set -nocase -filter {name =~ "*A9*#0"}
con
----------------End of Script----------------

16:33:57 INFO  : Launch script is exported to file '/users/students/r0933784/DDP/sw_package_2026/sw_project/project_sw/sw_design_system/_ide/scripts/debugger_sw_design-default.tcl'
16:54:36 INFO  : XRT server has started successfully on port '4353'
16:54:38 INFO  : Connected to target on host '127.0.0.1' and port '3121'.
16:54:39 INFO  : Jtag cable 'Xilinx TUL 1234-tulA' is selected.
16:54:39 INFO  : 'jtag frequency' command is executed.
16:54:39 INFO  : Context for 'APU' is selected.
16:54:39 INFO  : System reset is completed.
16:54:42 INFO  : 'after 3000' command is executed.
16:54:42 INFO  : 'targets -set -filter {jtag_cable_name =~ "Xilinx TUL 1234-tulA" && level==0 && jtag_device_ctx=="jsn-TUL-1234-tulA-23727093-0"}' command is executed.
16:54:44 INFO  : Device configured successfully with "/users/students/r0933784/DDP/sw_package_2026/sw_project/project_sw/sw_design/_ide/bitstream/rsa_project_wrapper.bit"
16:54:44 INFO  : Context for 'APU' is selected.
16:54:44 INFO  : Hardware design and registers information is loaded from '/users/students/r0933784/DDP/sw_package_2026/sw_project/project_sw/ecc_project_wrapper/export/ecc_project_wrapper/hw/ecc_project_wrapper.xsa'.
16:54:44 INFO  : 'configparams force-mem-access 1' command is executed.
16:54:44 INFO  : Context for 'APU' is selected.
16:54:44 INFO  : Sourcing of '/users/students/r0933784/DDP/sw_package_2026/sw_project/project_sw/sw_design/_ide/psinit/ps7_init.tcl' is done.
16:54:44 INFO  : 'ps7_init' command is executed.
16:54:44 INFO  : 'ps7_post_config' command is executed.
16:54:44 INFO  : Context for processor 'ps7_cortexa9_0' is selected.
16:54:44 INFO  : The application '/users/students/r0933784/DDP/sw_package_2026/sw_project/project_sw/sw_design/Debug/sw_design.elf' is downloaded to processor 'ps7_cortexa9_0'.
16:54:44 INFO  : 'configparams force-mem-access 0' command is executed.
16:54:44 INFO  : ----------------XSDB Script----------------
connect -url tcp:127.0.0.1:3121
targets -set -nocase -filter {name =~"APU*"}
rst -system
after 3000
targets -set -filter {jtag_cable_name =~ "Xilinx TUL 1234-tulA" && level==0 && jtag_device_ctx=="jsn-TUL-1234-tulA-23727093-0"}
fpga -file /users/students/r0933784/DDP/sw_package_2026/sw_project/project_sw/sw_design/_ide/bitstream/rsa_project_wrapper.bit
targets -set -nocase -filter {name =~"APU*"}
loadhw -hw /users/students/r0933784/DDP/sw_package_2026/sw_project/project_sw/ecc_project_wrapper/export/ecc_project_wrapper/hw/ecc_project_wrapper.xsa -mem-ranges [list {0x40000000 0xbfffffff}] -regs
configparams force-mem-access 1
targets -set -nocase -filter {name =~"APU*"}
source /users/students/r0933784/DDP/sw_package_2026/sw_project/project_sw/sw_design/_ide/psinit/ps7_init.tcl
ps7_init
ps7_post_config
targets -set -nocase -filter {name =~ "*A9*#0"}
dow /users/students/r0933784/DDP/sw_package_2026/sw_project/project_sw/sw_design/Debug/sw_design.elf
configparams force-mem-access 0
----------------End of Script----------------

16:54:44 INFO  : Context for processor 'ps7_cortexa9_0' is selected.
16:54:44 INFO  : 'con' command is executed.
16:54:44 INFO  : ----------------XSDB Script (After Launch)----------------
targets -set -nocase -filter {name =~ "*A9*#0"}
con
----------------End of Script----------------

16:54:44 INFO  : Launch script is exported to file '/users/students/r0933784/DDP/sw_package_2026/sw_project/project_sw/sw_design_system/_ide/scripts/systemdebugger_sw_design_system_standalone.tcl'
17:02:48 INFO  : Disconnected from the channel tcfchan#1.
17:02:49 INFO  : Connected to target on host '127.0.0.1' and port '3121'.
17:02:49 INFO  : Jtag cable 'Xilinx TUL 1234-tulA' is selected.
17:02:49 INFO  : 'jtag frequency' command is executed.
17:02:49 INFO  : Context for 'APU' is selected.
17:02:49 INFO  : System reset is completed.
17:02:52 INFO  : 'after 3000' command is executed.
17:02:52 INFO  : 'targets -set -filter {jtag_cable_name =~ "Xilinx TUL 1234-tulA" && level==0 && jtag_device_ctx=="jsn-TUL-1234-tulA-23727093-0"}' command is executed.
17:02:55 INFO  : Device configured successfully with "/users/students/r0933784/DDP/sw_package_2026/sw_project/project_sw/sw_design/_ide/bitstream/rsa_project_wrapper.bit"
17:02:55 INFO  : Context for 'APU' is selected.
17:02:56 INFO  : Hardware design and registers information is loaded from '/users/students/r0933784/DDP/sw_package_2026/sw_project/project_sw/ecc_project_wrapper/export/ecc_project_wrapper/hw/ecc_project_wrapper.xsa'.
17:02:56 INFO  : 'configparams force-mem-access 1' command is executed.
17:02:56 INFO  : Context for 'APU' is selected.
17:02:56 INFO  : Sourcing of '/users/students/r0933784/DDP/sw_package_2026/sw_project/project_sw/sw_design/_ide/psinit/ps7_init.tcl' is done.
17:02:56 INFO  : 'ps7_init' command is executed.
17:02:56 INFO  : 'ps7_post_config' command is executed.
17:02:56 INFO  : Context for processor 'ps7_cortexa9_0' is selected.
17:02:56 INFO  : The application '/users/students/r0933784/DDP/sw_package_2026/sw_project/project_sw/sw_design/Debug/sw_design.elf' is downloaded to processor 'ps7_cortexa9_0'.
17:02:56 INFO  : 'configparams force-mem-access 0' command is executed.
17:02:56 INFO  : ----------------XSDB Script----------------
connect -url tcp:127.0.0.1:3121
targets -set -nocase -filter {name =~"APU*"}
rst -system
after 3000
targets -set -filter {jtag_cable_name =~ "Xilinx TUL 1234-tulA" && level==0 && jtag_device_ctx=="jsn-TUL-1234-tulA-23727093-0"}
fpga -file /users/students/r0933784/DDP/sw_package_2026/sw_project/project_sw/sw_design/_ide/bitstream/rsa_project_wrapper.bit
targets -set -nocase -filter {name =~"APU*"}
loadhw -hw /users/students/r0933784/DDP/sw_package_2026/sw_project/project_sw/ecc_project_wrapper/export/ecc_project_wrapper/hw/ecc_project_wrapper.xsa -mem-ranges [list {0x40000000 0xbfffffff}] -regs
configparams force-mem-access 1
targets -set -nocase -filter {name =~"APU*"}
source /users/students/r0933784/DDP/sw_package_2026/sw_project/project_sw/sw_design/_ide/psinit/ps7_init.tcl
ps7_init
ps7_post_config
targets -set -nocase -filter {name =~ "*A9*#0"}
dow /users/students/r0933784/DDP/sw_package_2026/sw_project/project_sw/sw_design/Debug/sw_design.elf
configparams force-mem-access 0
----------------End of Script----------------

17:02:56 INFO  : Context for processor 'ps7_cortexa9_0' is selected.
17:02:56 INFO  : 'con' command is executed.
17:02:56 INFO  : ----------------XSDB Script (After Launch)----------------
targets -set -nocase -filter {name =~ "*A9*#0"}
con
----------------End of Script----------------

17:02:56 INFO  : Launch script is exported to file '/users/students/r0933784/DDP/sw_package_2026/sw_project/project_sw/sw_design_system/_ide/scripts/debugger_sw_design-default.tcl'
17:04:08 INFO  : Disconnected from the channel tcfchan#2.
17:04:09 INFO  : Connected to target on host '127.0.0.1' and port '3121'.
17:04:09 INFO  : Jtag cable 'Xilinx TUL 1234-tulA' is selected.
17:04:09 INFO  : 'jtag frequency' command is executed.
17:04:09 INFO  : Context for 'APU' is selected.
17:04:09 INFO  : System reset is completed.
17:04:12 INFO  : 'after 3000' command is executed.
17:04:12 INFO  : 'targets -set -filter {jtag_cable_name =~ "Xilinx TUL 1234-tulA" && level==0 && jtag_device_ctx=="jsn-TUL-1234-tulA-23727093-0"}' command is executed.
17:04:14 INFO  : Device configured successfully with "/users/students/r0933784/DDP/sw_package_2026/sw_project/project_sw/sw_design/_ide/bitstream/rsa_project_wrapper.bit"
17:04:14 INFO  : Context for 'APU' is selected.
17:04:15 INFO  : Hardware design and registers information is loaded from '/users/students/r0933784/DDP/sw_package_2026/sw_project/project_sw/ecc_project_wrapper/export/ecc_project_wrapper/hw/ecc_project_wrapper.xsa'.
17:04:15 INFO  : 'configparams force-mem-access 1' command is executed.
17:04:15 INFO  : Context for 'APU' is selected.
17:04:15 INFO  : Sourcing of '/users/students/r0933784/DDP/sw_package_2026/sw_project/project_sw/sw_design/_ide/psinit/ps7_init.tcl' is done.
17:04:16 INFO  : 'ps7_init' command is executed.
17:04:16 INFO  : 'ps7_post_config' command is executed.
17:04:16 INFO  : Context for processor 'ps7_cortexa9_0' is selected.
17:04:16 INFO  : The application '/users/students/r0933784/DDP/sw_package_2026/sw_project/project_sw/sw_design/Debug/sw_design.elf' is downloaded to processor 'ps7_cortexa9_0'.
17:04:16 INFO  : 'configparams force-mem-access 0' command is executed.
17:04:16 INFO  : ----------------XSDB Script----------------
connect -url tcp:127.0.0.1:3121
targets -set -nocase -filter {name =~"APU*"}
rst -system
after 3000
targets -set -filter {jtag_cable_name =~ "Xilinx TUL 1234-tulA" && level==0 && jtag_device_ctx=="jsn-TUL-1234-tulA-23727093-0"}
fpga -file /users/students/r0933784/DDP/sw_package_2026/sw_project/project_sw/sw_design/_ide/bitstream/rsa_project_wrapper.bit
targets -set -nocase -filter {name =~"APU*"}
loadhw -hw /users/students/r0933784/DDP/sw_package_2026/sw_project/project_sw/ecc_project_wrapper/export/ecc_project_wrapper/hw/ecc_project_wrapper.xsa -mem-ranges [list {0x40000000 0xbfffffff}] -regs
configparams force-mem-access 1
targets -set -nocase -filter {name =~"APU*"}
source /users/students/r0933784/DDP/sw_package_2026/sw_project/project_sw/sw_design/_ide/psinit/ps7_init.tcl
ps7_init
ps7_post_config
targets -set -nocase -filter {name =~ "*A9*#0"}
dow /users/students/r0933784/DDP/sw_package_2026/sw_project/project_sw/sw_design/Debug/sw_design.elf
configparams force-mem-access 0
----------------End of Script----------------

17:04:16 INFO  : Context for processor 'ps7_cortexa9_0' is selected.
17:04:16 INFO  : 'con' command is executed.
17:04:16 INFO  : ----------------XSDB Script (After Launch)----------------
targets -set -nocase -filter {name =~ "*A9*#0"}
con
----------------End of Script----------------

17:04:16 INFO  : Launch script is exported to file '/users/students/r0933784/DDP/sw_package_2026/sw_project/project_sw/sw_design_system/_ide/scripts/debugger_sw_design-default.tcl'
17:05:15 INFO  : Disconnected from the channel tcfchan#3.
17:05:16 INFO  : Connected to target on host '127.0.0.1' and port '3121'.
17:05:16 INFO  : Jtag cable 'Xilinx TUL 1234-tulA' is selected.
17:05:16 INFO  : 'jtag frequency' command is executed.
17:05:16 INFO  : Context for 'APU' is selected.
17:05:16 INFO  : System reset is completed.
17:05:19 INFO  : 'after 3000' command is executed.
17:05:19 INFO  : 'targets -set -filter {jtag_cable_name =~ "Xilinx TUL 1234-tulA" && level==0 && jtag_device_ctx=="jsn-TUL-1234-tulA-23727093-0"}' command is executed.
17:05:21 INFO  : Device configured successfully with "/users/students/r0933784/DDP/sw_package_2026/sw_project/project_sw/sw_design/_ide/bitstream/rsa_project_wrapper.bit"
17:05:21 INFO  : Context for 'APU' is selected.
17:05:23 INFO  : Hardware design and registers information is loaded from '/users/students/r0933784/DDP/sw_package_2026/sw_project/project_sw/ecc_project_wrapper/export/ecc_project_wrapper/hw/ecc_project_wrapper.xsa'.
17:05:23 INFO  : 'configparams force-mem-access 1' command is executed.
17:05:23 INFO  : Context for 'APU' is selected.
17:05:23 INFO  : Sourcing of '/users/students/r0933784/DDP/sw_package_2026/sw_project/project_sw/sw_design/_ide/psinit/ps7_init.tcl' is done.
17:05:23 INFO  : 'ps7_init' command is executed.
17:05:23 INFO  : 'ps7_post_config' command is executed.
17:05:23 INFO  : Context for processor 'ps7_cortexa9_0' is selected.
17:05:23 INFO  : The application '/users/students/r0933784/DDP/sw_package_2026/sw_project/project_sw/sw_design/Debug/sw_design.elf' is downloaded to processor 'ps7_cortexa9_0'.
17:05:23 INFO  : 'configparams force-mem-access 0' command is executed.
17:05:23 INFO  : ----------------XSDB Script----------------
connect -url tcp:127.0.0.1:3121
targets -set -nocase -filter {name =~"APU*"}
rst -system
after 3000
targets -set -filter {jtag_cable_name =~ "Xilinx TUL 1234-tulA" && level==0 && jtag_device_ctx=="jsn-TUL-1234-tulA-23727093-0"}
fpga -file /users/students/r0933784/DDP/sw_package_2026/sw_project/project_sw/sw_design/_ide/bitstream/rsa_project_wrapper.bit
targets -set -nocase -filter {name =~"APU*"}
loadhw -hw /users/students/r0933784/DDP/sw_package_2026/sw_project/project_sw/ecc_project_wrapper/export/ecc_project_wrapper/hw/ecc_project_wrapper.xsa -mem-ranges [list {0x40000000 0xbfffffff}] -regs
configparams force-mem-access 1
targets -set -nocase -filter {name =~"APU*"}
source /users/students/r0933784/DDP/sw_package_2026/sw_project/project_sw/sw_design/_ide/psinit/ps7_init.tcl
ps7_init
ps7_post_config
targets -set -nocase -filter {name =~ "*A9*#0"}
dow /users/students/r0933784/DDP/sw_package_2026/sw_project/project_sw/sw_design/Debug/sw_design.elf
configparams force-mem-access 0
----------------End of Script----------------

17:05:23 INFO  : Context for processor 'ps7_cortexa9_0' is selected.
17:05:23 INFO  : 'con' command is executed.
17:05:23 INFO  : ----------------XSDB Script (After Launch)----------------
targets -set -nocase -filter {name =~ "*A9*#0"}
con
----------------End of Script----------------

17:05:23 INFO  : Launch script is exported to file '/users/students/r0933784/DDP/sw_package_2026/sw_project/project_sw/sw_design_system/_ide/scripts/debugger_sw_design-default.tcl'
17:05:35 INFO  : Checking for BSP changes to sync application flags for project 'sw_design'...
17:05:45 INFO  : Checking for BSP changes to sync application flags for project 'sw_design'...
17:06:47 INFO  : Checking for BSP changes to sync application flags for project 'sw_design'...
17:07:29 WARN  : channel "tcfchan#1" closed
17:07:31 INFO  : Disconnected from the channel tcfchan#4.
17:07:38 INFO  : Checking for BSP changes to sync application flags for project 'sw_design'...
17:07:48 INFO  : Connected to target on host '127.0.0.1' and port '3121'.
17:07:49 INFO  : Jtag cable 'Xilinx TUL 1234-tulA' is selected.
17:07:49 INFO  : 'jtag frequency' command is executed.
17:07:49 INFO  : Context for 'APU' is selected.
17:07:49 INFO  : System reset is completed.
17:07:52 INFO  : 'after 3000' command is executed.
17:07:52 INFO  : 'targets -set -filter {jtag_cable_name =~ "Xilinx TUL 1234-tulA" && level==0 && jtag_device_ctx=="jsn-TUL-1234-tulA-23727093-0"}' command is executed.
17:07:54 INFO  : Device configured successfully with "/users/students/r0933784/DDP/sw_package_2026/sw_project/project_sw/sw_design/_ide/bitstream/rsa_project_wrapper.bit"
17:07:54 INFO  : Context for 'APU' is selected.
17:07:54 INFO  : Hardware design and registers information is loaded from '/users/students/r0933784/DDP/sw_package_2026/sw_project/project_sw/ecc_project_wrapper/export/ecc_project_wrapper/hw/ecc_project_wrapper.xsa'.
17:07:54 INFO  : 'configparams force-mem-access 1' command is executed.
17:07:54 INFO  : Context for 'APU' is selected.
17:07:54 INFO  : Sourcing of '/users/students/r0933784/DDP/sw_package_2026/sw_project/project_sw/sw_design/_ide/psinit/ps7_init.tcl' is done.
17:07:54 INFO  : 'ps7_init' command is executed.
17:07:54 INFO  : 'ps7_post_config' command is executed.
17:07:54 INFO  : 'configparams force-mem-access 0' command is executed.
17:07:54 INFO  : ----------------XSDB Script----------------
connect -url tcp:127.0.0.1:3121
targets -set -nocase -filter {name =~"APU*"}
rst -system
after 3000
targets -set -filter {jtag_cable_name =~ "Xilinx TUL 1234-tulA" && level==0 && jtag_device_ctx=="jsn-TUL-1234-tulA-23727093-0"}
fpga -file /users/students/r0933784/DDP/sw_package_2026/sw_project/project_sw/sw_design/_ide/bitstream/rsa_project_wrapper.bit
targets -set -nocase -filter {name =~"APU*"}
loadhw -hw /users/students/r0933784/DDP/sw_package_2026/sw_project/project_sw/ecc_project_wrapper/export/ecc_project_wrapper/hw/ecc_project_wrapper.xsa -mem-ranges [list {0x40000000 0xbfffffff}] -regs
configparams force-mem-access 1
targets -set -nocase -filter {name =~"APU*"}
source /users/students/r0933784/DDP/sw_package_2026/sw_project/project_sw/sw_design/_ide/psinit/ps7_init.tcl
ps7_init
ps7_post_config
configparams force-mem-access 0
----------------End of Script----------------

17:07:54 INFO  : Launch script is exported to file '/users/students/r0933784/DDP/sw_package_2026/sw_project/project_sw/sw_design_system/_ide/scripts/systemdebugger_sw_design_system_standalone.tcl'
17:08:31 INFO  : Checking for BSP changes to sync application flags for project 'sw_design'...
17:08:45 INFO  : Disconnected from the channel tcfchan#5.
17:08:57 INFO  : Connected to target on host '127.0.0.1' and port '3121'.
17:08:57 INFO  : Jtag cable 'Xilinx TUL 1234-tulA' is selected.
17:08:57 INFO  : 'jtag frequency' command is executed.
17:08:57 INFO  : Context for 'APU' is selected.
17:08:57 INFO  : System reset is completed.
17:09:00 INFO  : 'after 3000' command is executed.
17:09:00 INFO  : 'targets -set -filter {jtag_cable_name =~ "Xilinx TUL 1234-tulA" && level==0 && jtag_device_ctx=="jsn-TUL-1234-tulA-23727093-0"}' command is executed.
17:09:02 INFO  : Device configured successfully with "/users/students/r0933784/DDP/sw_package_2026/sw_project/project_sw/sw_design/_ide/bitstream/rsa_project_wrapper.bit"
17:09:02 INFO  : Context for 'APU' is selected.
17:09:04 INFO  : Hardware design and registers information is loaded from '/users/students/r0933784/DDP/sw_package_2026/sw_project/project_sw/ecc_project_wrapper/export/ecc_project_wrapper/hw/ecc_project_wrapper.xsa'.
17:09:04 INFO  : 'configparams force-mem-access 1' command is executed.
17:09:04 INFO  : Context for 'APU' is selected.
17:09:04 INFO  : Sourcing of '/users/students/r0933784/DDP/sw_package_2026/sw_project/project_sw/sw_design/_ide/psinit/ps7_init.tcl' is done.
17:09:04 INFO  : 'ps7_init' command is executed.
17:09:04 INFO  : 'ps7_post_config' command is executed.
17:09:04 INFO  : 'configparams force-mem-access 0' command is executed.
17:09:04 INFO  : ----------------XSDB Script----------------
connect -url tcp:127.0.0.1:3121
targets -set -nocase -filter {name =~"APU*"}
rst -system
after 3000
targets -set -filter {jtag_cable_name =~ "Xilinx TUL 1234-tulA" && level==0 && jtag_device_ctx=="jsn-TUL-1234-tulA-23727093-0"}
fpga -file /users/students/r0933784/DDP/sw_package_2026/sw_project/project_sw/sw_design/_ide/bitstream/rsa_project_wrapper.bit
targets -set -nocase -filter {name =~"APU*"}
loadhw -hw /users/students/r0933784/DDP/sw_package_2026/sw_project/project_sw/ecc_project_wrapper/export/ecc_project_wrapper/hw/ecc_project_wrapper.xsa -mem-ranges [list {0x40000000 0xbfffffff}] -regs
configparams force-mem-access 1
targets -set -nocase -filter {name =~"APU*"}
source /users/students/r0933784/DDP/sw_package_2026/sw_project/project_sw/sw_design/_ide/psinit/ps7_init.tcl
ps7_init
ps7_post_config
configparams force-mem-access 0
----------------End of Script----------------

17:09:04 INFO  : Launch script is exported to file '/users/students/r0933784/DDP/sw_package_2026/sw_project/project_sw/sw_design_system/_ide/scripts/systemdebugger_sw_design_system_standalone.tcl'
17:09:12 INFO  : Checking for BSP changes to sync application flags for project 'sw_design'...
17:09:33 INFO  : Checking for BSP changes to sync application flags for project 'sw_design'...
17:10:05 INFO  : Checking for BSP changes to sync application flags for project 'sw_design'...
17:12:17 INFO  : Checking for BSP changes to sync application flags for project 'sw_design'...
17:12:59 INFO  : Result from executing command 'removePlatformRepo': 
17:13:13 INFO  : Result from executing command 'getProjects': ecc_project_wrapper
17:13:13 INFO  : Result from executing command 'getPlatforms': xilinx_zcu102_base_202310_1|/esat/micas-data/software/Xilinx/vitis_2023.1/Vitis/2023.1/base_platforms/xilinx_zcu102_base_202310_1/xilinx_zcu102_base_202310_1.xpfm;xilinx_zcu102_base_dfx_202310_1|/esat/micas-data/software/Xilinx/vitis_2023.1/Vitis/2023.1/base_platforms/xilinx_zcu102_base_dfx_202310_1/xilinx_zcu102_base_dfx_202310_1.xpfm;xilinx_zcu104_base_202310_1|/esat/micas-data/software/Xilinx/vitis_2023.1/Vitis/2023.1/base_platforms/xilinx_zcu104_base_202310_1/xilinx_zcu104_base_202310_1.xpfm
17:13:17 INFO  : Checking for BSP changes to sync application flags for project 'sw_design'...
17:14:04 INFO  : Checking for BSP changes to sync application flags for project 'sw_design'...
17:14:59 INFO  : Checking for BSP changes to sync application flags for project 'sw_design'...
17:15:27 INFO  : Checking for BSP changes to sync application flags for project 'sw_design'...
17:15:49 INFO  : Checking for BSP changes to sync application flags for project 'sw_design'...
17:15:56 INFO  : Disconnected from the channel tcfchan#6.
17:15:56 INFO  : Connected to target on host '127.0.0.1' and port '3121'.
17:15:56 INFO  : Jtag cable 'Xilinx TUL 1234-tulA' is selected.
17:15:57 INFO  : 'jtag frequency' command is executed.
17:15:57 INFO  : Context for 'APU' is selected.
17:15:57 INFO  : System reset is completed.
17:16:00 INFO  : 'after 3000' command is executed.
17:16:00 INFO  : 'targets -set -filter {jtag_cable_name =~ "Xilinx TUL 1234-tulA" && level==0 && jtag_device_ctx=="jsn-TUL-1234-tulA-23727093-0"}' command is executed.
17:16:02 INFO  : Device configured successfully with "/users/students/r0933784/DDP/sw_package_2026/sw_project/project_sw/sw_design/_ide/bitstream/rsa_project_wrapper.bit"
17:16:02 INFO  : Context for 'APU' is selected.
17:16:02 INFO  : Hardware design and registers information is loaded from '/users/students/r0933784/DDP/sw_package_2026/sw_project/project_sw/ecc_project_wrapper/export/ecc_project_wrapper/hw/ecc_project_wrapper.xsa'.
17:16:02 INFO  : 'configparams force-mem-access 1' command is executed.
17:16:02 INFO  : Context for 'APU' is selected.
17:16:02 INFO  : Sourcing of '/users/students/r0933784/DDP/sw_package_2026/sw_project/project_sw/sw_design/_ide/psinit/ps7_init.tcl' is done.
17:16:02 INFO  : 'ps7_init' command is executed.
17:16:02 INFO  : 'ps7_post_config' command is executed.
17:16:02 INFO  : Context for processor 'ps7_cortexa9_0' is selected.
17:16:02 INFO  : The application '/users/students/r0933784/DDP/sw_package_2026/sw_project/project_sw/sw_design/Debug/sw_design.elf' is downloaded to processor 'ps7_cortexa9_0'.
17:16:02 INFO  : 'configparams force-mem-access 0' command is executed.
17:16:02 INFO  : ----------------XSDB Script----------------
connect -url tcp:127.0.0.1:3121
targets -set -nocase -filter {name =~"APU*"}
rst -system
after 3000
targets -set -filter {jtag_cable_name =~ "Xilinx TUL 1234-tulA" && level==0 && jtag_device_ctx=="jsn-TUL-1234-tulA-23727093-0"}
fpga -file /users/students/r0933784/DDP/sw_package_2026/sw_project/project_sw/sw_design/_ide/bitstream/rsa_project_wrapper.bit
targets -set -nocase -filter {name =~"APU*"}
loadhw -hw /users/students/r0933784/DDP/sw_package_2026/sw_project/project_sw/ecc_project_wrapper/export/ecc_project_wrapper/hw/ecc_project_wrapper.xsa -mem-ranges [list {0x40000000 0xbfffffff}] -regs
configparams force-mem-access 1
targets -set -nocase -filter {name =~"APU*"}
source /users/students/r0933784/DDP/sw_package_2026/sw_project/project_sw/sw_design/_ide/psinit/ps7_init.tcl
ps7_init
ps7_post_config
targets -set -nocase -filter {name =~ "*A9*#0"}
dow /users/students/r0933784/DDP/sw_package_2026/sw_project/project_sw/sw_design/Debug/sw_design.elf
configparams force-mem-access 0
----------------End of Script----------------

17:16:02 INFO  : Context for processor 'ps7_cortexa9_0' is selected.
17:16:02 INFO  : 'con' command is executed.
17:16:02 INFO  : ----------------XSDB Script (After Launch)----------------
targets -set -nocase -filter {name =~ "*A9*#0"}
con
----------------End of Script----------------

17:16:02 INFO  : Launch script is exported to file '/users/students/r0933784/DDP/sw_package_2026/sw_project/project_sw/sw_design_system/_ide/scripts/systemdebugger_sw_design_system_standalone.tcl'
17:19:09 INFO  : Checking for BSP changes to sync application flags for project 'sw_design'...
17:19:22 INFO  : Disconnected from the channel tcfchan#9.
17:19:22 INFO  : Connected to target on host '127.0.0.1' and port '3121'.
17:19:23 INFO  : Jtag cable 'Xilinx TUL 1234-tulA' is selected.
17:19:23 INFO  : 'jtag frequency' command is executed.
17:19:23 INFO  : Context for 'APU' is selected.
17:19:23 INFO  : System reset is completed.
17:19:26 INFO  : 'after 3000' command is executed.
17:19:26 INFO  : 'targets -set -filter {jtag_cable_name =~ "Xilinx TUL 1234-tulA" && level==0 && jtag_device_ctx=="jsn-TUL-1234-tulA-23727093-0"}' command is executed.
17:19:28 INFO  : Device configured successfully with "/users/students/r0933784/DDP/sw_package_2026/sw_project/project_sw/sw_design/_ide/bitstream/rsa_project_wrapper.bit"
17:19:28 INFO  : Context for 'APU' is selected.
17:19:28 INFO  : Hardware design and registers information is loaded from '/users/students/r0933784/DDP/sw_package_2026/sw_project/project_sw/ecc_project_wrapper/export/ecc_project_wrapper/hw/ecc_project_wrapper.xsa'.
17:19:28 INFO  : 'configparams force-mem-access 1' command is executed.
17:19:28 INFO  : Context for 'APU' is selected.
17:19:28 INFO  : Sourcing of '/users/students/r0933784/DDP/sw_package_2026/sw_project/project_sw/sw_design/_ide/psinit/ps7_init.tcl' is done.
17:19:28 INFO  : 'ps7_init' command is executed.
17:19:28 INFO  : 'ps7_post_config' command is executed.
17:19:28 INFO  : Context for processor 'ps7_cortexa9_0' is selected.
17:19:28 INFO  : The application '/users/students/r0933784/DDP/sw_package_2026/sw_project/project_sw/sw_design/Debug/sw_design.elf' is downloaded to processor 'ps7_cortexa9_0'.
17:19:28 INFO  : 'configparams force-mem-access 0' command is executed.
17:19:28 INFO  : ----------------XSDB Script----------------
connect -url tcp:127.0.0.1:3121
targets -set -nocase -filter {name =~"APU*"}
rst -system
after 3000
targets -set -filter {jtag_cable_name =~ "Xilinx TUL 1234-tulA" && level==0 && jtag_device_ctx=="jsn-TUL-1234-tulA-23727093-0"}
fpga -file /users/students/r0933784/DDP/sw_package_2026/sw_project/project_sw/sw_design/_ide/bitstream/rsa_project_wrapper.bit
targets -set -nocase -filter {name =~"APU*"}
loadhw -hw /users/students/r0933784/DDP/sw_package_2026/sw_project/project_sw/ecc_project_wrapper/export/ecc_project_wrapper/hw/ecc_project_wrapper.xsa -mem-ranges [list {0x40000000 0xbfffffff}] -regs
configparams force-mem-access 1
targets -set -nocase -filter {name =~"APU*"}
source /users/students/r0933784/DDP/sw_package_2026/sw_project/project_sw/sw_design/_ide/psinit/ps7_init.tcl
ps7_init
ps7_post_config
targets -set -nocase -filter {name =~ "*A9*#0"}
dow /users/students/r0933784/DDP/sw_package_2026/sw_project/project_sw/sw_design/Debug/sw_design.elf
configparams force-mem-access 0
----------------End of Script----------------

17:19:28 INFO  : Context for processor 'ps7_cortexa9_0' is selected.
17:19:28 INFO  : 'con' command is executed.
17:19:28 INFO  : ----------------XSDB Script (After Launch)----------------
targets -set -nocase -filter {name =~ "*A9*#0"}
con
----------------End of Script----------------

17:19:28 INFO  : Launch script is exported to file '/users/students/r0933784/DDP/sw_package_2026/sw_project/project_sw/sw_design_system/_ide/scripts/systemdebugger_sw_design_system_standalone.tcl'
17:21:03 INFO  : Checking for BSP changes to sync application flags for project 'sw_design'...
17:21:15 INFO  : Disconnected from the channel tcfchan#11.
17:21:15 INFO  : Connected to target on host '127.0.0.1' and port '3121'.
17:21:16 INFO  : Jtag cable 'Xilinx TUL 1234-tulA' is selected.
17:21:16 INFO  : 'jtag frequency' command is executed.
17:21:16 INFO  : Context for 'APU' is selected.
17:21:16 INFO  : System reset is completed.
17:21:19 INFO  : 'after 3000' command is executed.
17:21:19 INFO  : 'targets -set -filter {jtag_cable_name =~ "Xilinx TUL 1234-tulA" && level==0 && jtag_device_ctx=="jsn-TUL-1234-tulA-23727093-0"}' command is executed.
17:21:21 INFO  : Device configured successfully with "/users/students/r0933784/DDP/sw_package_2026/sw_project/project_sw/sw_design/_ide/bitstream/rsa_project_wrapper.bit"
17:21:21 INFO  : Context for 'APU' is selected.
17:21:21 INFO  : Hardware design and registers information is loaded from '/users/students/r0933784/DDP/sw_package_2026/sw_project/project_sw/ecc_project_wrapper/export/ecc_project_wrapper/hw/ecc_project_wrapper.xsa'.
17:21:21 INFO  : 'configparams force-mem-access 1' command is executed.
17:21:21 INFO  : Context for 'APU' is selected.
17:21:21 INFO  : Sourcing of '/users/students/r0933784/DDP/sw_package_2026/sw_project/project_sw/sw_design/_ide/psinit/ps7_init.tcl' is done.
17:21:21 INFO  : 'ps7_init' command is executed.
17:21:21 INFO  : 'ps7_post_config' command is executed.
17:21:21 INFO  : Context for processor 'ps7_cortexa9_0' is selected.
17:21:21 INFO  : The application '/users/students/r0933784/DDP/sw_package_2026/sw_project/project_sw/sw_design/Debug/sw_design.elf' is downloaded to processor 'ps7_cortexa9_0'.
17:21:21 INFO  : 'configparams force-mem-access 0' command is executed.
17:21:21 INFO  : ----------------XSDB Script----------------
connect -url tcp:127.0.0.1:3121
targets -set -nocase -filter {name =~"APU*"}
rst -system
after 3000
targets -set -filter {jtag_cable_name =~ "Xilinx TUL 1234-tulA" && level==0 && jtag_device_ctx=="jsn-TUL-1234-tulA-23727093-0"}
fpga -file /users/students/r0933784/DDP/sw_package_2026/sw_project/project_sw/sw_design/_ide/bitstream/rsa_project_wrapper.bit
targets -set -nocase -filter {name =~"APU*"}
loadhw -hw /users/students/r0933784/DDP/sw_package_2026/sw_project/project_sw/ecc_project_wrapper/export/ecc_project_wrapper/hw/ecc_project_wrapper.xsa -mem-ranges [list {0x40000000 0xbfffffff}] -regs
configparams force-mem-access 1
targets -set -nocase -filter {name =~"APU*"}
source /users/students/r0933784/DDP/sw_package_2026/sw_project/project_sw/sw_design/_ide/psinit/ps7_init.tcl
ps7_init
ps7_post_config
targets -set -nocase -filter {name =~ "*A9*#0"}
dow /users/students/r0933784/DDP/sw_package_2026/sw_project/project_sw/sw_design/Debug/sw_design.elf
configparams force-mem-access 0
----------------End of Script----------------

17:21:21 INFO  : Context for processor 'ps7_cortexa9_0' is selected.
17:21:21 INFO  : 'con' command is executed.
17:21:21 INFO  : ----------------XSDB Script (After Launch)----------------
targets -set -nocase -filter {name =~ "*A9*#0"}
con
----------------End of Script----------------

17:21:21 INFO  : Launch script is exported to file '/users/students/r0933784/DDP/sw_package_2026/sw_project/project_sw/sw_design_system/_ide/scripts/systemdebugger_sw_design_system_standalone.tcl'
17:26:08 INFO  : Checking for BSP changes to sync application flags for project 'sw_design'...
17:26:46 INFO  : Checking for BSP changes to sync application flags for project 'sw_design'...
17:27:06 INFO  : Checking for BSP changes to sync application flags for project 'sw_design'...
17:28:46 INFO  : Checking for BSP changes to sync application flags for project 'sw_design'...
17:38:37 INFO  : Checking for BSP changes to sync application flags for project 'sw_design'...
17:39:26 INFO  : Disconnected from the channel tcfchan#13.
17:39:26 INFO  : Connected to target on host '127.0.0.1' and port '3121'.
17:39:26 INFO  : Jtag cable 'Xilinx TUL 1234-tulA' is selected.
17:39:26 INFO  : 'jtag frequency' command is executed.
17:39:26 INFO  : Context for 'APU' is selected.
17:39:26 INFO  : System reset is completed.
17:39:29 INFO  : 'after 3000' command is executed.
17:39:29 INFO  : 'targets -set -filter {jtag_cable_name =~ "Xilinx TUL 1234-tulA" && level==0 && jtag_device_ctx=="jsn-TUL-1234-tulA-23727093-0"}' command is executed.
17:39:32 INFO  : Device configured successfully with "/users/students/r0933784/DDP/sw_package_2026/sw_project/project_sw/sw_design/_ide/bitstream/rsa_project_wrapper.bit"
17:39:32 INFO  : Context for 'APU' is selected.
17:39:32 INFO  : Hardware design and registers information is loaded from '/users/students/r0933784/DDP/sw_package_2026/sw_project/project_sw/ecc_project_wrapper/export/ecc_project_wrapper/hw/ecc_project_wrapper.xsa'.
17:39:32 INFO  : 'configparams force-mem-access 1' command is executed.
17:39:32 INFO  : Context for 'APU' is selected.
17:39:32 INFO  : Sourcing of '/users/students/r0933784/DDP/sw_package_2026/sw_project/project_sw/sw_design/_ide/psinit/ps7_init.tcl' is done.
17:39:32 INFO  : 'ps7_init' command is executed.
17:39:32 INFO  : 'ps7_post_config' command is executed.
17:39:32 INFO  : Context for processor 'ps7_cortexa9_0' is selected.
17:39:32 INFO  : The application '/users/students/r0933784/DDP/sw_package_2026/sw_project/project_sw/sw_design/Debug/sw_design.elf' is downloaded to processor 'ps7_cortexa9_0'.
17:39:32 INFO  : 'configparams force-mem-access 0' command is executed.
17:39:32 INFO  : ----------------XSDB Script----------------
connect -url tcp:127.0.0.1:3121
targets -set -nocase -filter {name =~"APU*"}
rst -system
after 3000
targets -set -filter {jtag_cable_name =~ "Xilinx TUL 1234-tulA" && level==0 && jtag_device_ctx=="jsn-TUL-1234-tulA-23727093-0"}
fpga -file /users/students/r0933784/DDP/sw_package_2026/sw_project/project_sw/sw_design/_ide/bitstream/rsa_project_wrapper.bit
targets -set -nocase -filter {name =~"APU*"}
loadhw -hw /users/students/r0933784/DDP/sw_package_2026/sw_project/project_sw/ecc_project_wrapper/export/ecc_project_wrapper/hw/ecc_project_wrapper.xsa -mem-ranges [list {0x40000000 0xbfffffff}] -regs
configparams force-mem-access 1
targets -set -nocase -filter {name =~"APU*"}
source /users/students/r0933784/DDP/sw_package_2026/sw_project/project_sw/sw_design/_ide/psinit/ps7_init.tcl
ps7_init
ps7_post_config
targets -set -nocase -filter {name =~ "*A9*#0"}
dow /users/students/r0933784/DDP/sw_package_2026/sw_project/project_sw/sw_design/Debug/sw_design.elf
configparams force-mem-access 0
----------------End of Script----------------

17:39:32 INFO  : Context for processor 'ps7_cortexa9_0' is selected.
17:39:32 INFO  : 'con' command is executed.
17:39:32 INFO  : ----------------XSDB Script (After Launch)----------------
targets -set -nocase -filter {name =~ "*A9*#0"}
con
----------------End of Script----------------

17:39:32 INFO  : Launch script is exported to file '/users/students/r0933784/DDP/sw_package_2026/sw_project/project_sw/sw_design_system/_ide/scripts/systemdebugger_sw_design_system_standalone.tcl'
17:40:13 INFO  : Checking for BSP changes to sync application flags for project 'sw_design'...
17:40:29 INFO  : Disconnected from the channel tcfchan#18.
17:40:29 INFO  : Connected to target on host '127.0.0.1' and port '3121'.
17:40:29 INFO  : Jtag cable 'Xilinx TUL 1234-tulA' is selected.
17:40:29 INFO  : 'jtag frequency' command is executed.
17:40:29 INFO  : Context for 'APU' is selected.
17:40:29 INFO  : System reset is completed.
17:40:32 INFO  : 'after 3000' command is executed.
17:40:32 INFO  : 'targets -set -filter {jtag_cable_name =~ "Xilinx TUL 1234-tulA" && level==0 && jtag_device_ctx=="jsn-TUL-1234-tulA-23727093-0"}' command is executed.
17:40:35 INFO  : Device configured successfully with "/users/students/r0933784/DDP/sw_package_2026/sw_project/project_sw/sw_design/_ide/bitstream/rsa_project_wrapper.bit"
17:40:35 INFO  : Context for 'APU' is selected.
17:40:35 INFO  : Hardware design and registers information is loaded from '/users/students/r0933784/DDP/sw_package_2026/sw_project/project_sw/ecc_project_wrapper/export/ecc_project_wrapper/hw/ecc_project_wrapper.xsa'.
17:40:35 INFO  : 'configparams force-mem-access 1' command is executed.
17:40:35 INFO  : Context for 'APU' is selected.
17:40:35 INFO  : Sourcing of '/users/students/r0933784/DDP/sw_package_2026/sw_project/project_sw/sw_design/_ide/psinit/ps7_init.tcl' is done.
17:40:35 INFO  : 'ps7_init' command is executed.
17:40:35 INFO  : 'ps7_post_config' command is executed.
17:40:35 INFO  : Context for processor 'ps7_cortexa9_0' is selected.
17:40:35 INFO  : The application '/users/students/r0933784/DDP/sw_package_2026/sw_project/project_sw/sw_design/Debug/sw_design.elf' is downloaded to processor 'ps7_cortexa9_0'.
17:40:35 INFO  : 'configparams force-mem-access 0' command is executed.
17:40:35 INFO  : ----------------XSDB Script----------------
connect -url tcp:127.0.0.1:3121
targets -set -nocase -filter {name =~"APU*"}
rst -system
after 3000
targets -set -filter {jtag_cable_name =~ "Xilinx TUL 1234-tulA" && level==0 && jtag_device_ctx=="jsn-TUL-1234-tulA-23727093-0"}
fpga -file /users/students/r0933784/DDP/sw_package_2026/sw_project/project_sw/sw_design/_ide/bitstream/rsa_project_wrapper.bit
targets -set -nocase -filter {name =~"APU*"}
loadhw -hw /users/students/r0933784/DDP/sw_package_2026/sw_project/project_sw/ecc_project_wrapper/export/ecc_project_wrapper/hw/ecc_project_wrapper.xsa -mem-ranges [list {0x40000000 0xbfffffff}] -regs
configparams force-mem-access 1
targets -set -nocase -filter {name =~"APU*"}
source /users/students/r0933784/DDP/sw_package_2026/sw_project/project_sw/sw_design/_ide/psinit/ps7_init.tcl
ps7_init
ps7_post_config
targets -set -nocase -filter {name =~ "*A9*#0"}
dow /users/students/r0933784/DDP/sw_package_2026/sw_project/project_sw/sw_design/Debug/sw_design.elf
configparams force-mem-access 0
----------------End of Script----------------

17:40:35 INFO  : Context for processor 'ps7_cortexa9_0' is selected.
17:40:35 INFO  : 'con' command is executed.
17:40:35 INFO  : ----------------XSDB Script (After Launch)----------------
targets -set -nocase -filter {name =~ "*A9*#0"}
con
----------------End of Script----------------

17:40:35 INFO  : Launch script is exported to file '/users/students/r0933784/DDP/sw_package_2026/sw_project/project_sw/sw_design_system/_ide/scripts/systemdebugger_sw_design_system_standalone.tcl'
17:44:28 INFO  : Checking for BSP changes to sync application flags for project 'sw_design'...
17:44:45 INFO  : Disconnected from the channel tcfchan#20.
17:44:45 INFO  : Connected to target on host '127.0.0.1' and port '3121'.
17:44:45 INFO  : Jtag cable 'Xilinx TUL 1234-tulA' is selected.
17:44:45 INFO  : 'jtag frequency' command is executed.
17:44:45 INFO  : Context for 'APU' is selected.
17:44:45 INFO  : System reset is completed.
17:44:48 INFO  : 'after 3000' command is executed.
17:44:48 INFO  : 'targets -set -filter {jtag_cable_name =~ "Xilinx TUL 1234-tulA" && level==0 && jtag_device_ctx=="jsn-TUL-1234-tulA-23727093-0"}' command is executed.
17:44:50 INFO  : Device configured successfully with "/users/students/r0933784/DDP/sw_package_2026/sw_project/project_sw/sw_design/_ide/bitstream/rsa_project_wrapper.bit"
17:44:50 INFO  : Context for 'APU' is selected.
17:44:50 INFO  : Hardware design and registers information is loaded from '/users/students/r0933784/DDP/sw_package_2026/sw_project/project_sw/ecc_project_wrapper/export/ecc_project_wrapper/hw/ecc_project_wrapper.xsa'.
17:44:50 INFO  : 'configparams force-mem-access 1' command is executed.
17:44:50 INFO  : Context for 'APU' is selected.
17:44:50 INFO  : Sourcing of '/users/students/r0933784/DDP/sw_package_2026/sw_project/project_sw/sw_design/_ide/psinit/ps7_init.tcl' is done.
17:44:50 INFO  : 'ps7_init' command is executed.
17:44:50 INFO  : 'ps7_post_config' command is executed.
17:44:50 INFO  : Context for processor 'ps7_cortexa9_0' is selected.
17:44:51 INFO  : The application '/users/students/r0933784/DDP/sw_package_2026/sw_project/project_sw/sw_design/Debug/sw_design.elf' is downloaded to processor 'ps7_cortexa9_0'.
17:44:51 INFO  : 'configparams force-mem-access 0' command is executed.
17:44:51 INFO  : ----------------XSDB Script----------------
connect -url tcp:127.0.0.1:3121
targets -set -nocase -filter {name =~"APU*"}
rst -system
after 3000
targets -set -filter {jtag_cable_name =~ "Xilinx TUL 1234-tulA" && level==0 && jtag_device_ctx=="jsn-TUL-1234-tulA-23727093-0"}
fpga -file /users/students/r0933784/DDP/sw_package_2026/sw_project/project_sw/sw_design/_ide/bitstream/rsa_project_wrapper.bit
targets -set -nocase -filter {name =~"APU*"}
loadhw -hw /users/students/r0933784/DDP/sw_package_2026/sw_project/project_sw/ecc_project_wrapper/export/ecc_project_wrapper/hw/ecc_project_wrapper.xsa -mem-ranges [list {0x40000000 0xbfffffff}] -regs
configparams force-mem-access 1
targets -set -nocase -filter {name =~"APU*"}
source /users/students/r0933784/DDP/sw_package_2026/sw_project/project_sw/sw_design/_ide/psinit/ps7_init.tcl
ps7_init
ps7_post_config
targets -set -nocase -filter {name =~ "*A9*#0"}
dow /users/students/r0933784/DDP/sw_package_2026/sw_project/project_sw/sw_design/Debug/sw_design.elf
configparams force-mem-access 0
----------------End of Script----------------

17:44:51 INFO  : Context for processor 'ps7_cortexa9_0' is selected.
17:44:51 INFO  : 'con' command is executed.
17:44:51 INFO  : ----------------XSDB Script (After Launch)----------------
targets -set -nocase -filter {name =~ "*A9*#0"}
con
----------------End of Script----------------

17:44:51 INFO  : Launch script is exported to file '/users/students/r0933784/DDP/sw_package_2026/sw_project/project_sw/sw_design_system/_ide/scripts/systemdebugger_sw_design_system_standalone.tcl'
17:45:24 INFO  : Checking for BSP changes to sync application flags for project 'sw_design'...
17:45:54 INFO  : Disconnected from the channel tcfchan#22.
17:45:54 INFO  : Connected to target on host '127.0.0.1' and port '3121'.
17:45:54 INFO  : Jtag cable 'Xilinx TUL 1234-tulA' is selected.
17:45:54 INFO  : 'jtag frequency' command is executed.
17:45:54 INFO  : Context for 'APU' is selected.
17:45:54 INFO  : System reset is completed.
17:45:57 INFO  : 'after 3000' command is executed.
17:45:57 INFO  : 'targets -set -filter {jtag_cable_name =~ "Xilinx TUL 1234-tulA" && level==0 && jtag_device_ctx=="jsn-TUL-1234-tulA-23727093-0"}' command is executed.
17:45:59 INFO  : Device configured successfully with "/users/students/r0933784/DDP/sw_package_2026/sw_project/project_sw/sw_design/_ide/bitstream/rsa_project_wrapper.bit"
17:45:59 INFO  : Context for 'APU' is selected.
17:45:59 INFO  : Hardware design and registers information is loaded from '/users/students/r0933784/DDP/sw_package_2026/sw_project/project_sw/ecc_project_wrapper/export/ecc_project_wrapper/hw/ecc_project_wrapper.xsa'.
17:45:59 INFO  : 'configparams force-mem-access 1' command is executed.
17:45:59 INFO  : Context for 'APU' is selected.
17:45:59 INFO  : Sourcing of '/users/students/r0933784/DDP/sw_package_2026/sw_project/project_sw/sw_design/_ide/psinit/ps7_init.tcl' is done.
17:46:00 INFO  : 'ps7_init' command is executed.
17:46:00 INFO  : 'ps7_post_config' command is executed.
17:46:00 INFO  : Context for processor 'ps7_cortexa9_0' is selected.
17:46:00 INFO  : The application '/users/students/r0933784/DDP/sw_package_2026/sw_project/project_sw/sw_design/Debug/sw_design.elf' is downloaded to processor 'ps7_cortexa9_0'.
17:46:00 INFO  : 'configparams force-mem-access 0' command is executed.
17:46:00 INFO  : ----------------XSDB Script----------------
connect -url tcp:127.0.0.1:3121
targets -set -nocase -filter {name =~"APU*"}
rst -system
after 3000
targets -set -filter {jtag_cable_name =~ "Xilinx TUL 1234-tulA" && level==0 && jtag_device_ctx=="jsn-TUL-1234-tulA-23727093-0"}
fpga -file /users/students/r0933784/DDP/sw_package_2026/sw_project/project_sw/sw_design/_ide/bitstream/rsa_project_wrapper.bit
targets -set -nocase -filter {name =~"APU*"}
loadhw -hw /users/students/r0933784/DDP/sw_package_2026/sw_project/project_sw/ecc_project_wrapper/export/ecc_project_wrapper/hw/ecc_project_wrapper.xsa -mem-ranges [list {0x40000000 0xbfffffff}] -regs
configparams force-mem-access 1
targets -set -nocase -filter {name =~"APU*"}
source /users/students/r0933784/DDP/sw_package_2026/sw_project/project_sw/sw_design/_ide/psinit/ps7_init.tcl
ps7_init
ps7_post_config
targets -set -nocase -filter {name =~ "*A9*#0"}
dow /users/students/r0933784/DDP/sw_package_2026/sw_project/project_sw/sw_design/Debug/sw_design.elf
configparams force-mem-access 0
----------------End of Script----------------

17:46:00 INFO  : Context for processor 'ps7_cortexa9_0' is selected.
17:46:00 INFO  : 'con' command is executed.
17:46:00 INFO  : ----------------XSDB Script (After Launch)----------------
targets -set -nocase -filter {name =~ "*A9*#0"}
con
----------------End of Script----------------

17:46:00 INFO  : Launch script is exported to file '/users/students/r0933784/DDP/sw_package_2026/sw_project/project_sw/sw_design_system/_ide/scripts/systemdebugger_sw_design_system_standalone.tcl'
17:48:11 INFO  : Checking for BSP changes to sync application flags for project 'sw_design'...
17:48:34 INFO  : Disconnected from the channel tcfchan#24.
17:48:34 INFO  : Connected to target on host '127.0.0.1' and port '3121'.
17:48:34 INFO  : Jtag cable 'Xilinx TUL 1234-tulA' is selected.
17:48:34 INFO  : 'jtag frequency' command is executed.
17:48:34 INFO  : Context for 'APU' is selected.
17:48:34 INFO  : System reset is completed.
17:48:37 INFO  : 'after 3000' command is executed.
17:48:37 INFO  : 'targets -set -filter {jtag_cable_name =~ "Xilinx TUL 1234-tulA" && level==0 && jtag_device_ctx=="jsn-TUL-1234-tulA-23727093-0"}' command is executed.
17:48:40 INFO  : Device configured successfully with "/users/students/r0933784/DDP/sw_package_2026/sw_project/project_sw/sw_design/_ide/bitstream/rsa_project_wrapper.bit"
17:48:40 INFO  : Context for 'APU' is selected.
17:48:40 INFO  : Hardware design and registers information is loaded from '/users/students/r0933784/DDP/sw_package_2026/sw_project/project_sw/ecc_project_wrapper/export/ecc_project_wrapper/hw/ecc_project_wrapper.xsa'.
17:48:40 INFO  : 'configparams force-mem-access 1' command is executed.
17:48:40 INFO  : Context for 'APU' is selected.
17:48:40 INFO  : Sourcing of '/users/students/r0933784/DDP/sw_package_2026/sw_project/project_sw/sw_design/_ide/psinit/ps7_init.tcl' is done.
17:48:40 INFO  : 'ps7_init' command is executed.
17:48:40 INFO  : 'ps7_post_config' command is executed.
17:48:40 INFO  : Context for processor 'ps7_cortexa9_0' is selected.
17:48:40 INFO  : The application '/users/students/r0933784/DDP/sw_package_2026/sw_project/project_sw/sw_design/Debug/sw_design.elf' is downloaded to processor 'ps7_cortexa9_0'.
17:48:40 INFO  : 'configparams force-mem-access 0' command is executed.
17:48:40 INFO  : ----------------XSDB Script----------------
connect -url tcp:127.0.0.1:3121
targets -set -nocase -filter {name =~"APU*"}
rst -system
after 3000
targets -set -filter {jtag_cable_name =~ "Xilinx TUL 1234-tulA" && level==0 && jtag_device_ctx=="jsn-TUL-1234-tulA-23727093-0"}
fpga -file /users/students/r0933784/DDP/sw_package_2026/sw_project/project_sw/sw_design/_ide/bitstream/rsa_project_wrapper.bit
targets -set -nocase -filter {name =~"APU*"}
loadhw -hw /users/students/r0933784/DDP/sw_package_2026/sw_project/project_sw/ecc_project_wrapper/export/ecc_project_wrapper/hw/ecc_project_wrapper.xsa -mem-ranges [list {0x40000000 0xbfffffff}] -regs
configparams force-mem-access 1
targets -set -nocase -filter {name =~"APU*"}
source /users/students/r0933784/DDP/sw_package_2026/sw_project/project_sw/sw_design/_ide/psinit/ps7_init.tcl
ps7_init
ps7_post_config
targets -set -nocase -filter {name =~ "*A9*#0"}
dow /users/students/r0933784/DDP/sw_package_2026/sw_project/project_sw/sw_design/Debug/sw_design.elf
configparams force-mem-access 0
----------------End of Script----------------

17:48:40 INFO  : Context for processor 'ps7_cortexa9_0' is selected.
17:48:40 INFO  : 'con' command is executed.
17:48:40 INFO  : ----------------XSDB Script (After Launch)----------------
targets -set -nocase -filter {name =~ "*A9*#0"}
con
----------------End of Script----------------

17:48:40 INFO  : Launch script is exported to file '/users/students/r0933784/DDP/sw_package_2026/sw_project/project_sw/sw_design_system/_ide/scripts/systemdebugger_sw_design_system_standalone.tcl'
17:51:59 INFO  : Checking for BSP changes to sync application flags for project 'sw_design'...
17:52:08 INFO  : Disconnected from the channel tcfchan#26.
17:52:08 INFO  : Connected to target on host '127.0.0.1' and port '3121'.
17:52:08 INFO  : Jtag cable 'Xilinx TUL 1234-tulA' is selected.
17:52:08 INFO  : 'jtag frequency' command is executed.
17:52:08 INFO  : Context for 'APU' is selected.
17:52:08 INFO  : System reset is completed.
17:52:11 INFO  : 'after 3000' command is executed.
17:52:11 INFO  : 'targets -set -filter {jtag_cable_name =~ "Xilinx TUL 1234-tulA" && level==0 && jtag_device_ctx=="jsn-TUL-1234-tulA-23727093-0"}' command is executed.
17:52:13 INFO  : Device configured successfully with "/users/students/r0933784/DDP/sw_package_2026/sw_project/project_sw/sw_design/_ide/bitstream/rsa_project_wrapper.bit"
17:52:13 INFO  : Context for 'APU' is selected.
17:52:13 INFO  : Hardware design and registers information is loaded from '/users/students/r0933784/DDP/sw_package_2026/sw_project/project_sw/ecc_project_wrapper/export/ecc_project_wrapper/hw/ecc_project_wrapper.xsa'.
17:52:13 INFO  : 'configparams force-mem-access 1' command is executed.
17:52:13 INFO  : Context for 'APU' is selected.
17:52:13 INFO  : Sourcing of '/users/students/r0933784/DDP/sw_package_2026/sw_project/project_sw/sw_design/_ide/psinit/ps7_init.tcl' is done.
17:52:14 INFO  : 'ps7_init' command is executed.
17:52:14 INFO  : 'ps7_post_config' command is executed.
17:52:14 INFO  : Context for processor 'ps7_cortexa9_0' is selected.
17:52:14 INFO  : The application '/users/students/r0933784/DDP/sw_package_2026/sw_project/project_sw/sw_design/Debug/sw_design.elf' is downloaded to processor 'ps7_cortexa9_0'.
17:52:14 INFO  : 'configparams force-mem-access 0' command is executed.
17:52:14 INFO  : ----------------XSDB Script----------------
connect -url tcp:127.0.0.1:3121
targets -set -nocase -filter {name =~"APU*"}
rst -system
after 3000
targets -set -filter {jtag_cable_name =~ "Xilinx TUL 1234-tulA" && level==0 && jtag_device_ctx=="jsn-TUL-1234-tulA-23727093-0"}
fpga -file /users/students/r0933784/DDP/sw_package_2026/sw_project/project_sw/sw_design/_ide/bitstream/rsa_project_wrapper.bit
targets -set -nocase -filter {name =~"APU*"}
loadhw -hw /users/students/r0933784/DDP/sw_package_2026/sw_project/project_sw/ecc_project_wrapper/export/ecc_project_wrapper/hw/ecc_project_wrapper.xsa -mem-ranges [list {0x40000000 0xbfffffff}] -regs
configparams force-mem-access 1
targets -set -nocase -filter {name =~"APU*"}
source /users/students/r0933784/DDP/sw_package_2026/sw_project/project_sw/sw_design/_ide/psinit/ps7_init.tcl
ps7_init
ps7_post_config
targets -set -nocase -filter {name =~ "*A9*#0"}
dow /users/students/r0933784/DDP/sw_package_2026/sw_project/project_sw/sw_design/Debug/sw_design.elf
configparams force-mem-access 0
----------------End of Script----------------

17:52:14 INFO  : Context for processor 'ps7_cortexa9_0' is selected.
17:52:14 INFO  : 'con' command is executed.
17:52:14 INFO  : ----------------XSDB Script (After Launch)----------------
targets -set -nocase -filter {name =~ "*A9*#0"}
con
----------------End of Script----------------

17:52:14 INFO  : Launch script is exported to file '/users/students/r0933784/DDP/sw_package_2026/sw_project/project_sw/sw_design_system/_ide/scripts/systemdebugger_sw_design_system_standalone.tcl'
17:52:51 INFO  : Checking for BSP changes to sync application flags for project 'sw_design'...
17:53:08 INFO  : Disconnected from the channel tcfchan#28.
17:53:08 INFO  : Connected to target on host '127.0.0.1' and port '3121'.
17:53:08 INFO  : Jtag cable 'Xilinx TUL 1234-tulA' is selected.
17:53:08 INFO  : 'jtag frequency' command is executed.
17:53:08 INFO  : Context for 'APU' is selected.
17:53:08 INFO  : System reset is completed.
17:53:11 INFO  : 'after 3000' command is executed.
17:53:11 INFO  : 'targets -set -filter {jtag_cable_name =~ "Xilinx TUL 1234-tulA" && level==0 && jtag_device_ctx=="jsn-TUL-1234-tulA-23727093-0"}' command is executed.
17:53:14 INFO  : Device configured successfully with "/users/students/r0933784/DDP/sw_package_2026/sw_project/project_sw/sw_design/_ide/bitstream/rsa_project_wrapper.bit"
17:53:14 INFO  : Context for 'APU' is selected.
17:53:14 INFO  : Hardware design and registers information is loaded from '/users/students/r0933784/DDP/sw_package_2026/sw_project/project_sw/ecc_project_wrapper/export/ecc_project_wrapper/hw/ecc_project_wrapper.xsa'.
17:53:14 INFO  : 'configparams force-mem-access 1' command is executed.
17:53:14 INFO  : Context for 'APU' is selected.
17:53:14 INFO  : Sourcing of '/users/students/r0933784/DDP/sw_package_2026/sw_project/project_sw/sw_design/_ide/psinit/ps7_init.tcl' is done.
17:53:14 INFO  : 'ps7_init' command is executed.
17:53:14 INFO  : 'ps7_post_config' command is executed.
17:53:14 INFO  : Context for processor 'ps7_cortexa9_0' is selected.
17:53:14 INFO  : The application '/users/students/r0933784/DDP/sw_package_2026/sw_project/project_sw/sw_design/Debug/sw_design.elf' is downloaded to processor 'ps7_cortexa9_0'.
17:53:14 INFO  : 'configparams force-mem-access 0' command is executed.
17:53:14 INFO  : ----------------XSDB Script----------------
connect -url tcp:127.0.0.1:3121
targets -set -nocase -filter {name =~"APU*"}
rst -system
after 3000
targets -set -filter {jtag_cable_name =~ "Xilinx TUL 1234-tulA" && level==0 && jtag_device_ctx=="jsn-TUL-1234-tulA-23727093-0"}
fpga -file /users/students/r0933784/DDP/sw_package_2026/sw_project/project_sw/sw_design/_ide/bitstream/rsa_project_wrapper.bit
targets -set -nocase -filter {name =~"APU*"}
loadhw -hw /users/students/r0933784/DDP/sw_package_2026/sw_project/project_sw/ecc_project_wrapper/export/ecc_project_wrapper/hw/ecc_project_wrapper.xsa -mem-ranges [list {0x40000000 0xbfffffff}] -regs
configparams force-mem-access 1
targets -set -nocase -filter {name =~"APU*"}
source /users/students/r0933784/DDP/sw_package_2026/sw_project/project_sw/sw_design/_ide/psinit/ps7_init.tcl
ps7_init
ps7_post_config
targets -set -nocase -filter {name =~ "*A9*#0"}
dow /users/students/r0933784/DDP/sw_package_2026/sw_project/project_sw/sw_design/Debug/sw_design.elf
configparams force-mem-access 0
----------------End of Script----------------

17:53:14 INFO  : Context for processor 'ps7_cortexa9_0' is selected.
17:53:14 INFO  : 'con' command is executed.
17:53:14 INFO  : ----------------XSDB Script (After Launch)----------------
targets -set -nocase -filter {name =~ "*A9*#0"}
con
----------------End of Script----------------

17:53:14 INFO  : Launch script is exported to file '/users/students/r0933784/DDP/sw_package_2026/sw_project/project_sw/sw_design_system/_ide/scripts/systemdebugger_sw_design_system_standalone.tcl'
18:00:26 INFO  : Checking for BSP changes to sync application flags for project 'sw_design'...
18:00:41 INFO  : Connected to target on host '127.0.0.1' and port '3121'.
18:00:41 INFO  : Jtag cable 'Xilinx TUL 1234-tulA' is selected.
18:00:41 INFO  : 'jtag frequency' command is executed.
18:00:41 INFO  : Context for 'APU' is selected.
18:00:41 INFO  : System reset is completed.
18:00:44 INFO  : 'after 3000' command is executed.
18:00:44 INFO  : 'targets -set -filter {jtag_cable_name =~ "Xilinx TUL 1234-tulA" && level==0 && jtag_device_ctx=="jsn-TUL-1234-tulA-23727093-0"}' command is executed.
18:00:47 INFO  : Device configured successfully with "/users/students/r0933784/DDP/sw_package_2026/sw_project/project_sw/sw_design/_ide/bitstream/rsa_project_wrapper.bit"
18:00:47 INFO  : Context for 'APU' is selected.
18:00:47 INFO  : Hardware design and registers information is loaded from '/users/students/r0933784/DDP/sw_package_2026/sw_project/project_sw/ecc_project_wrapper/export/ecc_project_wrapper/hw/ecc_project_wrapper.xsa'.
18:00:47 INFO  : 'configparams force-mem-access 1' command is executed.
18:00:47 INFO  : Context for 'APU' is selected.
18:00:47 INFO  : Sourcing of '/users/students/r0933784/DDP/sw_package_2026/sw_project/project_sw/sw_design/_ide/psinit/ps7_init.tcl' is done.
18:00:47 INFO  : 'ps7_init' command is executed.
18:00:47 INFO  : 'ps7_post_config' command is executed.
18:00:47 INFO  : Context for processor 'ps7_cortexa9_0' is selected.
18:00:47 INFO  : The application '/users/students/r0933784/DDP/sw_package_2026/sw_project/project_sw/sw_design/Debug/sw_design.elf' is downloaded to processor 'ps7_cortexa9_0'.
18:00:47 INFO  : 'configparams force-mem-access 0' command is executed.
18:00:47 INFO  : ----------------XSDB Script----------------
connect -url tcp:127.0.0.1:3121
targets -set -nocase -filter {name =~"APU*"}
rst -system
after 3000
targets -set -filter {jtag_cable_name =~ "Xilinx TUL 1234-tulA" && level==0 && jtag_device_ctx=="jsn-TUL-1234-tulA-23727093-0"}
fpga -file /users/students/r0933784/DDP/sw_package_2026/sw_project/project_sw/sw_design/_ide/bitstream/rsa_project_wrapper.bit
targets -set -nocase -filter {name =~"APU*"}
loadhw -hw /users/students/r0933784/DDP/sw_package_2026/sw_project/project_sw/ecc_project_wrapper/export/ecc_project_wrapper/hw/ecc_project_wrapper.xsa -mem-ranges [list {0x40000000 0xbfffffff}] -regs
configparams force-mem-access 1
targets -set -nocase -filter {name =~"APU*"}
source /users/students/r0933784/DDP/sw_package_2026/sw_project/project_sw/sw_design/_ide/psinit/ps7_init.tcl
ps7_init
ps7_post_config
targets -set -nocase -filter {name =~ "*A9*#0"}
dow /users/students/r0933784/DDP/sw_package_2026/sw_project/project_sw/sw_design/Debug/sw_design.elf
configparams force-mem-access 0
----------------End of Script----------------

18:00:47 INFO  : Context for processor 'ps7_cortexa9_0' is selected.
18:00:47 INFO  : 'con' command is executed.
18:00:47 INFO  : ----------------XSDB Script (After Launch)----------------
targets -set -nocase -filter {name =~ "*A9*#0"}
con
----------------End of Script----------------

18:00:47 INFO  : Launch script is exported to file '/users/students/r0933784/DDP/sw_package_2026/sw_project/project_sw/sw_design_system/_ide/scripts/debugger_sw_design-default.tcl'
18:02:13 INFO  : Build configuration of 'sw_design_system' is updated to 'Release'
18:02:13 INFO  : Build configuration of system project is automatically updated to 'Release'.
18:02:13 INFO  : Checking for BSP changes to sync application flags for project 'sw_design'...
18:02:23 INFO  : Disconnected from the channel tcfchan#30.
18:02:24 INFO  : Connected to target on host '127.0.0.1' and port '3121'.
18:02:24 INFO  : Jtag cable 'Xilinx TUL 1234-tulA' is selected.
18:02:24 INFO  : 'jtag frequency' command is executed.
18:02:24 INFO  : Context for 'APU' is selected.
18:02:24 INFO  : System reset is completed.
18:02:27 INFO  : 'after 3000' command is executed.
18:02:27 INFO  : 'targets -set -filter {jtag_cable_name =~ "Xilinx TUL 1234-tulA" && level==0 && jtag_device_ctx=="jsn-TUL-1234-tulA-23727093-0"}' command is executed.
18:02:30 INFO  : Device configured successfully with "/users/students/r0933784/DDP/sw_package_2026/sw_project/project_sw/sw_design/_ide/bitstream/rsa_project_wrapper.bit"
18:02:30 INFO  : Context for 'APU' is selected.
18:02:30 INFO  : Hardware design and registers information is loaded from '/users/students/r0933784/DDP/sw_package_2026/sw_project/project_sw/ecc_project_wrapper/export/ecc_project_wrapper/hw/ecc_project_wrapper.xsa'.
18:02:30 INFO  : 'configparams force-mem-access 1' command is executed.
18:02:30 INFO  : Context for 'APU' is selected.
18:02:30 INFO  : Sourcing of '/users/students/r0933784/DDP/sw_package_2026/sw_project/project_sw/sw_design/_ide/psinit/ps7_init.tcl' is done.
18:02:30 INFO  : 'ps7_init' command is executed.
18:02:30 INFO  : 'ps7_post_config' command is executed.
18:02:30 INFO  : Context for processor 'ps7_cortexa9_0' is selected.
18:02:30 INFO  : The application '/users/students/r0933784/DDP/sw_package_2026/sw_project/project_sw/sw_design/Release/sw_design.elf' is downloaded to processor 'ps7_cortexa9_0'.
18:02:30 INFO  : 'configparams force-mem-access 0' command is executed.
18:02:30 INFO  : ----------------XSDB Script----------------
connect -url tcp:127.0.0.1:3121
targets -set -nocase -filter {name =~"APU*"}
rst -system
after 3000
targets -set -filter {jtag_cable_name =~ "Xilinx TUL 1234-tulA" && level==0 && jtag_device_ctx=="jsn-TUL-1234-tulA-23727093-0"}
fpga -file /users/students/r0933784/DDP/sw_package_2026/sw_project/project_sw/sw_design/_ide/bitstream/rsa_project_wrapper.bit
targets -set -nocase -filter {name =~"APU*"}
loadhw -hw /users/students/r0933784/DDP/sw_package_2026/sw_project/project_sw/ecc_project_wrapper/export/ecc_project_wrapper/hw/ecc_project_wrapper.xsa -mem-ranges [list {0x40000000 0xbfffffff}] -regs
configparams force-mem-access 1
targets -set -nocase -filter {name =~"APU*"}
source /users/students/r0933784/DDP/sw_package_2026/sw_project/project_sw/sw_design/_ide/psinit/ps7_init.tcl
ps7_init
ps7_post_config
targets -set -nocase -filter {name =~ "*A9*#0"}
dow /users/students/r0933784/DDP/sw_package_2026/sw_project/project_sw/sw_design/Release/sw_design.elf
configparams force-mem-access 0
----------------End of Script----------------

18:02:30 INFO  : Context for processor 'ps7_cortexa9_0' is selected.
18:02:30 INFO  : 'con' command is executed.
18:02:30 INFO  : ----------------XSDB Script (After Launch)----------------
targets -set -nocase -filter {name =~ "*A9*#0"}
con
----------------End of Script----------------

18:02:30 INFO  : Launch script is exported to file '/users/students/r0933784/DDP/sw_package_2026/sw_project/project_sw/sw_design_system/_ide/scripts/debugger_sw_design-default_1.tcl'
18:14:09 INFO  : Checking for BSP changes to sync application flags for project 'sw_design'...
18:14:14 INFO  : Disconnected from the channel tcfchan#31.
18:14:15 INFO  : Connected to target on host '127.0.0.1' and port '3121'.
18:14:15 INFO  : Jtag cable 'Xilinx TUL 1234-tulA' is selected.
18:14:15 INFO  : 'jtag frequency' command is executed.
18:14:15 INFO  : Context for 'APU' is selected.
18:14:15 INFO  : System reset is completed.
18:14:18 INFO  : 'after 3000' command is executed.
18:14:18 INFO  : 'targets -set -filter {jtag_cable_name =~ "Xilinx TUL 1234-tulA" && level==0 && jtag_device_ctx=="jsn-TUL-1234-tulA-23727093-0"}' command is executed.
18:14:20 INFO  : Device configured successfully with "/users/students/r0933784/DDP/sw_package_2026/sw_project/project_sw/sw_design/_ide/bitstream/rsa_project_wrapper.bit"
18:14:20 INFO  : Context for 'APU' is selected.
18:14:20 INFO  : Hardware design and registers information is loaded from '/users/students/r0933784/DDP/sw_package_2026/sw_project/project_sw/ecc_project_wrapper/export/ecc_project_wrapper/hw/ecc_project_wrapper.xsa'.
18:14:20 INFO  : 'configparams force-mem-access 1' command is executed.
18:14:20 INFO  : Context for 'APU' is selected.
18:14:20 INFO  : Sourcing of '/users/students/r0933784/DDP/sw_package_2026/sw_project/project_sw/sw_design/_ide/psinit/ps7_init.tcl' is done.
18:14:21 INFO  : 'ps7_init' command is executed.
18:14:21 INFO  : 'ps7_post_config' command is executed.
18:14:21 INFO  : Context for processor 'ps7_cortexa9_0' is selected.
18:14:21 INFO  : The application '/users/students/r0933784/DDP/sw_package_2026/sw_project/project_sw/sw_design/Release/sw_design.elf' is downloaded to processor 'ps7_cortexa9_0'.
18:14:21 INFO  : 'configparams force-mem-access 0' command is executed.
18:14:21 INFO  : ----------------XSDB Script----------------
connect -url tcp:127.0.0.1:3121
targets -set -nocase -filter {name =~"APU*"}
rst -system
after 3000
targets -set -filter {jtag_cable_name =~ "Xilinx TUL 1234-tulA" && level==0 && jtag_device_ctx=="jsn-TUL-1234-tulA-23727093-0"}
fpga -file /users/students/r0933784/DDP/sw_package_2026/sw_project/project_sw/sw_design/_ide/bitstream/rsa_project_wrapper.bit
targets -set -nocase -filter {name =~"APU*"}
loadhw -hw /users/students/r0933784/DDP/sw_package_2026/sw_project/project_sw/ecc_project_wrapper/export/ecc_project_wrapper/hw/ecc_project_wrapper.xsa -mem-ranges [list {0x40000000 0xbfffffff}] -regs
configparams force-mem-access 1
targets -set -nocase -filter {name =~"APU*"}
source /users/students/r0933784/DDP/sw_package_2026/sw_project/project_sw/sw_design/_ide/psinit/ps7_init.tcl
ps7_init
ps7_post_config
targets -set -nocase -filter {name =~ "*A9*#0"}
dow /users/students/r0933784/DDP/sw_package_2026/sw_project/project_sw/sw_design/Release/sw_design.elf
configparams force-mem-access 0
----------------End of Script----------------

18:14:21 INFO  : Context for processor 'ps7_cortexa9_0' is selected.
18:14:21 INFO  : 'con' command is executed.
18:14:21 INFO  : ----------------XSDB Script (After Launch)----------------
targets -set -nocase -filter {name =~ "*A9*#0"}
con
----------------End of Script----------------

18:14:21 INFO  : Launch script is exported to file '/users/students/r0933784/DDP/sw_package_2026/sw_project/project_sw/sw_design_system/_ide/scripts/debugger_sw_design-default_1.tcl'
18:16:52 INFO  : Checking for BSP changes to sync application flags for project 'sw_design'...
18:16:57 INFO  : Disconnected from the channel tcfchan#32.
18:16:58 INFO  : Connected to target on host '127.0.0.1' and port '3121'.
18:16:59 INFO  : Jtag cable 'Xilinx TUL 1234-tulA' is selected.
18:16:59 INFO  : 'jtag frequency' command is executed.
18:16:59 INFO  : Context for 'APU' is selected.
18:16:59 INFO  : System reset is completed.
18:17:02 INFO  : 'after 3000' command is executed.
18:17:02 INFO  : 'targets -set -filter {jtag_cable_name =~ "Xilinx TUL 1234-tulA" && level==0 && jtag_device_ctx=="jsn-TUL-1234-tulA-23727093-0"}' command is executed.
18:17:04 INFO  : Device configured successfully with "/users/students/r0933784/DDP/sw_package_2026/sw_project/project_sw/sw_design/_ide/bitstream/rsa_project_wrapper.bit"
18:17:04 INFO  : Context for 'APU' is selected.
18:17:04 INFO  : Hardware design and registers information is loaded from '/users/students/r0933784/DDP/sw_package_2026/sw_project/project_sw/ecc_project_wrapper/export/ecc_project_wrapper/hw/ecc_project_wrapper.xsa'.
18:17:04 INFO  : 'configparams force-mem-access 1' command is executed.
18:17:04 INFO  : Context for 'APU' is selected.
18:17:04 INFO  : Sourcing of '/users/students/r0933784/DDP/sw_package_2026/sw_project/project_sw/sw_design/_ide/psinit/ps7_init.tcl' is done.
18:17:04 INFO  : 'ps7_init' command is executed.
18:17:04 INFO  : 'ps7_post_config' command is executed.
18:17:04 INFO  : Context for processor 'ps7_cortexa9_0' is selected.
18:17:04 INFO  : The application '/users/students/r0933784/DDP/sw_package_2026/sw_project/project_sw/sw_design/Release/sw_design.elf' is downloaded to processor 'ps7_cortexa9_0'.
18:17:04 INFO  : 'configparams force-mem-access 0' command is executed.
18:17:04 INFO  : ----------------XSDB Script----------------
connect -url tcp:127.0.0.1:3121
targets -set -nocase -filter {name =~"APU*"}
rst -system
after 3000
targets -set -filter {jtag_cable_name =~ "Xilinx TUL 1234-tulA" && level==0 && jtag_device_ctx=="jsn-TUL-1234-tulA-23727093-0"}
fpga -file /users/students/r0933784/DDP/sw_package_2026/sw_project/project_sw/sw_design/_ide/bitstream/rsa_project_wrapper.bit
targets -set -nocase -filter {name =~"APU*"}
loadhw -hw /users/students/r0933784/DDP/sw_package_2026/sw_project/project_sw/ecc_project_wrapper/export/ecc_project_wrapper/hw/ecc_project_wrapper.xsa -mem-ranges [list {0x40000000 0xbfffffff}] -regs
configparams force-mem-access 1
targets -set -nocase -filter {name =~"APU*"}
source /users/students/r0933784/DDP/sw_package_2026/sw_project/project_sw/sw_design/_ide/psinit/ps7_init.tcl
ps7_init
ps7_post_config
targets -set -nocase -filter {name =~ "*A9*#0"}
dow /users/students/r0933784/DDP/sw_package_2026/sw_project/project_sw/sw_design/Release/sw_design.elf
configparams force-mem-access 0
----------------End of Script----------------

18:17:04 INFO  : Context for processor 'ps7_cortexa9_0' is selected.
18:17:04 INFO  : 'con' command is executed.
18:17:04 INFO  : ----------------XSDB Script (After Launch)----------------
targets -set -nocase -filter {name =~ "*A9*#0"}
con
----------------End of Script----------------

18:17:04 INFO  : Launch script is exported to file '/users/students/r0933784/DDP/sw_package_2026/sw_project/project_sw/sw_design_system/_ide/scripts/debugger_sw_design-default_1.tcl'
18:19:38 INFO  : Checking for BSP changes to sync application flags for project 'sw_design'...
18:19:43 INFO  : Disconnected from the channel tcfchan#33.
18:19:44 INFO  : Connected to target on host '127.0.0.1' and port '3121'.
18:19:44 INFO  : Jtag cable 'Xilinx TUL 1234-tulA' is selected.
18:19:44 INFO  : 'jtag frequency' command is executed.
18:19:44 INFO  : Context for 'APU' is selected.
18:19:44 INFO  : System reset is completed.
18:19:47 INFO  : 'after 3000' command is executed.
18:19:47 INFO  : 'targets -set -filter {jtag_cable_name =~ "Xilinx TUL 1234-tulA" && level==0 && jtag_device_ctx=="jsn-TUL-1234-tulA-23727093-0"}' command is executed.
18:19:50 INFO  : Device configured successfully with "/users/students/r0933784/DDP/sw_package_2026/sw_project/project_sw/sw_design/_ide/bitstream/rsa_project_wrapper.bit"
18:19:50 INFO  : Context for 'APU' is selected.
18:19:50 INFO  : Hardware design and registers information is loaded from '/users/students/r0933784/DDP/sw_package_2026/sw_project/project_sw/ecc_project_wrapper/export/ecc_project_wrapper/hw/ecc_project_wrapper.xsa'.
18:19:50 INFO  : 'configparams force-mem-access 1' command is executed.
18:19:50 INFO  : Context for 'APU' is selected.
18:19:50 INFO  : Sourcing of '/users/students/r0933784/DDP/sw_package_2026/sw_project/project_sw/sw_design/_ide/psinit/ps7_init.tcl' is done.
18:19:50 INFO  : 'ps7_init' command is executed.
18:19:50 INFO  : 'ps7_post_config' command is executed.
18:19:50 INFO  : Context for processor 'ps7_cortexa9_0' is selected.
18:19:50 INFO  : The application '/users/students/r0933784/DDP/sw_package_2026/sw_project/project_sw/sw_design/Release/sw_design.elf' is downloaded to processor 'ps7_cortexa9_0'.
18:19:50 INFO  : 'configparams force-mem-access 0' command is executed.
18:19:50 INFO  : ----------------XSDB Script----------------
connect -url tcp:127.0.0.1:3121
targets -set -nocase -filter {name =~"APU*"}
rst -system
after 3000
targets -set -filter {jtag_cable_name =~ "Xilinx TUL 1234-tulA" && level==0 && jtag_device_ctx=="jsn-TUL-1234-tulA-23727093-0"}
fpga -file /users/students/r0933784/DDP/sw_package_2026/sw_project/project_sw/sw_design/_ide/bitstream/rsa_project_wrapper.bit
targets -set -nocase -filter {name =~"APU*"}
loadhw -hw /users/students/r0933784/DDP/sw_package_2026/sw_project/project_sw/ecc_project_wrapper/export/ecc_project_wrapper/hw/ecc_project_wrapper.xsa -mem-ranges [list {0x40000000 0xbfffffff}] -regs
configparams force-mem-access 1
targets -set -nocase -filter {name =~"APU*"}
source /users/students/r0933784/DDP/sw_package_2026/sw_project/project_sw/sw_design/_ide/psinit/ps7_init.tcl
ps7_init
ps7_post_config
targets -set -nocase -filter {name =~ "*A9*#0"}
dow /users/students/r0933784/DDP/sw_package_2026/sw_project/project_sw/sw_design/Release/sw_design.elf
configparams force-mem-access 0
----------------End of Script----------------

18:19:50 INFO  : Context for processor 'ps7_cortexa9_0' is selected.
18:19:50 INFO  : 'con' command is executed.
18:19:50 INFO  : ----------------XSDB Script (After Launch)----------------
targets -set -nocase -filter {name =~ "*A9*#0"}
con
----------------End of Script----------------

18:19:50 INFO  : Launch script is exported to file '/users/students/r0933784/DDP/sw_package_2026/sw_project/project_sw/sw_design_system/_ide/scripts/debugger_sw_design-default_1.tcl'
18:24:37 INFO  : Checking for BSP changes to sync application flags for project 'sw_design'...
18:24:42 INFO  : Disconnected from the channel tcfchan#34.
18:24:43 INFO  : Connected to target on host '127.0.0.1' and port '3121'.
18:24:43 INFO  : Jtag cable 'Xilinx TUL 1234-tulA' is selected.
18:24:43 INFO  : 'jtag frequency' command is executed.
18:24:43 INFO  : Context for 'APU' is selected.
18:24:43 INFO  : System reset is completed.
18:24:46 INFO  : 'after 3000' command is executed.
18:24:46 INFO  : 'targets -set -filter {jtag_cable_name =~ "Xilinx TUL 1234-tulA" && level==0 && jtag_device_ctx=="jsn-TUL-1234-tulA-23727093-0"}' command is executed.
18:24:49 INFO  : Device configured successfully with "/users/students/r0933784/DDP/sw_package_2026/sw_project/project_sw/sw_design/_ide/bitstream/rsa_project_wrapper.bit"
18:24:49 INFO  : Context for 'APU' is selected.
18:24:49 INFO  : Hardware design and registers information is loaded from '/users/students/r0933784/DDP/sw_package_2026/sw_project/project_sw/ecc_project_wrapper/export/ecc_project_wrapper/hw/ecc_project_wrapper.xsa'.
18:24:49 INFO  : 'configparams force-mem-access 1' command is executed.
18:24:49 INFO  : Context for 'APU' is selected.
18:24:49 INFO  : Sourcing of '/users/students/r0933784/DDP/sw_package_2026/sw_project/project_sw/sw_design/_ide/psinit/ps7_init.tcl' is done.
18:24:49 INFO  : 'ps7_init' command is executed.
18:24:49 INFO  : 'ps7_post_config' command is executed.
18:24:49 INFO  : Context for processor 'ps7_cortexa9_0' is selected.
18:24:49 INFO  : The application '/users/students/r0933784/DDP/sw_package_2026/sw_project/project_sw/sw_design/Release/sw_design.elf' is downloaded to processor 'ps7_cortexa9_0'.
18:24:49 INFO  : 'configparams force-mem-access 0' command is executed.
18:24:49 INFO  : ----------------XSDB Script----------------
connect -url tcp:127.0.0.1:3121
targets -set -nocase -filter {name =~"APU*"}
rst -system
after 3000
targets -set -filter {jtag_cable_name =~ "Xilinx TUL 1234-tulA" && level==0 && jtag_device_ctx=="jsn-TUL-1234-tulA-23727093-0"}
fpga -file /users/students/r0933784/DDP/sw_package_2026/sw_project/project_sw/sw_design/_ide/bitstream/rsa_project_wrapper.bit
targets -set -nocase -filter {name =~"APU*"}
loadhw -hw /users/students/r0933784/DDP/sw_package_2026/sw_project/project_sw/ecc_project_wrapper/export/ecc_project_wrapper/hw/ecc_project_wrapper.xsa -mem-ranges [list {0x40000000 0xbfffffff}] -regs
configparams force-mem-access 1
targets -set -nocase -filter {name =~"APU*"}
source /users/students/r0933784/DDP/sw_package_2026/sw_project/project_sw/sw_design/_ide/psinit/ps7_init.tcl
ps7_init
ps7_post_config
targets -set -nocase -filter {name =~ "*A9*#0"}
dow /users/students/r0933784/DDP/sw_package_2026/sw_project/project_sw/sw_design/Release/sw_design.elf
configparams force-mem-access 0
----------------End of Script----------------

18:24:49 INFO  : Context for processor 'ps7_cortexa9_0' is selected.
18:24:49 INFO  : 'con' command is executed.
18:24:49 INFO  : ----------------XSDB Script (After Launch)----------------
targets -set -nocase -filter {name =~ "*A9*#0"}
con
----------------End of Script----------------

18:24:49 INFO  : Launch script is exported to file '/users/students/r0933784/DDP/sw_package_2026/sw_project/project_sw/sw_design_system/_ide/scripts/debugger_sw_design-default_1.tcl'
18:25:26 INFO  : Checking for BSP changes to sync application flags for project 'sw_design'...
18:25:31 INFO  : Disconnected from the channel tcfchan#35.
18:25:32 INFO  : Connected to target on host '127.0.0.1' and port '3121'.
18:25:32 INFO  : Jtag cable 'Xilinx TUL 1234-tulA' is selected.
18:25:32 INFO  : 'jtag frequency' command is executed.
18:25:32 INFO  : Context for 'APU' is selected.
18:25:32 INFO  : System reset is completed.
18:25:35 INFO  : 'after 3000' command is executed.
18:25:35 INFO  : 'targets -set -filter {jtag_cable_name =~ "Xilinx TUL 1234-tulA" && level==0 && jtag_device_ctx=="jsn-TUL-1234-tulA-23727093-0"}' command is executed.
18:25:37 INFO  : Device configured successfully with "/users/students/r0933784/DDP/sw_package_2026/sw_project/project_sw/sw_design/_ide/bitstream/rsa_project_wrapper.bit"
18:25:37 INFO  : Context for 'APU' is selected.
18:25:37 INFO  : Hardware design and registers information is loaded from '/users/students/r0933784/DDP/sw_package_2026/sw_project/project_sw/ecc_project_wrapper/export/ecc_project_wrapper/hw/ecc_project_wrapper.xsa'.
18:25:37 INFO  : 'configparams force-mem-access 1' command is executed.
18:25:37 INFO  : Context for 'APU' is selected.
18:25:37 INFO  : Sourcing of '/users/students/r0933784/DDP/sw_package_2026/sw_project/project_sw/sw_design/_ide/psinit/ps7_init.tcl' is done.
18:25:37 INFO  : 'ps7_init' command is executed.
18:25:37 INFO  : 'ps7_post_config' command is executed.
18:25:37 INFO  : Context for processor 'ps7_cortexa9_0' is selected.
18:25:37 INFO  : The application '/users/students/r0933784/DDP/sw_package_2026/sw_project/project_sw/sw_design/Release/sw_design.elf' is downloaded to processor 'ps7_cortexa9_0'.
18:25:37 INFO  : 'configparams force-mem-access 0' command is executed.
18:25:37 INFO  : ----------------XSDB Script----------------
connect -url tcp:127.0.0.1:3121
targets -set -nocase -filter {name =~"APU*"}
rst -system
after 3000
targets -set -filter {jtag_cable_name =~ "Xilinx TUL 1234-tulA" && level==0 && jtag_device_ctx=="jsn-TUL-1234-tulA-23727093-0"}
fpga -file /users/students/r0933784/DDP/sw_package_2026/sw_project/project_sw/sw_design/_ide/bitstream/rsa_project_wrapper.bit
targets -set -nocase -filter {name =~"APU*"}
loadhw -hw /users/students/r0933784/DDP/sw_package_2026/sw_project/project_sw/ecc_project_wrapper/export/ecc_project_wrapper/hw/ecc_project_wrapper.xsa -mem-ranges [list {0x40000000 0xbfffffff}] -regs
configparams force-mem-access 1
targets -set -nocase -filter {name =~"APU*"}
source /users/students/r0933784/DDP/sw_package_2026/sw_project/project_sw/sw_design/_ide/psinit/ps7_init.tcl
ps7_init
ps7_post_config
targets -set -nocase -filter {name =~ "*A9*#0"}
dow /users/students/r0933784/DDP/sw_package_2026/sw_project/project_sw/sw_design/Release/sw_design.elf
configparams force-mem-access 0
----------------End of Script----------------

18:25:38 INFO  : Context for processor 'ps7_cortexa9_0' is selected.
18:25:38 INFO  : 'con' command is executed.
18:25:38 INFO  : ----------------XSDB Script (After Launch)----------------
targets -set -nocase -filter {name =~ "*A9*#0"}
con
----------------End of Script----------------

18:25:38 INFO  : Launch script is exported to file '/users/students/r0933784/DDP/sw_package_2026/sw_project/project_sw/sw_design_system/_ide/scripts/debugger_sw_design-default_1.tcl'
18:30:24 INFO  : Checking for BSP changes to sync application flags for project 'sw_design'...
18:30:27 INFO  : Disconnected from the channel tcfchan#36.
18:30:28 INFO  : Connected to target on host '127.0.0.1' and port '3121'.
18:30:28 INFO  : Jtag cable 'Xilinx TUL 1234-tulA' is selected.
18:30:28 INFO  : 'jtag frequency' command is executed.
18:30:28 INFO  : Context for 'APU' is selected.
18:30:28 INFO  : System reset is completed.
18:30:31 INFO  : 'after 3000' command is executed.
18:30:31 INFO  : 'targets -set -filter {jtag_cable_name =~ "Xilinx TUL 1234-tulA" && level==0 && jtag_device_ctx=="jsn-TUL-1234-tulA-23727093-0"}' command is executed.
18:30:33 INFO  : Device configured successfully with "/users/students/r0933784/DDP/sw_package_2026/sw_project/project_sw/sw_design/_ide/bitstream/rsa_project_wrapper.bit"
18:30:33 INFO  : Context for 'APU' is selected.
18:30:33 INFO  : Hardware design and registers information is loaded from '/users/students/r0933784/DDP/sw_package_2026/sw_project/project_sw/ecc_project_wrapper/export/ecc_project_wrapper/hw/ecc_project_wrapper.xsa'.
18:30:33 INFO  : 'configparams force-mem-access 1' command is executed.
18:30:33 INFO  : Context for 'APU' is selected.
18:30:33 INFO  : Sourcing of '/users/students/r0933784/DDP/sw_package_2026/sw_project/project_sw/sw_design/_ide/psinit/ps7_init.tcl' is done.
18:30:33 INFO  : 'ps7_init' command is executed.
18:30:33 INFO  : 'ps7_post_config' command is executed.
18:30:33 INFO  : Context for processor 'ps7_cortexa9_0' is selected.
18:30:34 INFO  : The application '/users/students/r0933784/DDP/sw_package_2026/sw_project/project_sw/sw_design/Release/sw_design.elf' is downloaded to processor 'ps7_cortexa9_0'.
18:30:34 INFO  : 'configparams force-mem-access 0' command is executed.
18:30:34 INFO  : ----------------XSDB Script----------------
connect -url tcp:127.0.0.1:3121
targets -set -nocase -filter {name =~"APU*"}
rst -system
after 3000
targets -set -filter {jtag_cable_name =~ "Xilinx TUL 1234-tulA" && level==0 && jtag_device_ctx=="jsn-TUL-1234-tulA-23727093-0"}
fpga -file /users/students/r0933784/DDP/sw_package_2026/sw_project/project_sw/sw_design/_ide/bitstream/rsa_project_wrapper.bit
targets -set -nocase -filter {name =~"APU*"}
loadhw -hw /users/students/r0933784/DDP/sw_package_2026/sw_project/project_sw/ecc_project_wrapper/export/ecc_project_wrapper/hw/ecc_project_wrapper.xsa -mem-ranges [list {0x40000000 0xbfffffff}] -regs
configparams force-mem-access 1
targets -set -nocase -filter {name =~"APU*"}
source /users/students/r0933784/DDP/sw_package_2026/sw_project/project_sw/sw_design/_ide/psinit/ps7_init.tcl
ps7_init
ps7_post_config
targets -set -nocase -filter {name =~ "*A9*#0"}
dow /users/students/r0933784/DDP/sw_package_2026/sw_project/project_sw/sw_design/Release/sw_design.elf
configparams force-mem-access 0
----------------End of Script----------------

18:30:34 INFO  : Context for processor 'ps7_cortexa9_0' is selected.
18:30:34 INFO  : 'con' command is executed.
18:30:34 INFO  : ----------------XSDB Script (After Launch)----------------
targets -set -nocase -filter {name =~ "*A9*#0"}
con
----------------End of Script----------------

18:30:34 INFO  : Launch script is exported to file '/users/students/r0933784/DDP/sw_package_2026/sw_project/project_sw/sw_design_system/_ide/scripts/debugger_sw_design-default_1.tcl'
18:34:44 INFO  : Checking for BSP changes to sync application flags for project 'sw_design'...
18:34:49 INFO  : Disconnected from the channel tcfchan#37.
18:34:50 INFO  : Connected to target on host '127.0.0.1' and port '3121'.
18:34:50 INFO  : Jtag cable 'Xilinx TUL 1234-tulA' is selected.
18:34:50 INFO  : 'jtag frequency' command is executed.
18:34:50 INFO  : Context for 'APU' is selected.
18:34:50 INFO  : System reset is completed.
18:34:53 INFO  : 'after 3000' command is executed.
18:34:53 INFO  : 'targets -set -filter {jtag_cable_name =~ "Xilinx TUL 1234-tulA" && level==0 && jtag_device_ctx=="jsn-TUL-1234-tulA-23727093-0"}' command is executed.
18:34:55 INFO  : Device configured successfully with "/users/students/r0933784/DDP/sw_package_2026/sw_project/project_sw/sw_design/_ide/bitstream/rsa_project_wrapper.bit"
18:34:55 INFO  : Context for 'APU' is selected.
18:34:55 INFO  : Hardware design and registers information is loaded from '/users/students/r0933784/DDP/sw_package_2026/sw_project/project_sw/ecc_project_wrapper/export/ecc_project_wrapper/hw/ecc_project_wrapper.xsa'.
18:34:55 INFO  : 'configparams force-mem-access 1' command is executed.
18:34:55 INFO  : Context for 'APU' is selected.
18:34:55 INFO  : Sourcing of '/users/students/r0933784/DDP/sw_package_2026/sw_project/project_sw/sw_design/_ide/psinit/ps7_init.tcl' is done.
18:34:55 INFO  : 'ps7_init' command is executed.
18:34:55 INFO  : 'ps7_post_config' command is executed.
18:34:55 INFO  : Context for processor 'ps7_cortexa9_0' is selected.
18:34:56 INFO  : The application '/users/students/r0933784/DDP/sw_package_2026/sw_project/project_sw/sw_design/Release/sw_design.elf' is downloaded to processor 'ps7_cortexa9_0'.
18:34:56 INFO  : 'configparams force-mem-access 0' command is executed.
18:34:56 INFO  : ----------------XSDB Script----------------
connect -url tcp:127.0.0.1:3121
targets -set -nocase -filter {name =~"APU*"}
rst -system
after 3000
targets -set -filter {jtag_cable_name =~ "Xilinx TUL 1234-tulA" && level==0 && jtag_device_ctx=="jsn-TUL-1234-tulA-23727093-0"}
fpga -file /users/students/r0933784/DDP/sw_package_2026/sw_project/project_sw/sw_design/_ide/bitstream/rsa_project_wrapper.bit
targets -set -nocase -filter {name =~"APU*"}
loadhw -hw /users/students/r0933784/DDP/sw_package_2026/sw_project/project_sw/ecc_project_wrapper/export/ecc_project_wrapper/hw/ecc_project_wrapper.xsa -mem-ranges [list {0x40000000 0xbfffffff}] -regs
configparams force-mem-access 1
targets -set -nocase -filter {name =~"APU*"}
source /users/students/r0933784/DDP/sw_package_2026/sw_project/project_sw/sw_design/_ide/psinit/ps7_init.tcl
ps7_init
ps7_post_config
targets -set -nocase -filter {name =~ "*A9*#0"}
dow /users/students/r0933784/DDP/sw_package_2026/sw_project/project_sw/sw_design/Release/sw_design.elf
configparams force-mem-access 0
----------------End of Script----------------

18:34:56 INFO  : Context for processor 'ps7_cortexa9_0' is selected.
18:34:56 INFO  : 'con' command is executed.
18:34:56 INFO  : ----------------XSDB Script (After Launch)----------------
targets -set -nocase -filter {name =~ "*A9*#0"}
con
----------------End of Script----------------

18:34:56 INFO  : Launch script is exported to file '/users/students/r0933784/DDP/sw_package_2026/sw_project/project_sw/sw_design_system/_ide/scripts/debugger_sw_design-default_1.tcl'
18:35:42 INFO  : Checking for BSP changes to sync application flags for project 'sw_design'...
18:35:46 INFO  : Disconnected from the channel tcfchan#38.
18:35:47 INFO  : Connected to target on host '127.0.0.1' and port '3121'.
18:35:47 INFO  : Jtag cable 'Xilinx TUL 1234-tulA' is selected.
18:35:47 INFO  : 'jtag frequency' command is executed.
18:35:47 INFO  : Context for 'APU' is selected.
18:35:47 INFO  : System reset is completed.
18:35:50 INFO  : 'after 3000' command is executed.
18:35:50 INFO  : 'targets -set -filter {jtag_cable_name =~ "Xilinx TUL 1234-tulA" && level==0 && jtag_device_ctx=="jsn-TUL-1234-tulA-23727093-0"}' command is executed.
18:35:52 INFO  : Device configured successfully with "/users/students/r0933784/DDP/sw_package_2026/sw_project/project_sw/sw_design/_ide/bitstream/rsa_project_wrapper.bit"
18:35:52 INFO  : Context for 'APU' is selected.
18:35:52 INFO  : Hardware design and registers information is loaded from '/users/students/r0933784/DDP/sw_package_2026/sw_project/project_sw/ecc_project_wrapper/export/ecc_project_wrapper/hw/ecc_project_wrapper.xsa'.
18:35:52 INFO  : 'configparams force-mem-access 1' command is executed.
18:35:52 INFO  : Context for 'APU' is selected.
18:35:52 INFO  : Sourcing of '/users/students/r0933784/DDP/sw_package_2026/sw_project/project_sw/sw_design/_ide/psinit/ps7_init.tcl' is done.
18:35:53 INFO  : 'ps7_init' command is executed.
18:35:53 INFO  : 'ps7_post_config' command is executed.
18:35:53 INFO  : Context for processor 'ps7_cortexa9_0' is selected.
18:35:53 INFO  : The application '/users/students/r0933784/DDP/sw_package_2026/sw_project/project_sw/sw_design/Release/sw_design.elf' is downloaded to processor 'ps7_cortexa9_0'.
18:35:53 INFO  : 'configparams force-mem-access 0' command is executed.
18:35:53 INFO  : ----------------XSDB Script----------------
connect -url tcp:127.0.0.1:3121
targets -set -nocase -filter {name =~"APU*"}
rst -system
after 3000
targets -set -filter {jtag_cable_name =~ "Xilinx TUL 1234-tulA" && level==0 && jtag_device_ctx=="jsn-TUL-1234-tulA-23727093-0"}
fpga -file /users/students/r0933784/DDP/sw_package_2026/sw_project/project_sw/sw_design/_ide/bitstream/rsa_project_wrapper.bit
targets -set -nocase -filter {name =~"APU*"}
loadhw -hw /users/students/r0933784/DDP/sw_package_2026/sw_project/project_sw/ecc_project_wrapper/export/ecc_project_wrapper/hw/ecc_project_wrapper.xsa -mem-ranges [list {0x40000000 0xbfffffff}] -regs
configparams force-mem-access 1
targets -set -nocase -filter {name =~"APU*"}
source /users/students/r0933784/DDP/sw_package_2026/sw_project/project_sw/sw_design/_ide/psinit/ps7_init.tcl
ps7_init
ps7_post_config
targets -set -nocase -filter {name =~ "*A9*#0"}
dow /users/students/r0933784/DDP/sw_package_2026/sw_project/project_sw/sw_design/Release/sw_design.elf
configparams force-mem-access 0
----------------End of Script----------------

18:35:53 INFO  : Context for processor 'ps7_cortexa9_0' is selected.
18:35:53 INFO  : 'con' command is executed.
18:35:53 INFO  : ----------------XSDB Script (After Launch)----------------
targets -set -nocase -filter {name =~ "*A9*#0"}
con
----------------End of Script----------------

18:35:53 INFO  : Launch script is exported to file '/users/students/r0933784/DDP/sw_package_2026/sw_project/project_sw/sw_design_system/_ide/scripts/debugger_sw_design-default_1.tcl'
18:36:20 WARN  : channel "tcfchan#30" closed
18:36:20 INFO  : Disconnected from the channel tcfchan#39.
