TRACE::2026-09-23.16:29:37::SCWPlatform::Trying to open the hw design at /users/students/r0933784/DDP/sw_package_2026/sw_project/project_sw/ecc_project_wrapper/hw/ecc_project_wrapper.xsa
TRACE::2026-09-23.16:29:37::SCWPlatform::DSA given /users/students/r0933784/DDP/sw_package_2026/sw_project/project_sw/ecc_project_wrapper/hw/ecc_project_wrapper.xsa
TRACE::2026-09-23.16:29:37::SCWPlatform::DSA absoulate path /users/students/r0933784/DDP/sw_package_2026/sw_project/project_sw/ecc_project_wrapper/hw/ecc_project_wrapper.xsa
TRACE::2026-09-23.16:29:37::SCWPlatform::DSA directory /users/students/r0933784/DDP/sw_package_2026/sw_project/project_sw/ecc_project_wrapper/hw
TRACE::2026-09-23.16:29:37::SCWPlatform:: Platform Path /users/students/r0933784/DDP/sw_package_2026/sw_project/project_sw/ecc_project_wrapper/hw/ecc_project_wrapper.xsa
TRACE::2026-09-23.16:29:37::SCWPlatform:: Unique name xilinx:pynq-z2::0.0
TRACE::2026-09-23.16:29:37::SCWPlatform::Do not have an existing db opened. 
TRACE::2026-09-23.16:29:38::SCWPlatform::Opened new HwDB with name rsa_project_wrapper_0
TRACE::2026-09-23.16:29:38::SCWWriter::formatted JSON is {
	"platformName":	"ecc_project_wrapper",
	"sprVersion":	"2.0",
	"mode":	"cmd",
	"dsaType":	"Fixed",
	"platformDesc":	"ecc_project_wrapper",
	"platHandOff":	"src/tcl/ecc_project_wrapper.xsa",
	"platIntHandOff":	"<platformDir>/hw/ecc_project_wrapper.xsa",
	"deviceType":	"zynq",
	"platIsPrebuiltAutogen":	"false",
	"platIsNoBootBsp":	"false",
	"hasFsblMakeHasChanges":	"false",
	"hasPmufwMakeHasChanges":	"false",
	"platPreBuiltFlag":	false,
	"platformSamplesDir":	""
}
TRACE::2026-09-23.16:29:38::SCWWriter::formatted JSON is {
	"platformName":	"ecc_project_wrapper",
	"sprVersion":	"2.0",
	"mode":	"cmd",
	"dsaType":	"Fixed",
	"platformDesc":	"ecc_project_wrapper",
	"platHandOff":	"src/tcl/ecc_project_wrapper.xsa",
	"platIntHandOff":	"<platformDir>/hw/ecc_project_wrapper.xsa",
	"deviceType":	"zynq",
	"platIsPrebuiltAutogen":	"false",
	"platIsNoBootBsp":	"false",
	"hasFsblMakeHasChanges":	"false",
	"hasPmufwMakeHasChanges":	"false",
	"platPreBuiltFlag":	false,
	"platformSamplesDir":	"",
	"platActiveSys":	"ecc_project_wrapper",
	"systems":	[{
			"systemName":	"ecc_project_wrapper",
			"systemDesc":	"ecc_project_wrapper",
			"sysIsBootAutoGen":	"true",
			"systemDispName":	"ecc_project_wrapper"
		}]
}
TRACE::2026-09-23.16:29:38::SCWPlatform::Boot application domains not present, creating them
TRACE::2026-09-23.16:29:38::SCWDomain::checking for install qemu data   : 
TRACE::2026-09-23.16:29:38::SCWDomain:: Using the QEMU Data from install at  : /esat/micas-data/software/Xilinx/vitis_2023.1/Vitis/2023.1/data/emulation/platforms/zynq/sw/a9_standalone/qemu/
TRACE::2026-09-23.16:29:38::SCWDomain:: Using the QEMU args  from install at  : /esat/micas-data/software/Xilinx/vitis_2023.1/Vitis/2023.1/data/emulation/platforms/zynq/sw/a9_standalone/qemu/qemu_args.txt
TRACE::2026-09-23.16:29:38::SCWPlatform::Trying to open the hw design at /users/students/r0933784/DDP/sw_package_2026/sw_project/project_sw/ecc_project_wrapper/hw/ecc_project_wrapper.xsa
TRACE::2026-09-23.16:29:38::SCWPlatform::DSA given /users/students/r0933784/DDP/sw_package_2026/sw_project/project_sw/ecc_project_wrapper/hw/ecc_project_wrapper.xsa
TRACE::2026-09-23.16:29:38::SCWPlatform::DSA absoulate path /users/students/r0933784/DDP/sw_package_2026/sw_project/project_sw/ecc_project_wrapper/hw/ecc_project_wrapper.xsa
TRACE::2026-09-23.16:29:38::SCWPlatform::DSA directory /users/students/r0933784/DDP/sw_package_2026/sw_project/project_sw/ecc_project_wrapper/hw
TRACE::2026-09-23.16:29:38::SCWPlatform:: Platform Path /users/students/r0933784/DDP/sw_package_2026/sw_project/project_sw/ecc_project_wrapper/hw/ecc_project_wrapper.xsa
TRACE::2026-09-23.16:29:38::SCWPlatform:: Unique name xilinx:pynq-z2::0.0
TRACE::2026-09-23.16:29:38::SCWPlatform::Trying to set the existing hwdb with name rsa_project_wrapper_0
TRACE::2026-09-23.16:29:38::SCWPlatform::Opened existing hwdb rsa_project_wrapper_0
TRACE::2026-09-23.16:29:38::SCWPlatform::Found the Hw Db part of the input DSA
TRACE::2026-09-23.16:29:38::SCWPlatform::Trying to open the hw design at /users/students/r0933784/DDP/sw_package_2026/sw_project/project_sw/ecc_project_wrapper/hw/ecc_project_wrapper.xsa
TRACE::2026-09-23.16:29:38::SCWPlatform::DSA given /users/students/r0933784/DDP/sw_package_2026/sw_project/project_sw/ecc_project_wrapper/hw/ecc_project_wrapper.xsa
TRACE::2026-09-23.16:29:38::SCWPlatform::DSA absoulate path /users/students/r0933784/DDP/sw_package_2026/sw_project/project_sw/ecc_project_wrapper/hw/ecc_project_wrapper.xsa
TRACE::2026-09-23.16:29:38::SCWPlatform::DSA directory /users/students/r0933784/DDP/sw_package_2026/sw_project/project_sw/ecc_project_wrapper/hw
TRACE::2026-09-23.16:29:38::SCWPlatform:: Platform Path /users/students/r0933784/DDP/sw_package_2026/sw_project/project_sw/ecc_project_wrapper/hw/ecc_project_wrapper.xsa
TRACE::2026-09-23.16:29:38::SCWPlatform:: Unique name xilinx:pynq-z2::0.0
TRACE::2026-09-23.16:29:38::SCWPlatform::Trying to set the existing hwdb with name rsa_project_wrapper_0
TRACE::2026-09-23.16:29:38::SCWPlatform::Opened existing hwdb rsa_project_wrapper_0
TRACE::2026-09-23.16:29:38::SCWPlatform::Found the Hw Db part of the input DSA
TRACE::2026-09-23.16:29:38::SCWPlatform::Trying to open the hw design at /users/students/r0933784/DDP/sw_package_2026/sw_project/project_sw/ecc_project_wrapper/hw/ecc_project_wrapper.xsa
TRACE::2026-09-23.16:29:38::SCWPlatform::DSA given /users/students/r0933784/DDP/sw_package_2026/sw_project/project_sw/ecc_project_wrapper/hw/ecc_project_wrapper.xsa
TRACE::2026-09-23.16:29:38::SCWPlatform::DSA absoulate path /users/students/r0933784/DDP/sw_package_2026/sw_project/project_sw/ecc_project_wrapper/hw/ecc_project_wrapper.xsa
TRACE::2026-09-23.16:29:38::SCWPlatform::DSA directory /users/students/r0933784/DDP/sw_package_2026/sw_project/project_sw/ecc_project_wrapper/hw
TRACE::2026-09-23.16:29:38::SCWPlatform:: Platform Path /users/students/r0933784/DDP/sw_package_2026/sw_project/project_sw/ecc_project_wrapper/hw/ecc_project_wrapper.xsa
TRACE::2026-09-23.16:29:38::SCWPlatform:: Unique name xilinx:pynq-z2::0.0
TRACE::2026-09-23.16:29:38::SCWPlatform::Trying to set the existing hwdb with name rsa_project_wrapper_0
TRACE::2026-09-23.16:29:38::SCWPlatform::Opened existing hwdb rsa_project_wrapper_0
TRACE::2026-09-23.16:29:38::SCWPlatform::Found the Hw Db part of the input DSA
TRACE::2026-09-23.16:29:38::SCWPlatform::Boot application domain added for zynq_fsbl
TRACE::2026-09-23.16:29:38::SCWPlatform::Generating the sources  .
TRACE::2026-09-23.16:29:38::SCWBDomain::Generating boot domain sources.
TRACE::2026-09-23.16:29:38::SCWBDomain:: Generating the zynq_fsbl Application.
TRACE::2026-09-23.16:29:39::SCWPlatform::Trying to open the hw design at /users/students/r0933784/DDP/sw_package_2026/sw_project/project_sw/ecc_project_wrapper/hw/ecc_project_wrapper.xsa
TRACE::2026-09-23.16:29:39::SCWPlatform::DSA given /users/students/r0933784/DDP/sw_package_2026/sw_project/project_sw/ecc_project_wrapper/hw/ecc_project_wrapper.xsa
TRACE::2026-09-23.16:29:39::SCWPlatform::DSA absoulate path /users/students/r0933784/DDP/sw_package_2026/sw_project/project_sw/ecc_project_wrapper/hw/ecc_project_wrapper.xsa
TRACE::2026-09-23.16:29:39::SCWPlatform::DSA directory /users/students/r0933784/DDP/sw_package_2026/sw_project/project_sw/ecc_project_wrapper/hw
TRACE::2026-09-23.16:29:39::SCWPlatform:: Platform Path /users/students/r0933784/DDP/sw_package_2026/sw_project/project_sw/ecc_project_wrapper/hw/ecc_project_wrapper.xsa
TRACE::2026-09-23.16:29:39::SCWPlatform:: Unique name xilinx:pynq-z2::0.0
TRACE::2026-09-23.16:29:39::SCWPlatform::Trying to set the existing hwdb with name rsa_project_wrapper_0
TRACE::2026-09-23.16:29:39::SCWPlatform::Opened existing hwdb rsa_project_wrapper_0
TRACE::2026-09-23.16:29:39::SCWPlatform::Found the Hw Db part of the input DSA
TRACE::2026-09-23.16:29:39::SCWMssOS::Checking the sw design at  /users/students/r0933784/DDP/sw_package_2026/sw_project/project_sw/ecc_project_wrapper/zynq_fsbl/zynq_fsbl_bsp/system.mss
TRACE::2026-09-23.16:29:39::SCWMssOS::DEBUG:  swdes dump  
TRACE::2026-09-23.16:29:39::SCWMssOS::No sw design opened at  /users/students/r0933784/DDP/sw_package_2026/sw_project/project_sw/ecc_project_wrapper/zynq_fsbl/zynq_fsbl_bsp/system.mss
TRACE::2026-09-23.16:29:39::SCWMssOS::mss does not exists at /users/students/r0933784/DDP/sw_package_2026/sw_project/project_sw/ecc_project_wrapper/zynq_fsbl/zynq_fsbl_bsp/system.mss
TRACE::2026-09-23.16:29:39::SCWMssOS::Creating sw design at  /users/students/r0933784/DDP/sw_package_2026/sw_project/project_sw/ecc_project_wrapper/zynq_fsbl/zynq_fsbl_bsp/system.mss
TRACE::2026-09-23.16:29:39::SCWMssOS::Adding the swdes entry, created swdb /users/students/r0933784/DDP/sw_package_2026/sw_project/project_sw/ecc_project_wrapper/zynq_fsbl/zynq_fsbl_bsp/system.mss with des name /users/students/r0933784/DDP/sw_package_2026/sw_project/project_sw/ecc_project_wrapper/zynq_fsbl/zynq_fsbl_bsp/system.mss
TRACE::2026-09-23.16:29:39::SCWMssOS::updating the scw layer changes to swdes at   /users/students/r0933784/DDP/sw_package_2026/sw_project/project_sw/ecc_project_wrapper/zynq_fsbl/zynq_fsbl_bsp/system.mss
TRACE::2026-09-23.16:29:39::SCWMssOS::Writing mss at /users/students/r0933784/DDP/sw_package_2026/sw_project/project_sw/ecc_project_wrapper/zynq_fsbl/zynq_fsbl_bsp/system.mss
TRACE::2026-09-23.16:29:39::SCWMssOS::Completed writing the mss file at /users/students/r0933784/DDP/sw_package_2026/sw_project/project_sw/ecc_project_wrapper/zynq_fsbl/zynq_fsbl_bsp
TRACE::2026-09-23.16:29:39::SCWMssOS::Picking up changes from newly written mss file into SCW Layer. 
TRACE::2026-09-23.16:29:39::SCWMssOS::Updated the changes from newly written mss file into SCW Layer. 
TRACE::2026-09-23.16:29:39::SCWBDomain::Completed writing the mss file at /users/students/r0933784/DDP/sw_package_2026/sw_project/project_sw/ecc_project_wrapper/zynq_fsbl/zynq_fsbl_bsp
TRACE::2026-09-23.16:29:47::SCWPlatform::Generating sources Done.
TRACE::2026-09-23.16:29:47::SCWPlatform::Trying to open the hw design at /users/students/r0933784/DDP/sw_package_2026/sw_project/project_sw/ecc_project_wrapper/hw/ecc_project_wrapper.xsa
TRACE::2026-09-23.16:29:47::SCWPlatform::DSA given /users/students/r0933784/DDP/sw_package_2026/sw_project/project_sw/ecc_project_wrapper/hw/ecc_project_wrapper.xsa
TRACE::2026-09-23.16:29:47::SCWPlatform::DSA absoulate path /users/students/r0933784/DDP/sw_package_2026/sw_project/project_sw/ecc_project_wrapper/hw/ecc_project_wrapper.xsa
TRACE::2026-09-23.16:29:47::SCWPlatform::DSA directory /users/students/r0933784/DDP/sw_package_2026/sw_project/project_sw/ecc_project_wrapper/hw
TRACE::2026-09-23.16:29:47::SCWPlatform:: Platform Path /users/students/r0933784/DDP/sw_package_2026/sw_project/project_sw/ecc_project_wrapper/hw/ecc_project_wrapper.xsa
TRACE::2026-09-23.16:29:47::SCWPlatform:: Unique name xilinx:pynq-z2::0.0
TRACE::2026-09-23.16:29:47::SCWPlatform::Trying to set the existing hwdb with name rsa_project_wrapper_0
TRACE::2026-09-23.16:29:47::SCWPlatform::Opened existing hwdb rsa_project_wrapper_0
TRACE::2026-09-23.16:29:47::SCWPlatform::Found the Hw Db part of the input DSA
TRACE::2026-09-23.16:29:47::SCWMssOS::Checking the sw design at  /users/students/r0933784/DDP/sw_package_2026/sw_project/project_sw/ecc_project_wrapper/zynq_fsbl/zynq_fsbl_bsp/system.mss
TRACE::2026-09-23.16:29:47::SCWMssOS::DEBUG:  swdes dump  
TRACE::2026-09-23.16:29:47::SCWMssOS::No sw design opened at  /users/students/r0933784/DDP/sw_package_2026/sw_project/project_sw/ecc_project_wrapper/zynq_fsbl/zynq_fsbl_bsp/system.mss
TRACE::2026-09-23.16:29:47::SCWMssOS::mss exists loading the mss file  /users/students/r0933784/DDP/sw_package_2026/sw_project/project_sw/ecc_project_wrapper/zynq_fsbl/zynq_fsbl_bsp/system.mss
TRACE::2026-09-23.16:29:47::SCWMssOS::Opened the sw design from mss  /users/students/r0933784/DDP/sw_package_2026/sw_project/project_sw/ecc_project_wrapper/zynq_fsbl/zynq_fsbl_bsp/system.mss
TRACE::2026-09-23.16:29:48::SCWMssOS::Adding the swdes entry /users/students/r0933784/DDP/sw_package_2026/sw_project/project_sw/ecc_project_wrapper/zynq_fsbl/zynq_fsbl_bsp/system.mss with des name system
TRACE::2026-09-23.16:29:48::SCWMssOS::updating the scw layer about changes
TRACE::2026-09-23.16:29:48::SCWMssOS::Opened the sw design.  /users/students/r0933784/DDP/sw_package_2026/sw_project/project_sw/ecc_project_wrapper/zynq_fsbl/zynq_fsbl_bsp/system.mss
TRACE::2026-09-23.16:29:48::SCWMssOS::Saving the mss changes /users/students/r0933784/DDP/sw_package_2026/sw_project/project_sw/ecc_project_wrapper/zynq_fsbl/zynq_fsbl_bsp/system.mss
TRACE::2026-09-23.16:29:48::SCWMssOS::Found a swdesign opened with the mssfile.
TRACE::2026-09-23.16:29:48::SCWMssOS::Completed writemss as part of save.
TRACE::2026-09-23.16:29:48::SCWMssOS::Commit changes completed.
TRACE::2026-09-23.16:29:48::SCWPlatform::Trying to open the hw design at /users/students/r0933784/DDP/sw_package_2026/sw_project/project_sw/ecc_project_wrapper/hw/ecc_project_wrapper.xsa
TRACE::2026-09-23.16:29:48::SCWPlatform::DSA given /users/students/r0933784/DDP/sw_package_2026/sw_project/project_sw/ecc_project_wrapper/hw/ecc_project_wrapper.xsa
TRACE::2026-09-23.16:29:48::SCWPlatform::DSA absoulate path /users/students/r0933784/DDP/sw_package_2026/sw_project/project_sw/ecc_project_wrapper/hw/ecc_project_wrapper.xsa
TRACE::2026-09-23.16:29:48::SCWPlatform::DSA directory /users/students/r0933784/DDP/sw_package_2026/sw_project/project_sw/ecc_project_wrapper/hw
TRACE::2026-09-23.16:29:48::SCWPlatform:: Platform Path /users/students/r0933784/DDP/sw_package_2026/sw_project/project_sw/ecc_project_wrapper/hw/ecc_project_wrapper.xsa
TRACE::2026-09-23.16:29:48::SCWPlatform:: Unique name xilinx:pynq-z2::0.0
TRACE::2026-09-23.16:29:48::SCWPlatform::Trying to set the existing hwdb with name rsa_project_wrapper_0
TRACE::2026-09-23.16:29:48::SCWPlatform::Opened existing hwdb rsa_project_wrapper_0
TRACE::2026-09-23.16:29:48::SCWPlatform::Found the Hw Db part of the input DSA
TRACE::2026-09-23.16:29:48::SCWMssOS::Checking the sw design at  /users/students/r0933784/DDP/sw_package_2026/sw_project/project_sw/ecc_project_wrapper/zynq_fsbl/zynq_fsbl_bsp/system.mss
TRACE::2026-09-23.16:29:48::SCWMssOS::DEBUG:  swdes dump  /users/students/r0933784/DDP/sw_package_2026/sw_project/project_sw/ecc_project_wrapper/zynq_fsbl/zynq_fsbl_bsp/system.mss|system||

TRACE::2026-09-23.16:29:48::SCWMssOS::Sw design exists and opened at  /users/students/r0933784/DDP/sw_package_2026/sw_project/project_sw/ecc_project_wrapper/zynq_fsbl/zynq_fsbl_bsp/system.mss
TRACE::2026-09-23.16:29:48::SCWPlatform::Trying to open the hw design at /users/students/r0933784/DDP/sw_package_2026/sw_project/project_sw/ecc_project_wrapper/hw/ecc_project_wrapper.xsa
TRACE::2026-09-23.16:29:48::SCWPlatform::DSA given /users/students/r0933784/DDP/sw_package_2026/sw_project/project_sw/ecc_project_wrapper/hw/ecc_project_wrapper.xsa
TRACE::2026-09-23.16:29:48::SCWPlatform::DSA absoulate path /users/students/r0933784/DDP/sw_package_2026/sw_project/project_sw/ecc_project_wrapper/hw/ecc_project_wrapper.xsa
TRACE::2026-09-23.16:29:48::SCWPlatform::DSA directory /users/students/r0933784/DDP/sw_package_2026/sw_project/project_sw/ecc_project_wrapper/hw
TRACE::2026-09-23.16:29:48::SCWPlatform:: Platform Path /users/students/r0933784/DDP/sw_package_2026/sw_project/project_sw/ecc_project_wrapper/hw/ecc_project_wrapper.xsa
TRACE::2026-09-23.16:29:48::SCWPlatform:: Unique name xilinx:pynq-z2::0.0
TRACE::2026-09-23.16:29:48::SCWPlatform::Trying to set the existing hwdb with name rsa_project_wrapper_0
TRACE::2026-09-23.16:29:48::SCWPlatform::Opened existing hwdb rsa_project_wrapper_0
TRACE::2026-09-23.16:29:48::SCWPlatform::Found the Hw Db part of the input DSA
TRACE::2026-09-23.16:29:48::SCWMssOS::Checking the sw design at  /users/students/r0933784/DDP/sw_package_2026/sw_project/project_sw/ecc_project_wrapper/zynq_fsbl/zynq_fsbl_bsp/system.mss
TRACE::2026-09-23.16:29:48::SCWMssOS::DEBUG:  swdes dump  /users/students/r0933784/DDP/sw_package_2026/sw_project/project_sw/ecc_project_wrapper/zynq_fsbl/zynq_fsbl_bsp/system.mss|system||

TRACE::2026-09-23.16:29:48::SCWMssOS::Sw design exists and opened at  /users/students/r0933784/DDP/sw_package_2026/sw_project/project_sw/ecc_project_wrapper/zynq_fsbl/zynq_fsbl_bsp/system.mss
TRACE::2026-09-23.16:29:48::SCWPlatform::Trying to open the hw design at /users/students/r0933784/DDP/sw_package_2026/sw_project/project_sw/ecc_project_wrapper/hw/ecc_project_wrapper.xsa
TRACE::2026-09-23.16:29:48::SCWPlatform::DSA given /users/students/r0933784/DDP/sw_package_2026/sw_project/project_sw/ecc_project_wrapper/hw/ecc_project_wrapper.xsa
TRACE::2026-09-23.16:29:48::SCWPlatform::DSA absoulate path /users/students/r0933784/DDP/sw_package_2026/sw_project/project_sw/ecc_project_wrapper/hw/ecc_project_wrapper.xsa
TRACE::2026-09-23.16:29:48::SCWPlatform::DSA directory /users/students/r0933784/DDP/sw_package_2026/sw_project/project_sw/ecc_project_wrapper/hw
TRACE::2026-09-23.16:29:48::SCWPlatform:: Platform Path /users/students/r0933784/DDP/sw_package_2026/sw_project/project_sw/ecc_project_wrapper/hw/ecc_project_wrapper.xsa
TRACE::2026-09-23.16:29:48::SCWPlatform:: Unique name xilinx:pynq-z2::0.0
TRACE::2026-09-23.16:29:48::SCWPlatform::Trying to set the existing hwdb with name rsa_project_wrapper_0
TRACE::2026-09-23.16:29:48::SCWPlatform::Opened existing hwdb rsa_project_wrapper_0
TRACE::2026-09-23.16:29:48::SCWPlatform::Found the Hw Db part of the input DSA
TRACE::2026-09-23.16:29:48::SCWMssOS::Checking the sw design at  /users/students/r0933784/DDP/sw_package_2026/sw_project/project_sw/ecc_project_wrapper/zynq_fsbl/zynq_fsbl_bsp/system.mss
TRACE::2026-09-23.16:29:48::SCWMssOS::DEBUG:  swdes dump  /users/students/r0933784/DDP/sw_package_2026/sw_project/project_sw/ecc_project_wrapper/zynq_fsbl/zynq_fsbl_bsp/system.mss|system||

TRACE::2026-09-23.16:29:48::SCWMssOS::Sw design exists and opened at  /users/students/r0933784/DDP/sw_package_2026/sw_project/project_sw/ecc_project_wrapper/zynq_fsbl/zynq_fsbl_bsp/system.mss
TRACE::2026-09-23.16:29:48::SCWWriter::formatted JSON is {
	"platformName":	"ecc_project_wrapper",
	"sprVersion":	"2.0",
	"mode":	"cmd",
	"dsaType":	"Fixed",
	"platformDesc":	"ecc_project_wrapper",
	"platHandOff":	"src/tcl/ecc_project_wrapper.xsa",
	"platIntHandOff":	"<platformDir>/hw/ecc_project_wrapper.xsa",
	"deviceType":	"zynq",
	"platIsPrebuiltAutogen":	"false",
	"platIsNoBootBsp":	"false",
	"platFsblTarget":	"ps7_cortexa9_0",
	"hasFsblMakeHasChanges":	"false",
	"hasPmufwMakeHasChanges":	"false",
	"fsblExtraCompilerFlags":	"-MMD -MP       -mcpu=cortex-a9 -mfpu=vfpv3 -mfloat-abi=hard ",
	"platPreBuiltFlag":	false,
	"platformSamplesDir":	"",
	"platActiveSys":	"ecc_project_wrapper",
	"systems":	[{
			"systemName":	"ecc_project_wrapper",
			"systemDesc":	"ecc_project_wrapper",
			"sysIsBootAutoGen":	"true",
			"systemDispName":	"ecc_project_wrapper",
			"sysActiveDom":	"zynq_fsbl",
			"sysDefaultDom":	"",
			"domains":	[{
					"domainName":	"zynq_fsbl",
					"domainDispName":	"zynq_fsbl",
					"domainDesc":	"FSBL Application BSP - Auto Generated.",
					"processors":	"ps7_cortexa9_0",
					"os":	"standalone",
					"sdxOs":	"standalone",
					"debugEnable":	"",
					"domRuntimes":	["cpp"],
					"swRepo":	"",
					"mssOsVer":	"8.1",
					"mssFile":	"",
					"md5Digest":	"2c92122f18c5fd40d52fe668ff4c852c",
					"compatibleApp":	"zynq_fsbl",
					"domType":	"bootDomain",
					"arch":	"32-bit",
					"appSettings":	{
						"appCompilerFlags":	"",
						"appLinkerFlags":	""
					},
					"addedLibs":	["xilffs:5.0", "xilrsa:1.6"],
					"libOptions":	{
						"libsContainingOptions":	[]
					},
					"prebuiltLibs":	{
						"prebuiltIncPath":	[],
						"prebuiltLibPath":	[]
					},
					"isolation":	{
					}
				}]
		}]
}
TRACE::2026-09-23.16:29:48::SCWMssOS::Saving the mss changes /users/students/r0933784/DDP/sw_package_2026/sw_project/project_sw/ecc_project_wrapper/zynq_fsbl/zynq_fsbl_bsp/system.mss
TRACE::2026-09-23.16:29:48::SCWMssOS::Found a swdesign opened with the mssfile.
TRACE::2026-09-23.16:29:48::SCWMssOS::Completed writemss as part of save.
TRACE::2026-09-23.16:29:48::SCWMssOS::Commit changes completed.
TRACE::2026-09-23.16:29:48::SCWPlatform::Trying to open the hw design at /users/students/r0933784/DDP/sw_package_2026/sw_project/project_sw/ecc_project_wrapper/hw/ecc_project_wrapper.xsa
TRACE::2026-09-23.16:29:48::SCWPlatform::DSA given /users/students/r0933784/DDP/sw_package_2026/sw_project/project_sw/ecc_project_wrapper/hw/ecc_project_wrapper.xsa
TRACE::2026-09-23.16:29:48::SCWPlatform::DSA absoulate path /users/students/r0933784/DDP/sw_package_2026/sw_project/project_sw/ecc_project_wrapper/hw/ecc_project_wrapper.xsa
TRACE::2026-09-23.16:29:48::SCWPlatform::DSA directory /users/students/r0933784/DDP/sw_package_2026/sw_project/project_sw/ecc_project_wrapper/hw
TRACE::2026-09-23.16:29:48::SCWPlatform:: Platform Path /users/students/r0933784/DDP/sw_package_2026/sw_project/project_sw/ecc_project_wrapper/hw/ecc_project_wrapper.xsa
TRACE::2026-09-23.16:29:48::SCWPlatform:: Unique name xilinx:pynq-z2::0.0
TRACE::2026-09-23.16:29:48::SCWPlatform::Trying to set the existing hwdb with name rsa_project_wrapper_0
TRACE::2026-09-23.16:29:48::SCWPlatform::Opened existing hwdb rsa_project_wrapper_0
TRACE::2026-09-23.16:29:48::SCWPlatform::Found the Hw Db part of the input DSA
TRACE::2026-09-23.16:29:48::SCWMssOS::Checking the sw design at  /users/students/r0933784/DDP/sw_package_2026/sw_project/project_sw/ecc_project_wrapper/zynq_fsbl/zynq_fsbl_bsp/system.mss
TRACE::2026-09-23.16:29:48::SCWMssOS::DEBUG:  swdes dump  /users/students/r0933784/DDP/sw_package_2026/sw_project/project_sw/ecc_project_wrapper/zynq_fsbl/zynq_fsbl_bsp/system.mss|system||

TRACE::2026-09-23.16:29:48::SCWMssOS::Sw design exists and opened at  /users/students/r0933784/DDP/sw_package_2026/sw_project/project_sw/ecc_project_wrapper/zynq_fsbl/zynq_fsbl_bsp/system.mss
TRACE::2026-09-23.16:29:48::SCWPlatform::Trying to open the hw design at /users/students/r0933784/DDP/sw_package_2026/sw_project/project_sw/ecc_project_wrapper/hw/ecc_project_wrapper.xsa
TRACE::2026-09-23.16:29:48::SCWPlatform::DSA given /users/students/r0933784/DDP/sw_package_2026/sw_project/project_sw/ecc_project_wrapper/hw/ecc_project_wrapper.xsa
TRACE::2026-09-23.16:29:48::SCWPlatform::DSA absoulate path /users/students/r0933784/DDP/sw_package_2026/sw_project/project_sw/ecc_project_wrapper/hw/ecc_project_wrapper.xsa
TRACE::2026-09-23.16:29:48::SCWPlatform::DSA directory /users/students/r0933784/DDP/sw_package_2026/sw_project/project_sw/ecc_project_wrapper/hw
TRACE::2026-09-23.16:29:48::SCWPlatform:: Platform Path /users/students/r0933784/DDP/sw_package_2026/sw_project/project_sw/ecc_project_wrapper/hw/ecc_project_wrapper.xsa
TRACE::2026-09-23.16:29:48::SCWPlatform:: Unique name xilinx:pynq-z2::0.0
TRACE::2026-09-23.16:29:48::SCWPlatform::Trying to set the existing hwdb with name rsa_project_wrapper_0
TRACE::2026-09-23.16:29:48::SCWPlatform::Opened existing hwdb rsa_project_wrapper_0
TRACE::2026-09-23.16:29:48::SCWPlatform::Found the Hw Db part of the input DSA
TRACE::2026-09-23.16:29:48::SCWMssOS::Checking the sw design at  /users/students/r0933784/DDP/sw_package_2026/sw_project/project_sw/ecc_project_wrapper/zynq_fsbl/zynq_fsbl_bsp/system.mss
TRACE::2026-09-23.16:29:48::SCWMssOS::DEBUG:  swdes dump  /users/students/r0933784/DDP/sw_package_2026/sw_project/project_sw/ecc_project_wrapper/zynq_fsbl/zynq_fsbl_bsp/system.mss|system||

TRACE::2026-09-23.16:29:48::SCWMssOS::Sw design exists and opened at  /users/students/r0933784/DDP/sw_package_2026/sw_project/project_sw/ecc_project_wrapper/zynq_fsbl/zynq_fsbl_bsp/system.mss
TRACE::2026-09-23.16:29:48::SCWPlatform::Trying to open the hw design at /users/students/r0933784/DDP/sw_package_2026/sw_project/project_sw/ecc_project_wrapper/hw/ecc_project_wrapper.xsa
TRACE::2026-09-23.16:29:48::SCWPlatform::DSA given /users/students/r0933784/DDP/sw_package_2026/sw_project/project_sw/ecc_project_wrapper/hw/ecc_project_wrapper.xsa
TRACE::2026-09-23.16:29:48::SCWPlatform::DSA absoulate path /users/students/r0933784/DDP/sw_package_2026/sw_project/project_sw/ecc_project_wrapper/hw/ecc_project_wrapper.xsa
TRACE::2026-09-23.16:29:48::SCWPlatform::DSA directory /users/students/r0933784/DDP/sw_package_2026/sw_project/project_sw/ecc_project_wrapper/hw
TRACE::2026-09-23.16:29:48::SCWPlatform:: Platform Path /users/students/r0933784/DDP/sw_package_2026/sw_project/project_sw/ecc_project_wrapper/hw/ecc_project_wrapper.xsa
TRACE::2026-09-23.16:29:48::SCWPlatform:: Unique name xilinx:pynq-z2::0.0
TRACE::2026-09-23.16:29:48::SCWPlatform::Trying to set the existing hwdb with name rsa_project_wrapper_0
TRACE::2026-09-23.16:29:48::SCWPlatform::Opened existing hwdb rsa_project_wrapper_0
TRACE::2026-09-23.16:29:48::SCWPlatform::Found the Hw Db part of the input DSA
TRACE::2026-09-23.16:29:48::SCWMssOS::Checking the sw design at  /users/students/r0933784/DDP/sw_package_2026/sw_project/project_sw/ecc_project_wrapper/zynq_fsbl/zynq_fsbl_bsp/system.mss
TRACE::2026-09-23.16:29:48::SCWMssOS::DEBUG:  swdes dump  /users/students/r0933784/DDP/sw_package_2026/sw_project/project_sw/ecc_project_wrapper/zynq_fsbl/zynq_fsbl_bsp/system.mss|system||

TRACE::2026-09-23.16:29:48::SCWMssOS::Sw design exists and opened at  /users/students/r0933784/DDP/sw_package_2026/sw_project/project_sw/ecc_project_wrapper/zynq_fsbl/zynq_fsbl_bsp/system.mss
TRACE::2026-09-23.16:29:48::SCWWriter::formatted JSON is {
	"platformName":	"ecc_project_wrapper",
	"sprVersion":	"2.0",
	"mode":	"cmd",
	"dsaType":	"Fixed",
	"platformDesc":	"ecc_project_wrapper",
	"platHandOff":	"src/tcl/ecc_project_wrapper.xsa",
	"platIntHandOff":	"<platformDir>/hw/ecc_project_wrapper.xsa",
	"deviceType":	"zynq",
	"platIsPrebuiltAutogen":	"false",
	"platIsNoBootBsp":	"false",
	"platFsblTarget":	"ps7_cortexa9_0",
	"hasFsblMakeHasChanges":	"false",
	"hasPmufwMakeHasChanges":	"false",
	"fsblExtraCompilerFlags":	"-MMD -MP       -mcpu=cortex-a9 -mfpu=vfpv3 -mfloat-abi=hard ",
	"platPreBuiltFlag":	false,
	"platformSamplesDir":	"",
	"platActiveSys":	"ecc_project_wrapper",
	"systems":	[{
			"systemName":	"ecc_project_wrapper",
			"systemDesc":	"ecc_project_wrapper",
			"sysIsBootAutoGen":	"true",
			"systemDispName":	"ecc_project_wrapper",
			"sysActiveDom":	"zynq_fsbl",
			"sysDefaultDom":	"",
			"domains":	[{
					"domainName":	"zynq_fsbl",
					"domainDispName":	"zynq_fsbl",
					"domainDesc":	"FSBL Application BSP - Auto Generated.",
					"processors":	"ps7_cortexa9_0",
					"os":	"standalone",
					"sdxOs":	"standalone",
					"debugEnable":	"",
					"domRuntimes":	["cpp"],
					"swRepo":	"",
					"mssOsVer":	"8.1",
					"mssFile":	"",
					"md5Digest":	"2c92122f18c5fd40d52fe668ff4c852c",
					"compatibleApp":	"zynq_fsbl",
					"domType":	"bootDomain",
					"arch":	"32-bit",
					"appSettings":	{
						"appCompilerFlags":	"",
						"appLinkerFlags":	""
					},
					"addedLibs":	["xilffs:5.0", "xilrsa:1.6"],
					"libOptions":	{
						"libsContainingOptions":	[]
					},
					"prebuiltLibs":	{
						"prebuiltIncPath":	[],
						"prebuiltLibPath":	[]
					},
					"isolation":	{
					}
				}]
		}]
}
TRACE::2026-09-23.16:29:48::SCWPlatform::Trying to open the hw design at /users/students/r0933784/DDP/sw_package_2026/sw_project/project_sw/ecc_project_wrapper/hw/ecc_project_wrapper.xsa
TRACE::2026-09-23.16:29:48::SCWPlatform::DSA given /users/students/r0933784/DDP/sw_package_2026/sw_project/project_sw/ecc_project_wrapper/hw/ecc_project_wrapper.xsa
TRACE::2026-09-23.16:29:48::SCWPlatform::DSA absoulate path /users/students/r0933784/DDP/sw_package_2026/sw_project/project_sw/ecc_project_wrapper/hw/ecc_project_wrapper.xsa
TRACE::2026-09-23.16:29:48::SCWPlatform::DSA directory /users/students/r0933784/DDP/sw_package_2026/sw_project/project_sw/ecc_project_wrapper/hw
TRACE::2026-09-23.16:29:48::SCWPlatform:: Platform Path /users/students/r0933784/DDP/sw_package_2026/sw_project/project_sw/ecc_project_wrapper/hw/ecc_project_wrapper.xsa
TRACE::2026-09-23.16:29:48::SCWPlatform:: Unique name xilinx:pynq-z2::0.0
TRACE::2026-09-23.16:29:48::SCWPlatform::Trying to set the existing hwdb with name rsa_project_wrapper_0
TRACE::2026-09-23.16:29:48::SCWPlatform::Opened existing hwdb rsa_project_wrapper_0
TRACE::2026-09-23.16:29:48::SCWPlatform::Found the Hw Db part of the input DSA
TRACE::2026-09-23.16:29:48::SCWDomain::checking for install qemu data   : 
TRACE::2026-09-23.16:29:48::SCWDomain:: Using the QEMU Data from install at  : /esat/micas-data/software/Xilinx/vitis_2023.1/Vitis/2023.1/data/emulation/platforms/zynq/sw/a9_standalone/qemu/
TRACE::2026-09-23.16:29:48::SCWDomain:: Using the QEMU args  from install at  : /esat/micas-data/software/Xilinx/vitis_2023.1/Vitis/2023.1/data/emulation/platforms/zynq/sw/a9_standalone/qemu/qemu_args.txt
TRACE::2026-09-23.16:29:48::SCWPlatform::Trying to open the hw design at /users/students/r0933784/DDP/sw_package_2026/sw_project/project_sw/ecc_project_wrapper/hw/ecc_project_wrapper.xsa
TRACE::2026-09-23.16:29:48::SCWPlatform::DSA given /users/students/r0933784/DDP/sw_package_2026/sw_project/project_sw/ecc_project_wrapper/hw/ecc_project_wrapper.xsa
TRACE::2026-09-23.16:29:48::SCWPlatform::DSA absoulate path /users/students/r0933784/DDP/sw_package_2026/sw_project/project_sw/ecc_project_wrapper/hw/ecc_project_wrapper.xsa
TRACE::2026-09-23.16:29:48::SCWPlatform::DSA directory /users/students/r0933784/DDP/sw_package_2026/sw_project/project_sw/ecc_project_wrapper/hw
TRACE::2026-09-23.16:29:48::SCWPlatform:: Platform Path /users/students/r0933784/DDP/sw_package_2026/sw_project/project_sw/ecc_project_wrapper/hw/ecc_project_wrapper.xsa
TRACE::2026-09-23.16:29:48::SCWPlatform:: Unique name xilinx:pynq-z2::0.0
TRACE::2026-09-23.16:29:48::SCWPlatform::Trying to set the existing hwdb with name rsa_project_wrapper_0
TRACE::2026-09-23.16:29:48::SCWPlatform::Opened existing hwdb rsa_project_wrapper_0
TRACE::2026-09-23.16:29:48::SCWPlatform::Found the Hw Db part of the input DSA
TRACE::2026-09-23.16:29:48::SCWPlatform::Trying to open the hw design at /users/students/r0933784/DDP/sw_package_2026/sw_project/project_sw/ecc_project_wrapper/hw/ecc_project_wrapper.xsa
TRACE::2026-09-23.16:29:48::SCWPlatform::DSA given /users/students/r0933784/DDP/sw_package_2026/sw_project/project_sw/ecc_project_wrapper/hw/ecc_project_wrapper.xsa
TRACE::2026-09-23.16:29:48::SCWPlatform::DSA absoulate path /users/students/r0933784/DDP/sw_package_2026/sw_project/project_sw/ecc_project_wrapper/hw/ecc_project_wrapper.xsa
TRACE::2026-09-23.16:29:48::SCWPlatform::DSA directory /users/students/r0933784/DDP/sw_package_2026/sw_project/project_sw/ecc_project_wrapper/hw
TRACE::2026-09-23.16:29:48::SCWPlatform:: Platform Path /users/students/r0933784/DDP/sw_package_2026/sw_project/project_sw/ecc_project_wrapper/hw/ecc_project_wrapper.xsa
TRACE::2026-09-23.16:29:48::SCWPlatform:: Unique name xilinx:pynq-z2::0.0
TRACE::2026-09-23.16:29:48::SCWPlatform::Trying to set the existing hwdb with name rsa_project_wrapper_0
TRACE::2026-09-23.16:29:48::SCWPlatform::Opened existing hwdb rsa_project_wrapper_0
TRACE::2026-09-23.16:29:48::SCWPlatform::Found the Hw Db part of the input DSA
TRACE::2026-09-23.16:29:48::SCWDomain::Qemu Directory name is changed from "" to "qemu"
TRACE::2026-09-23.16:29:48::SCWPlatform::Trying to open the hw design at /users/students/r0933784/DDP/sw_package_2026/sw_project/project_sw/ecc_project_wrapper/hw/ecc_project_wrapper.xsa
TRACE::2026-09-23.16:29:48::SCWPlatform::DSA given /users/students/r0933784/DDP/sw_package_2026/sw_project/project_sw/ecc_project_wrapper/hw/ecc_project_wrapper.xsa
TRACE::2026-09-23.16:29:48::SCWPlatform::DSA absoulate path /users/students/r0933784/DDP/sw_package_2026/sw_project/project_sw/ecc_project_wrapper/hw/ecc_project_wrapper.xsa
TRACE::2026-09-23.16:29:48::SCWPlatform::DSA directory /users/students/r0933784/DDP/sw_package_2026/sw_project/project_sw/ecc_project_wrapper/hw
TRACE::2026-09-23.16:29:48::SCWPlatform:: Platform Path /users/students/r0933784/DDP/sw_package_2026/sw_project/project_sw/ecc_project_wrapper/hw/ecc_project_wrapper.xsa
TRACE::2026-09-23.16:29:48::SCWPlatform:: Unique name xilinx:pynq-z2::0.0
TRACE::2026-09-23.16:29:48::SCWPlatform::Trying to set the existing hwdb with name rsa_project_wrapper_0
TRACE::2026-09-23.16:29:48::SCWPlatform::Opened existing hwdb rsa_project_wrapper_0
TRACE::2026-09-23.16:29:48::SCWPlatform::Found the Hw Db part of the input DSA
TRACE::2026-09-23.16:29:48::SCWMssOS::Checking the sw design at  /users/students/r0933784/DDP/sw_package_2026/sw_project/project_sw/ecc_project_wrapper/ps7_cortexa9_0/standalone_domain/bsp/system.mss
TRACE::2026-09-23.16:29:48::SCWMssOS::DEBUG:  swdes dump  /users/students/r0933784/DDP/sw_package_2026/sw_project/project_sw/ecc_project_wrapper/zynq_fsbl/zynq_fsbl_bsp/system.mss|system||

TRACE::2026-09-23.16:29:48::SCWMssOS::No sw design opened at  /users/students/r0933784/DDP/sw_package_2026/sw_project/project_sw/ecc_project_wrapper/ps7_cortexa9_0/standalone_domain/bsp/system.mss
TRACE::2026-09-23.16:29:48::SCWMssOS::mss does not exists at /users/students/r0933784/DDP/sw_package_2026/sw_project/project_sw/ecc_project_wrapper/ps7_cortexa9_0/standalone_domain/bsp/system.mss
TRACE::2026-09-23.16:29:48::SCWMssOS::Creating sw design at  /users/students/r0933784/DDP/sw_package_2026/sw_project/project_sw/ecc_project_wrapper/ps7_cortexa9_0/standalone_domain/bsp/system.mss
TRACE::2026-09-23.16:29:48::SCWMssOS::Adding the swdes entry, created swdb /users/students/r0933784/DDP/sw_package_2026/sw_project/project_sw/ecc_project_wrapper/ps7_cortexa9_0/standalone_domain/bsp/system.mss with des name /users/students/r0933784/DDP/sw_package_2026/sw_project/project_sw/ecc_project_wrapper/ps7_cortexa9_0/standalone_domain/bsp/system.mss
TRACE::2026-09-23.16:29:48::SCWMssOS::updating the scw layer changes to swdes at   /users/students/r0933784/DDP/sw_package_2026/sw_project/project_sw/ecc_project_wrapper/ps7_cortexa9_0/standalone_domain/bsp/system.mss
TRACE::2026-09-23.16:29:48::SCWMssOS::Writing mss at /users/students/r0933784/DDP/sw_package_2026/sw_project/project_sw/ecc_project_wrapper/ps7_cortexa9_0/standalone_domain/bsp/system.mss
TRACE::2026-09-23.16:29:48::SCWMssOS::Completed writing the mss file at /users/students/r0933784/DDP/sw_package_2026/sw_project/project_sw/ecc_project_wrapper/ps7_cortexa9_0/standalone_domain/bsp
TRACE::2026-09-23.16:29:48::SCWMssOS::Picking up changes from newly written mss file into SCW Layer. 
TRACE::2026-09-23.16:29:48::SCWMssOS::Updated the changes from newly written mss file into SCW Layer. 
TRACE::2026-09-23.16:29:48::SCWMssOS::Completed writing the mss file at /users/students/r0933784/DDP/sw_package_2026/sw_project/project_sw/ecc_project_wrapper/ps7_cortexa9_0/standalone_domain/bsp
TRACE::2026-09-23.16:29:48::SCWMssOS::Forcing BSP Sources regeneration.
TRACE::2026-09-23.16:29:51::SCWMssOS::Saving the mss changes /users/students/r0933784/DDP/sw_package_2026/sw_project/project_sw/ecc_project_wrapper/zynq_fsbl/zynq_fsbl_bsp/system.mss
TRACE::2026-09-23.16:29:51::SCWMssOS::Found a swdesign opened with the mssfile.
TRACE::2026-09-23.16:29:51::SCWMssOS::Completed writemss as part of save.
TRACE::2026-09-23.16:29:51::SCWMssOS::Commit changes completed.
TRACE::2026-09-23.16:29:51::SCWMssOS::Saving the mss changes /users/students/r0933784/DDP/sw_package_2026/sw_project/project_sw/ecc_project_wrapper/ps7_cortexa9_0/standalone_domain/bsp/system.mss
TRACE::2026-09-23.16:29:51::SCWMssOS::Adding the swdes entry, mss present, able to open swdb /users/students/r0933784/DDP/sw_package_2026/sw_project/project_sw/ecc_project_wrapper/ps7_cortexa9_0/standalone_domain/bsp/system.mss with des name system_0
TRACE::2026-09-23.16:29:51::SCWMssOS::Writing the mss file completed /users/students/r0933784/DDP/sw_package_2026/sw_project/project_sw/ecc_project_wrapper/ps7_cortexa9_0/standalone_domain/bsp/system.mss
TRACE::2026-09-23.16:29:51::SCWMssOS::Commit changes completed.
TRACE::2026-09-23.16:29:51::SCWPlatform::Trying to open the hw design at /users/students/r0933784/DDP/sw_package_2026/sw_project/project_sw/ecc_project_wrapper/hw/ecc_project_wrapper.xsa
TRACE::2026-09-23.16:29:51::SCWPlatform::DSA given /users/students/r0933784/DDP/sw_package_2026/sw_project/project_sw/ecc_project_wrapper/hw/ecc_project_wrapper.xsa
TRACE::2026-09-23.16:29:51::SCWPlatform::DSA absoulate path /users/students/r0933784/DDP/sw_package_2026/sw_project/project_sw/ecc_project_wrapper/hw/ecc_project_wrapper.xsa
TRACE::2026-09-23.16:29:51::SCWPlatform::DSA directory /users/students/r0933784/DDP/sw_package_2026/sw_project/project_sw/ecc_project_wrapper/hw
TRACE::2026-09-23.16:29:51::SCWPlatform:: Platform Path /users/students/r0933784/DDP/sw_package_2026/sw_project/project_sw/ecc_project_wrapper/hw/ecc_project_wrapper.xsa
TRACE::2026-09-23.16:29:51::SCWPlatform:: Unique name xilinx:pynq-z2::0.0
TRACE::2026-09-23.16:29:51::SCWPlatform::Trying to set the existing hwdb with name rsa_project_wrapper_0
TRACE::2026-09-23.16:29:51::SCWPlatform::Opened existing hwdb rsa_project_wrapper_0
TRACE::2026-09-23.16:29:51::SCWPlatform::Found the Hw Db part of the input DSA
TRACE::2026-09-23.16:29:51::SCWMssOS::Checking the sw design at  /users/students/r0933784/DDP/sw_package_2026/sw_project/project_sw/ecc_project_wrapper/zynq_fsbl/zynq_fsbl_bsp/system.mss
TRACE::2026-09-23.16:29:51::SCWMssOS::DEBUG:  swdes dump  /users/students/r0933784/DDP/sw_package_2026/sw_project/project_sw/ecc_project_wrapper/ps7_cortexa9_0/standalone_domain/bsp/system.mss|system_0||
/users/students/r0933784/DDP/sw_package_2026/sw_project/project_sw/ecc_project_wrapper/zynq_fsbl/zynq_fsbl_bsp/system.mss|system||

TRACE::2026-09-23.16:29:51::SCWMssOS::Sw design exists and opened at  /users/students/r0933784/DDP/sw_package_2026/sw_project/project_sw/ecc_project_wrapper/zynq_fsbl/zynq_fsbl_bsp/system.mss
TRACE::2026-09-23.16:29:51::SCWPlatform::Trying to open the hw design at /users/students/r0933784/DDP/sw_package_2026/sw_project/project_sw/ecc_project_wrapper/hw/ecc_project_wrapper.xsa
TRACE::2026-09-23.16:29:51::SCWPlatform::DSA given /users/students/r0933784/DDP/sw_package_2026/sw_project/project_sw/ecc_project_wrapper/hw/ecc_project_wrapper.xsa
TRACE::2026-09-23.16:29:51::SCWPlatform::DSA absoulate path /users/students/r0933784/DDP/sw_package_2026/sw_project/project_sw/ecc_project_wrapper/hw/ecc_project_wrapper.xsa
TRACE::2026-09-23.16:29:51::SCWPlatform::DSA directory /users/students/r0933784/DDP/sw_package_2026/sw_project/project_sw/ecc_project_wrapper/hw
TRACE::2026-09-23.16:29:51::SCWPlatform:: Platform Path /users/students/r0933784/DDP/sw_package_2026/sw_project/project_sw/ecc_project_wrapper/hw/ecc_project_wrapper.xsa
TRACE::2026-09-23.16:29:51::SCWPlatform:: Unique name xilinx:pynq-z2::0.0
TRACE::2026-09-23.16:29:51::SCWPlatform::Trying to set the existing hwdb with name rsa_project_wrapper_0
TRACE::2026-09-23.16:29:52::SCWPlatform::Opened existing hwdb rsa_project_wrapper_0
TRACE::2026-09-23.16:29:52::SCWPlatform::Found the Hw Db part of the input DSA
TRACE::2026-09-23.16:29:52::SCWMssOS::Checking the sw design at  /users/students/r0933784/DDP/sw_package_2026/sw_project/project_sw/ecc_project_wrapper/zynq_fsbl/zynq_fsbl_bsp/system.mss
TRACE::2026-09-23.16:29:52::SCWMssOS::DEBUG:  swdes dump  /users/students/r0933784/DDP/sw_package_2026/sw_project/project_sw/ecc_project_wrapper/ps7_cortexa9_0/standalone_domain/bsp/system.mss|system_0||
/users/students/r0933784/DDP/sw_package_2026/sw_project/project_sw/ecc_project_wrapper/zynq_fsbl/zynq_fsbl_bsp/system.mss|system||

TRACE::2026-09-23.16:29:52::SCWMssOS::Sw design exists and opened at  /users/students/r0933784/DDP/sw_package_2026/sw_project/project_sw/ecc_project_wrapper/zynq_fsbl/zynq_fsbl_bsp/system.mss
TRACE::2026-09-23.16:29:52::SCWPlatform::Trying to open the hw design at /users/students/r0933784/DDP/sw_package_2026/sw_project/project_sw/ecc_project_wrapper/hw/ecc_project_wrapper.xsa
TRACE::2026-09-23.16:29:52::SCWPlatform::DSA given /users/students/r0933784/DDP/sw_package_2026/sw_project/project_sw/ecc_project_wrapper/hw/ecc_project_wrapper.xsa
TRACE::2026-09-23.16:29:52::SCWPlatform::DSA absoulate path /users/students/r0933784/DDP/sw_package_2026/sw_project/project_sw/ecc_project_wrapper/hw/ecc_project_wrapper.xsa
TRACE::2026-09-23.16:29:52::SCWPlatform::DSA directory /users/students/r0933784/DDP/sw_package_2026/sw_project/project_sw/ecc_project_wrapper/hw
TRACE::2026-09-23.16:29:52::SCWPlatform:: Platform Path /users/students/r0933784/DDP/sw_package_2026/sw_project/project_sw/ecc_project_wrapper/hw/ecc_project_wrapper.xsa
TRACE::2026-09-23.16:29:52::SCWPlatform:: Unique name xilinx:pynq-z2::0.0
TRACE::2026-09-23.16:29:52::SCWPlatform::Trying to set the existing hwdb with name rsa_project_wrapper_0
TRACE::2026-09-23.16:29:52::SCWPlatform::Opened existing hwdb rsa_project_wrapper_0
TRACE::2026-09-23.16:29:52::SCWPlatform::Found the Hw Db part of the input DSA
TRACE::2026-09-23.16:29:52::SCWMssOS::Checking the sw design at  /users/students/r0933784/DDP/sw_package_2026/sw_project/project_sw/ecc_project_wrapper/zynq_fsbl/zynq_fsbl_bsp/system.mss
TRACE::2026-09-23.16:29:52::SCWMssOS::DEBUG:  swdes dump  /users/students/r0933784/DDP/sw_package_2026/sw_project/project_sw/ecc_project_wrapper/ps7_cortexa9_0/standalone_domain/bsp/system.mss|system_0||
/users/students/r0933784/DDP/sw_package_2026/sw_project/project_sw/ecc_project_wrapper/zynq_fsbl/zynq_fsbl_bsp/system.mss|system||

TRACE::2026-09-23.16:29:52::SCWMssOS::Sw design exists and opened at  /users/students/r0933784/DDP/sw_package_2026/sw_project/project_sw/ecc_project_wrapper/zynq_fsbl/zynq_fsbl_bsp/system.mss
TRACE::2026-09-23.16:29:52::SCWPlatform::Trying to open the hw design at /users/students/r0933784/DDP/sw_package_2026/sw_project/project_sw/ecc_project_wrapper/hw/ecc_project_wrapper.xsa
TRACE::2026-09-23.16:29:52::SCWPlatform::DSA given /users/students/r0933784/DDP/sw_package_2026/sw_project/project_sw/ecc_project_wrapper/hw/ecc_project_wrapper.xsa
TRACE::2026-09-23.16:29:52::SCWPlatform::DSA absoulate path /users/students/r0933784/DDP/sw_package_2026/sw_project/project_sw/ecc_project_wrapper/hw/ecc_project_wrapper.xsa
TRACE::2026-09-23.16:29:52::SCWPlatform::DSA directory /users/students/r0933784/DDP/sw_package_2026/sw_project/project_sw/ecc_project_wrapper/hw
TRACE::2026-09-23.16:29:52::SCWPlatform:: Platform Path /users/students/r0933784/DDP/sw_package_2026/sw_project/project_sw/ecc_project_wrapper/hw/ecc_project_wrapper.xsa
TRACE::2026-09-23.16:29:52::SCWPlatform:: Unique name xilinx:pynq-z2::0.0
TRACE::2026-09-23.16:29:52::SCWPlatform::Trying to set the existing hwdb with name rsa_project_wrapper_0
TRACE::2026-09-23.16:29:52::SCWPlatform::Opened existing hwdb rsa_project_wrapper_0
TRACE::2026-09-23.16:29:52::SCWPlatform::Found the Hw Db part of the input DSA
TRACE::2026-09-23.16:29:52::SCWMssOS::Checking the sw design at  /users/students/r0933784/DDP/sw_package_2026/sw_project/project_sw/ecc_project_wrapper/ps7_cortexa9_0/standalone_domain/bsp/system.mss
TRACE::2026-09-23.16:29:52::SCWMssOS::DEBUG:  swdes dump  /users/students/r0933784/DDP/sw_package_2026/sw_project/project_sw/ecc_project_wrapper/ps7_cortexa9_0/standalone_domain/bsp/system.mss|system_0||
/users/students/r0933784/DDP/sw_package_2026/sw_project/project_sw/ecc_project_wrapper/zynq_fsbl/zynq_fsbl_bsp/system.mss|system||

TRACE::2026-09-23.16:29:52::SCWMssOS::Sw design exists and opened at  /users/students/r0933784/DDP/sw_package_2026/sw_project/project_sw/ecc_project_wrapper/ps7_cortexa9_0/standalone_domain/bsp/system.mss
TRACE::2026-09-23.16:29:52::SCWPlatform::Trying to open the hw design at /users/students/r0933784/DDP/sw_package_2026/sw_project/project_sw/ecc_project_wrapper/hw/ecc_project_wrapper.xsa
TRACE::2026-09-23.16:29:52::SCWPlatform::DSA given /users/students/r0933784/DDP/sw_package_2026/sw_project/project_sw/ecc_project_wrapper/hw/ecc_project_wrapper.xsa
TRACE::2026-09-23.16:29:52::SCWPlatform::DSA absoulate path /users/students/r0933784/DDP/sw_package_2026/sw_project/project_sw/ecc_project_wrapper/hw/ecc_project_wrapper.xsa
TRACE::2026-09-23.16:29:52::SCWPlatform::DSA directory /users/students/r0933784/DDP/sw_package_2026/sw_project/project_sw/ecc_project_wrapper/hw
TRACE::2026-09-23.16:29:52::SCWPlatform:: Platform Path /users/students/r0933784/DDP/sw_package_2026/sw_project/project_sw/ecc_project_wrapper/hw/ecc_project_wrapper.xsa
TRACE::2026-09-23.16:29:52::SCWPlatform:: Unique name xilinx:pynq-z2::0.0
TRACE::2026-09-23.16:29:52::SCWPlatform::Trying to set the existing hwdb with name rsa_project_wrapper_0
TRACE::2026-09-23.16:29:52::SCWPlatform::Opened existing hwdb rsa_project_wrapper_0
TRACE::2026-09-23.16:29:52::SCWPlatform::Found the Hw Db part of the input DSA
TRACE::2026-09-23.16:29:52::SCWMssOS::Checking the sw design at  /users/students/r0933784/DDP/sw_package_2026/sw_project/project_sw/ecc_project_wrapper/ps7_cortexa9_0/standalone_domain/bsp/system.mss
TRACE::2026-09-23.16:29:52::SCWMssOS::DEBUG:  swdes dump  /users/students/r0933784/DDP/sw_package_2026/sw_project/project_sw/ecc_project_wrapper/ps7_cortexa9_0/standalone_domain/bsp/system.mss|system_0||
/users/students/r0933784/DDP/sw_package_2026/sw_project/project_sw/ecc_project_wrapper/zynq_fsbl/zynq_fsbl_bsp/system.mss|system||

TRACE::2026-09-23.16:29:52::SCWMssOS::Sw design exists and opened at  /users/students/r0933784/DDP/sw_package_2026/sw_project/project_sw/ecc_project_wrapper/ps7_cortexa9_0/standalone_domain/bsp/system.mss
TRACE::2026-09-23.16:29:52::SCWPlatform::Trying to open the hw design at /users/students/r0933784/DDP/sw_package_2026/sw_project/project_sw/ecc_project_wrapper/hw/ecc_project_wrapper.xsa
TRACE::2026-09-23.16:29:52::SCWPlatform::DSA given /users/students/r0933784/DDP/sw_package_2026/sw_project/project_sw/ecc_project_wrapper/hw/ecc_project_wrapper.xsa
TRACE::2026-09-23.16:29:52::SCWPlatform::DSA absoulate path /users/students/r0933784/DDP/sw_package_2026/sw_project/project_sw/ecc_project_wrapper/hw/ecc_project_wrapper.xsa
TRACE::2026-09-23.16:29:52::SCWPlatform::DSA directory /users/students/r0933784/DDP/sw_package_2026/sw_project/project_sw/ecc_project_wrapper/hw
TRACE::2026-09-23.16:29:52::SCWPlatform:: Platform Path /users/students/r0933784/DDP/sw_package_2026/sw_project/project_sw/ecc_project_wrapper/hw/ecc_project_wrapper.xsa
TRACE::2026-09-23.16:29:52::SCWPlatform:: Unique name xilinx:pynq-z2::0.0
TRACE::2026-09-23.16:29:52::SCWPlatform::Trying to set the existing hwdb with name rsa_project_wrapper_0
TRACE::2026-09-23.16:29:52::SCWPlatform::Opened existing hwdb rsa_project_wrapper_0
TRACE::2026-09-23.16:29:52::SCWPlatform::Found the Hw Db part of the input DSA
TRACE::2026-09-23.16:29:52::SCWMssOS::Checking the sw design at  /users/students/r0933784/DDP/sw_package_2026/sw_project/project_sw/ecc_project_wrapper/ps7_cortexa9_0/standalone_domain/bsp/system.mss
TRACE::2026-09-23.16:29:52::SCWMssOS::DEBUG:  swdes dump  /users/students/r0933784/DDP/sw_package_2026/sw_project/project_sw/ecc_project_wrapper/ps7_cortexa9_0/standalone_domain/bsp/system.mss|system_0||
/users/students/r0933784/DDP/sw_package_2026/sw_project/project_sw/ecc_project_wrapper/zynq_fsbl/zynq_fsbl_bsp/system.mss|system||

TRACE::2026-09-23.16:29:52::SCWMssOS::Sw design exists and opened at  /users/students/r0933784/DDP/sw_package_2026/sw_project/project_sw/ecc_project_wrapper/ps7_cortexa9_0/standalone_domain/bsp/system.mss
TRACE::2026-09-23.16:29:52::SCWWriter::formatted JSON is {
	"platformName":	"ecc_project_wrapper",
	"sprVersion":	"2.0",
	"mode":	"cmd",
	"dsaType":	"Fixed",
	"platformDesc":	"ecc_project_wrapper",
	"platHandOff":	"src/tcl/ecc_project_wrapper.xsa",
	"platIntHandOff":	"<platformDir>/hw/ecc_project_wrapper.xsa",
	"deviceType":	"zynq",
	"platIsPrebuiltAutogen":	"false",
	"platIsNoBootBsp":	"false",
	"platFsblTarget":	"ps7_cortexa9_0",
	"hasFsblMakeHasChanges":	"false",
	"hasPmufwMakeHasChanges":	"false",
	"fsblExtraCompilerFlags":	"-MMD -MP       -mcpu=cortex-a9 -mfpu=vfpv3 -mfloat-abi=hard ",
	"platPreBuiltFlag":	false,
	"platformSamplesDir":	"",
	"platActiveSys":	"ecc_project_wrapper",
	"systems":	[{
			"systemName":	"ecc_project_wrapper",
			"systemDesc":	"ecc_project_wrapper",
			"sysIsBootAutoGen":	"true",
			"systemDispName":	"ecc_project_wrapper",
			"sysActiveDom":	"standalone_domain",
			"sysDefaultDom":	"standalone_domain",
			"domains":	[{
					"domainName":	"zynq_fsbl",
					"domainDispName":	"zynq_fsbl",
					"domainDesc":	"FSBL Application BSP - Auto Generated.",
					"processors":	"ps7_cortexa9_0",
					"os":	"standalone",
					"sdxOs":	"standalone",
					"debugEnable":	"",
					"domRuntimes":	["cpp"],
					"swRepo":	"",
					"mssOsVer":	"8.1",
					"mssFile":	"",
					"md5Digest":	"2c92122f18c5fd40d52fe668ff4c852c",
					"compatibleApp":	"zynq_fsbl",
					"domType":	"bootDomain",
					"arch":	"32-bit",
					"appSettings":	{
						"appCompilerFlags":	"",
						"appLinkerFlags":	""
					},
					"addedLibs":	["xilffs:5.0", "xilrsa:1.6"],
					"libOptions":	{
						"libsContainingOptions":	[]
					},
					"prebuiltLibs":	{
						"prebuiltIncPath":	[],
						"prebuiltLibPath":	[]
					},
					"isolation":	{
					}
				}, {
					"domainName":	"standalone_domain",
					"domainDispName":	"standalone on ps7_cortexa9_0",
					"domainDesc":	"standalone_domain",
					"processors":	"ps7_cortexa9_0",
					"os":	"standalone",
					"sdxOs":	"standalone",
					"qemuArgs":	"<platformDir>/resources/ecc_project_wrapper/standalone_domain/qemu_args.txt",
					"qemuData":	"<platformDir>/resources/ecc_project_wrapper/standalone_domain/qemu",
					"debugEnable":	"False",
					"domRuntimes":	["cpp"],
					"swRepo":	"",
					"mssOsVer":	"8.1",
					"mssFile":	"",
					"md5Digest":	"5458ab32d357d609abddc6af46557d25",
					"compatibleApp":	"hello_world",
					"domType":	"mssDomain",
					"arch":	"32-bit",
					"appSettings":	{
						"appCompilerFlags":	"",
						"appLinkerFlags":	""
					},
					"addedLibs":	[],
					"libOptions":	{
						"libsContainingOptions":	[]
					},
					"prebuiltLibs":	{
						"prebuiltIncPath":	[],
						"prebuiltLibPath":	[]
					},
					"isolation":	{
					}
				}]
		}]
}
LOG::2026-09-23.16:29:52::SCWPlatform::Started generating the artifacts platform ecc_project_wrapper
TRACE::2026-09-23.16:29:52::SCWPlatform::Sanity checking of platform is completed
LOG::2026-09-23.16:29:52::SCWPlatform::Started generating the artifacts for system configuration ecc_project_wrapper
LOG::2026-09-23.16:29:52::SCWSystem::Checking the domain zynq_fsbl
LOG::2026-09-23.16:29:52::SCWSystem::Doing application build for :  zynq_fsbl
TRACE::2026-09-23.16:29:52::SCWBDomain::Not a forced makefile updation, No changes are present. 
TRACE::2026-09-23.16:29:52::SCWDomain::Skipping the build for domain :  zynq_fsbl
LOG::2026-09-23.16:29:52::SCWSystem::Checking the domain standalone_domain
LOG::2026-09-23.16:29:52::SCWSystem::Not a boot domain 
LOG::2026-09-23.16:29:52::SCWSystem::Started Processing the domain standalone_domain
TRACE::2026-09-23.16:29:52::SCWDomain::Generating domain artifcats
TRACE::2026-09-23.16:29:52::SCWMssOS::Generating standalone artifcats
TRACE::2026-09-23.16:29:52::SCWMssOS::Copying the qemu file from  /users/students/r0933784/DDP/sw_package_2026/sw_project/project_sw/ecc_project_wrapper/resources/ecc_project_wrapper/standalone_domain/qemu_args.txt To /users/students/r0933784/DDP/sw_package_2026/sw_project/project_sw/ecc_project_wrapper/export/ecc_project_wrapper/sw/ecc_project_wrapper/qemu/
TRACE::2026-09-23.16:29:52::SCWMssOS::Copying the qemu file from  /users/students/r0933784/DDP/sw_package_2026/sw_project/project_sw/ecc_project_wrapper/resources/ecc_project_wrapper/standalone_domain/qemu_args.txt To /users/students/r0933784/DDP/sw_package_2026/sw_project/project_sw/ecc_project_wrapper/export/ecc_project_wrapper/sw/ecc_project_wrapper/standalone_domain/qemu/
TRACE::2026-09-23.16:29:52::SCWMssOS:: Copying the user libraries. 
TRACE::2026-09-23.16:29:52::SCWPlatform::Trying to open the hw design at /users/students/r0933784/DDP/sw_package_2026/sw_project/project_sw/ecc_project_wrapper/hw/ecc_project_wrapper.xsa
TRACE::2026-09-23.16:29:52::SCWPlatform::DSA given /users/students/r0933784/DDP/sw_package_2026/sw_project/project_sw/ecc_project_wrapper/hw/ecc_project_wrapper.xsa
TRACE::2026-09-23.16:29:52::SCWPlatform::DSA absoulate path /users/students/r0933784/DDP/sw_package_2026/sw_project/project_sw/ecc_project_wrapper/hw/ecc_project_wrapper.xsa
TRACE::2026-09-23.16:29:52::SCWPlatform::DSA directory /users/students/r0933784/DDP/sw_package_2026/sw_project/project_sw/ecc_project_wrapper/hw
TRACE::2026-09-23.16:29:52::SCWPlatform:: Platform Path /users/students/r0933784/DDP/sw_package_2026/sw_project/project_sw/ecc_project_wrapper/hw/ecc_project_wrapper.xsa
TRACE::2026-09-23.16:29:52::SCWPlatform:: Unique name xilinx:pynq-z2::0.0
TRACE::2026-09-23.16:29:52::SCWPlatform::Trying to set the existing hwdb with name rsa_project_wrapper_0
TRACE::2026-09-23.16:29:52::SCWPlatform::Opened existing hwdb rsa_project_wrapper_0
TRACE::2026-09-23.16:29:52::SCWPlatform::Found the Hw Db part of the input DSA
TRACE::2026-09-23.16:29:52::SCWMssOS::Checking the sw design at  /users/students/r0933784/DDP/sw_package_2026/sw_project/project_sw/ecc_project_wrapper/ps7_cortexa9_0/standalone_domain/bsp/system.mss
TRACE::2026-09-23.16:29:52::SCWMssOS::DEBUG:  swdes dump  /users/students/r0933784/DDP/sw_package_2026/sw_project/project_sw/ecc_project_wrapper/ps7_cortexa9_0/standalone_domain/bsp/system.mss|system_0||
/users/students/r0933784/DDP/sw_package_2026/sw_project/project_sw/ecc_project_wrapper/zynq_fsbl/zynq_fsbl_bsp/system.mss|system||

TRACE::2026-09-23.16:29:52::SCWMssOS::Sw design exists and opened at  /users/students/r0933784/DDP/sw_package_2026/sw_project/project_sw/ecc_project_wrapper/ps7_cortexa9_0/standalone_domain/bsp/system.mss
TRACE::2026-09-23.16:29:52::SCWMssOS::Completed writing the mss file at /users/students/r0933784/DDP/sw_package_2026/sw_project/project_sw/ecc_project_wrapper/ps7_cortexa9_0/standalone_domain/bsp
TRACE::2026-09-23.16:29:52::SCWMssOS::Mss edits present, copying mssfile into export location /users/students/r0933784/DDP/sw_package_2026/sw_project/project_sw/ecc_project_wrapper/ps7_cortexa9_0/standalone_domain/bsp/system.mss
TRACE::2026-09-23.16:29:52::SCWMssOS::bsp generated is upto date with the mss file. Skipping bsp generation.
TRACE::2026-09-23.16:29:52::SCWMssOS::BSP is already built. skipping the bsp build ... 
TRACE::2026-09-23.16:29:52::SCWDomain::Skipping the build for domain :  standalone_domain
TRACE::2026-09-23.16:29:52::SCWMssOS::skipping the bsp build ... 
TRACE::2026-09-23.16:29:52::SCWMssOS::Copying to export directory.
TRACE::2026-09-23.16:29:52::SCWMssOS:: Checking if to create the Supporting Applications
TRACE::2026-09-23.16:29:52::SCWMssOS:: No Linux domain exists, trying to generate FSBL 
TRACE::2026-09-23.16:29:52::SCWMssOS:: Completed Standalone Artifacts creation 
LOG::2026-09-23.16:29:52::SCWSystem::Completed Processing the domain standalone_domain
LOG::2026-09-23.16:29:52::SCWSystem::Completed Processing the sysconfig ecc_project_wrapper
LOG::2026-09-23.16:29:52::SCWPlatform::Completed generating the artifacts for system configuration ecc_project_wrapper
TRACE::2026-09-23.16:29:52::SCWPlatform::Started preparing the platform 
TRACE::2026-09-23.16:29:52::SCWSystem::Writing the bif file for system config ecc_project_wrapper
TRACE::2026-09-23.16:29:52::SCWSystem::dir created 
TRACE::2026-09-23.16:29:52::SCWSystem::Writing the bif 
TRACE::2026-09-23.16:29:52::SCWPlatform::Started writing the spfm file 
TRACE::2026-09-23.16:29:52::SCWPlatform::Started writing the xpfm file 
TRACE::2026-09-23.16:29:52::SCWPlatform::Completed generating the platform
TRACE::2026-09-23.16:29:52::SCWMssOS::Saving the mss changes /users/students/r0933784/DDP/sw_package_2026/sw_project/project_sw/ecc_project_wrapper/zynq_fsbl/zynq_fsbl_bsp/system.mss
TRACE::2026-09-23.16:29:52::SCWMssOS::Found a swdesign opened with the mssfile.
TRACE::2026-09-23.16:29:52::SCWMssOS::Completed writemss as part of save.
TRACE::2026-09-23.16:29:52::SCWMssOS::Commit changes completed.
TRACE::2026-09-23.16:29:52::SCWMssOS::Saving the mss changes /users/students/r0933784/DDP/sw_package_2026/sw_project/project_sw/ecc_project_wrapper/ps7_cortexa9_0/standalone_domain/bsp/system.mss
TRACE::2026-09-23.16:29:52::SCWMssOS::Found a swdesign opened with the mssfile.
TRACE::2026-09-23.16:29:52::SCWMssOS::Completed writemss as part of save.
TRACE::2026-09-23.16:29:52::SCWMssOS::Commit changes completed.
TRACE::2026-09-23.16:29:52::SCWPlatform::Trying to open the hw design at /users/students/r0933784/DDP/sw_package_2026/sw_project/project_sw/ecc_project_wrapper/hw/ecc_project_wrapper.xsa
TRACE::2026-09-23.16:29:52::SCWPlatform::DSA given /users/students/r0933784/DDP/sw_package_2026/sw_project/project_sw/ecc_project_wrapper/hw/ecc_project_wrapper.xsa
TRACE::2026-09-23.16:29:52::SCWPlatform::DSA absoulate path /users/students/r0933784/DDP/sw_package_2026/sw_project/project_sw/ecc_project_wrapper/hw/ecc_project_wrapper.xsa
TRACE::2026-09-23.16:29:52::SCWPlatform::DSA directory /users/students/r0933784/DDP/sw_package_2026/sw_project/project_sw/ecc_project_wrapper/hw
TRACE::2026-09-23.16:29:52::SCWPlatform:: Platform Path /users/students/r0933784/DDP/sw_package_2026/sw_project/project_sw/ecc_project_wrapper/hw/ecc_project_wrapper.xsa
TRACE::2026-09-23.16:29:52::SCWPlatform:: Unique name xilinx:pynq-z2::0.0
TRACE::2026-09-23.16:29:52::SCWPlatform::Trying to set the existing hwdb with name rsa_project_wrapper_0
TRACE::2026-09-23.16:29:52::SCWPlatform::Opened existing hwdb rsa_project_wrapper_0
TRACE::2026-09-23.16:29:52::SCWPlatform::Found the Hw Db part of the input DSA
TRACE::2026-09-23.16:29:52::SCWMssOS::Checking the sw design at  /users/students/r0933784/DDP/sw_package_2026/sw_project/project_sw/ecc_project_wrapper/zynq_fsbl/zynq_fsbl_bsp/system.mss
TRACE::2026-09-23.16:29:52::SCWMssOS::DEBUG:  swdes dump  /users/students/r0933784/DDP/sw_package_2026/sw_project/project_sw/ecc_project_wrapper/ps7_cortexa9_0/standalone_domain/bsp/system.mss|system_0||
/users/students/r0933784/DDP/sw_package_2026/sw_project/project_sw/ecc_project_wrapper/zynq_fsbl/zynq_fsbl_bsp/system.mss|system||

TRACE::2026-09-23.16:29:52::SCWMssOS::Sw design exists and opened at  /users/students/r0933784/DDP/sw_package_2026/sw_project/project_sw/ecc_project_wrapper/zynq_fsbl/zynq_fsbl_bsp/system.mss
TRACE::2026-09-23.16:29:52::SCWPlatform::Trying to open the hw design at /users/students/r0933784/DDP/sw_package_2026/sw_project/project_sw/ecc_project_wrapper/hw/ecc_project_wrapper.xsa
TRACE::2026-09-23.16:29:52::SCWPlatform::DSA given /users/students/r0933784/DDP/sw_package_2026/sw_project/project_sw/ecc_project_wrapper/hw/ecc_project_wrapper.xsa
TRACE::2026-09-23.16:29:52::SCWPlatform::DSA absoulate path /users/students/r0933784/DDP/sw_package_2026/sw_project/project_sw/ecc_project_wrapper/hw/ecc_project_wrapper.xsa
TRACE::2026-09-23.16:29:52::SCWPlatform::DSA directory /users/students/r0933784/DDP/sw_package_2026/sw_project/project_sw/ecc_project_wrapper/hw
TRACE::2026-09-23.16:29:52::SCWPlatform:: Platform Path /users/students/r0933784/DDP/sw_package_2026/sw_project/project_sw/ecc_project_wrapper/hw/ecc_project_wrapper.xsa
TRACE::2026-09-23.16:29:52::SCWPlatform:: Unique name xilinx:pynq-z2::0.0
TRACE::2026-09-23.16:29:52::SCWPlatform::Trying to set the existing hwdb with name rsa_project_wrapper_0
TRACE::2026-09-23.16:29:52::SCWPlatform::Opened existing hwdb rsa_project_wrapper_0
TRACE::2026-09-23.16:29:52::SCWPlatform::Found the Hw Db part of the input DSA
TRACE::2026-09-23.16:29:52::SCWMssOS::Checking the sw design at  /users/students/r0933784/DDP/sw_package_2026/sw_project/project_sw/ecc_project_wrapper/zynq_fsbl/zynq_fsbl_bsp/system.mss
TRACE::2026-09-23.16:29:52::SCWMssOS::DEBUG:  swdes dump  /users/students/r0933784/DDP/sw_package_2026/sw_project/project_sw/ecc_project_wrapper/ps7_cortexa9_0/standalone_domain/bsp/system.mss|system_0||
/users/students/r0933784/DDP/sw_package_2026/sw_project/project_sw/ecc_project_wrapper/zynq_fsbl/zynq_fsbl_bsp/system.mss|system||

TRACE::2026-09-23.16:29:52::SCWMssOS::Sw design exists and opened at  /users/students/r0933784/DDP/sw_package_2026/sw_project/project_sw/ecc_project_wrapper/zynq_fsbl/zynq_fsbl_bsp/system.mss
TRACE::2026-09-23.16:29:52::SCWPlatform::Trying to open the hw design at /users/students/r0933784/DDP/sw_package_2026/sw_project/project_sw/ecc_project_wrapper/hw/ecc_project_wrapper.xsa
TRACE::2026-09-23.16:29:52::SCWPlatform::DSA given /users/students/r0933784/DDP/sw_package_2026/sw_project/project_sw/ecc_project_wrapper/hw/ecc_project_wrapper.xsa
TRACE::2026-09-23.16:29:52::SCWPlatform::DSA absoulate path /users/students/r0933784/DDP/sw_package_2026/sw_project/project_sw/ecc_project_wrapper/hw/ecc_project_wrapper.xsa
TRACE::2026-09-23.16:29:52::SCWPlatform::DSA directory /users/students/r0933784/DDP/sw_package_2026/sw_project/project_sw/ecc_project_wrapper/hw
TRACE::2026-09-23.16:29:52::SCWPlatform:: Platform Path /users/students/r0933784/DDP/sw_package_2026/sw_project/project_sw/ecc_project_wrapper/hw/ecc_project_wrapper.xsa
TRACE::2026-09-23.16:29:52::SCWPlatform:: Unique name xilinx:pynq-z2::0.0
TRACE::2026-09-23.16:29:52::SCWPlatform::Trying to set the existing hwdb with name rsa_project_wrapper_0
TRACE::2026-09-23.16:29:52::SCWPlatform::Opened existing hwdb rsa_project_wrapper_0
TRACE::2026-09-23.16:29:52::SCWPlatform::Found the Hw Db part of the input DSA
TRACE::2026-09-23.16:29:52::SCWMssOS::Checking the sw design at  /users/students/r0933784/DDP/sw_package_2026/sw_project/project_sw/ecc_project_wrapper/zynq_fsbl/zynq_fsbl_bsp/system.mss
TRACE::2026-09-23.16:29:52::SCWMssOS::DEBUG:  swdes dump  /users/students/r0933784/DDP/sw_package_2026/sw_project/project_sw/ecc_project_wrapper/ps7_cortexa9_0/standalone_domain/bsp/system.mss|system_0||
/users/students/r0933784/DDP/sw_package_2026/sw_project/project_sw/ecc_project_wrapper/zynq_fsbl/zynq_fsbl_bsp/system.mss|system||

TRACE::2026-09-23.16:29:52::SCWMssOS::Sw design exists and opened at  /users/students/r0933784/DDP/sw_package_2026/sw_project/project_sw/ecc_project_wrapper/zynq_fsbl/zynq_fsbl_bsp/system.mss
TRACE::2026-09-23.16:29:52::SCWPlatform::Trying to open the hw design at /users/students/r0933784/DDP/sw_package_2026/sw_project/project_sw/ecc_project_wrapper/hw/ecc_project_wrapper.xsa
TRACE::2026-09-23.16:29:52::SCWPlatform::DSA given /users/students/r0933784/DDP/sw_package_2026/sw_project/project_sw/ecc_project_wrapper/hw/ecc_project_wrapper.xsa
TRACE::2026-09-23.16:29:52::SCWPlatform::DSA absoulate path /users/students/r0933784/DDP/sw_package_2026/sw_project/project_sw/ecc_project_wrapper/hw/ecc_project_wrapper.xsa
TRACE::2026-09-23.16:29:52::SCWPlatform::DSA directory /users/students/r0933784/DDP/sw_package_2026/sw_project/project_sw/ecc_project_wrapper/hw
TRACE::2026-09-23.16:29:52::SCWPlatform:: Platform Path /users/students/r0933784/DDP/sw_package_2026/sw_project/project_sw/ecc_project_wrapper/hw/ecc_project_wrapper.xsa
TRACE::2026-09-23.16:29:52::SCWPlatform:: Unique name xilinx:pynq-z2::0.0
TRACE::2026-09-23.16:29:52::SCWPlatform::Trying to set the existing hwdb with name rsa_project_wrapper_0
TRACE::2026-09-23.16:29:52::SCWPlatform::Opened existing hwdb rsa_project_wrapper_0
TRACE::2026-09-23.16:29:52::SCWPlatform::Found the Hw Db part of the input DSA
TRACE::2026-09-23.16:29:52::SCWMssOS::Checking the sw design at  /users/students/r0933784/DDP/sw_package_2026/sw_project/project_sw/ecc_project_wrapper/ps7_cortexa9_0/standalone_domain/bsp/system.mss
TRACE::2026-09-23.16:29:52::SCWMssOS::DEBUG:  swdes dump  /users/students/r0933784/DDP/sw_package_2026/sw_project/project_sw/ecc_project_wrapper/ps7_cortexa9_0/standalone_domain/bsp/system.mss|system_0||
/users/students/r0933784/DDP/sw_package_2026/sw_project/project_sw/ecc_project_wrapper/zynq_fsbl/zynq_fsbl_bsp/system.mss|system||

TRACE::2026-09-23.16:29:52::SCWMssOS::Sw design exists and opened at  /users/students/r0933784/DDP/sw_package_2026/sw_project/project_sw/ecc_project_wrapper/ps7_cortexa9_0/standalone_domain/bsp/system.mss
TRACE::2026-09-23.16:29:52::SCWPlatform::Trying to open the hw design at /users/students/r0933784/DDP/sw_package_2026/sw_project/project_sw/ecc_project_wrapper/hw/ecc_project_wrapper.xsa
TRACE::2026-09-23.16:29:52::SCWPlatform::DSA given /users/students/r0933784/DDP/sw_package_2026/sw_project/project_sw/ecc_project_wrapper/hw/ecc_project_wrapper.xsa
TRACE::2026-09-23.16:29:52::SCWPlatform::DSA absoulate path /users/students/r0933784/DDP/sw_package_2026/sw_project/project_sw/ecc_project_wrapper/hw/ecc_project_wrapper.xsa
TRACE::2026-09-23.16:29:52::SCWPlatform::DSA directory /users/students/r0933784/DDP/sw_package_2026/sw_project/project_sw/ecc_project_wrapper/hw
TRACE::2026-09-23.16:29:52::SCWPlatform:: Platform Path /users/students/r0933784/DDP/sw_package_2026/sw_project/project_sw/ecc_project_wrapper/hw/ecc_project_wrapper.xsa
TRACE::2026-09-23.16:29:52::SCWPlatform:: Unique name xilinx:pynq-z2::0.0
TRACE::2026-09-23.16:29:52::SCWPlatform::Trying to set the existing hwdb with name rsa_project_wrapper_0
TRACE::2026-09-23.16:29:52::SCWPlatform::Opened existing hwdb rsa_project_wrapper_0
TRACE::2026-09-23.16:29:52::SCWPlatform::Found the Hw Db part of the input DSA
TRACE::2026-09-23.16:29:52::SCWMssOS::Checking the sw design at  /users/students/r0933784/DDP/sw_package_2026/sw_project/project_sw/ecc_project_wrapper/ps7_cortexa9_0/standalone_domain/bsp/system.mss
TRACE::2026-09-23.16:29:52::SCWMssOS::DEBUG:  swdes dump  /users/students/r0933784/DDP/sw_package_2026/sw_project/project_sw/ecc_project_wrapper/ps7_cortexa9_0/standalone_domain/bsp/system.mss|system_0||
/users/students/r0933784/DDP/sw_package_2026/sw_project/project_sw/ecc_project_wrapper/zynq_fsbl/zynq_fsbl_bsp/system.mss|system||

TRACE::2026-09-23.16:29:52::SCWMssOS::Sw design exists and opened at  /users/students/r0933784/DDP/sw_package_2026/sw_project/project_sw/ecc_project_wrapper/ps7_cortexa9_0/standalone_domain/bsp/system.mss
TRACE::2026-09-23.16:29:52::SCWPlatform::Trying to open the hw design at /users/students/r0933784/DDP/sw_package_2026/sw_project/project_sw/ecc_project_wrapper/hw/ecc_project_wrapper.xsa
TRACE::2026-09-23.16:29:52::SCWPlatform::DSA given /users/students/r0933784/DDP/sw_package_2026/sw_project/project_sw/ecc_project_wrapper/hw/ecc_project_wrapper.xsa
TRACE::2026-09-23.16:29:52::SCWPlatform::DSA absoulate path /users/students/r0933784/DDP/sw_package_2026/sw_project/project_sw/ecc_project_wrapper/hw/ecc_project_wrapper.xsa
TRACE::2026-09-23.16:29:52::SCWPlatform::DSA directory /users/students/r0933784/DDP/sw_package_2026/sw_project/project_sw/ecc_project_wrapper/hw
TRACE::2026-09-23.16:29:52::SCWPlatform:: Platform Path /users/students/r0933784/DDP/sw_package_2026/sw_project/project_sw/ecc_project_wrapper/hw/ecc_project_wrapper.xsa
TRACE::2026-09-23.16:29:52::SCWPlatform:: Unique name xilinx:pynq-z2::0.0
TRACE::2026-09-23.16:29:52::SCWPlatform::Trying to set the existing hwdb with name rsa_project_wrapper_0
TRACE::2026-09-23.16:29:52::SCWPlatform::Opened existing hwdb rsa_project_wrapper_0
TRACE::2026-09-23.16:29:52::SCWPlatform::Found the Hw Db part of the input DSA
TRACE::2026-09-23.16:29:52::SCWMssOS::Checking the sw design at  /users/students/r0933784/DDP/sw_package_2026/sw_project/project_sw/ecc_project_wrapper/ps7_cortexa9_0/standalone_domain/bsp/system.mss
TRACE::2026-09-23.16:29:52::SCWMssOS::DEBUG:  swdes dump  /users/students/r0933784/DDP/sw_package_2026/sw_project/project_sw/ecc_project_wrapper/ps7_cortexa9_0/standalone_domain/bsp/system.mss|system_0||
/users/students/r0933784/DDP/sw_package_2026/sw_project/project_sw/ecc_project_wrapper/zynq_fsbl/zynq_fsbl_bsp/system.mss|system||

TRACE::2026-09-23.16:29:52::SCWMssOS::Sw design exists and opened at  /users/students/r0933784/DDP/sw_package_2026/sw_project/project_sw/ecc_project_wrapper/ps7_cortexa9_0/standalone_domain/bsp/system.mss
TRACE::2026-09-23.16:29:52::SCWWriter::formatted JSON is {
	"platformName":	"ecc_project_wrapper",
	"sprVersion":	"2.0",
	"mode":	"cmd",
	"dsaType":	"Fixed",
	"platformDesc":	"ecc_project_wrapper",
	"platHandOff":	"src/tcl/ecc_project_wrapper.xsa",
	"platIntHandOff":	"<platformDir>/hw/ecc_project_wrapper.xsa",
	"deviceType":	"zynq",
	"platIsPrebuiltAutogen":	"false",
	"platIsNoBootBsp":	"false",
	"platFsblTarget":	"ps7_cortexa9_0",
	"hasFsblMakeHasChanges":	"false",
	"hasPmufwMakeHasChanges":	"false",
	"fsblExtraCompilerFlags":	"-MMD -MP       -mcpu=cortex-a9 -mfpu=vfpv3 -mfloat-abi=hard ",
	"platPreBuiltFlag":	false,
	"platformSamplesDir":	"",
	"platActiveSys":	"ecc_project_wrapper",
	"systems":	[{
			"systemName":	"ecc_project_wrapper",
			"systemDesc":	"ecc_project_wrapper",
			"sysIsBootAutoGen":	"true",
			"systemDispName":	"ecc_project_wrapper",
			"sysActiveDom":	"standalone_domain",
			"sysDefaultDom":	"standalone_domain",
			"domains":	[{
					"domainName":	"zynq_fsbl",
					"domainDispName":	"zynq_fsbl",
					"domainDesc":	"FSBL Application BSP - Auto Generated.",
					"processors":	"ps7_cortexa9_0",
					"os":	"standalone",
					"sdxOs":	"standalone",
					"debugEnable":	"",
					"domRuntimes":	["cpp"],
					"swRepo":	"",
					"mssOsVer":	"8.1",
					"mssFile":	"",
					"md5Digest":	"2c92122f18c5fd40d52fe668ff4c852c",
					"compatibleApp":	"zynq_fsbl",
					"domType":	"bootDomain",
					"arch":	"32-bit",
					"appSettings":	{
						"appCompilerFlags":	"",
						"appLinkerFlags":	""
					},
					"addedLibs":	["xilffs:5.0", "xilrsa:1.6"],
					"libOptions":	{
						"libsContainingOptions":	[]
					},
					"prebuiltLibs":	{
						"prebuiltIncPath":	[],
						"prebuiltLibPath":	[]
					},
					"isolation":	{
					}
				}, {
					"domainName":	"standalone_domain",
					"domainDispName":	"standalone on ps7_cortexa9_0",
					"domainDesc":	"standalone_domain",
					"processors":	"ps7_cortexa9_0",
					"os":	"standalone",
					"sdxOs":	"standalone",
					"qemuArgs":	"<platformDir>/resources/ecc_project_wrapper/standalone_domain/qemu_args.txt",
					"qemuData":	"<platformDir>/resources/ecc_project_wrapper/standalone_domain/qemu",
					"debugEnable":	"False",
					"domRuntimes":	["cpp"],
					"swRepo":	"",
					"mssOsVer":	"8.1",
					"mssFile":	"",
					"md5Digest":	"5458ab32d357d609abddc6af46557d25",
					"compatibleApp":	"hello_world",
					"domType":	"mssDomain",
					"arch":	"32-bit",
					"appSettings":	{
						"appCompilerFlags":	"",
						"appLinkerFlags":	""
					},
					"addedLibs":	[],
					"libOptions":	{
						"libsContainingOptions":	[]
					},
					"prebuiltLibs":	{
						"prebuiltIncPath":	[],
						"prebuiltLibPath":	[]
					},
					"isolation":	{
					}
				}]
		}]
}
KEYINFO::2026-09-23.16:29:52::SCWPlatform::updated the xpfm file.
TRACE::2026-09-23.16:29:52::SCWPlatform::Trying to open the hw design at /users/students/r0933784/DDP/sw_package_2026/sw_project/project_sw/ecc_project_wrapper/hw/ecc_project_wrapper.xsa
TRACE::2026-09-23.16:29:52::SCWPlatform::DSA given /users/students/r0933784/DDP/sw_package_2026/sw_project/project_sw/ecc_project_wrapper/hw/ecc_project_wrapper.xsa
TRACE::2026-09-23.16:29:52::SCWPlatform::DSA absoulate path /users/students/r0933784/DDP/sw_package_2026/sw_project/project_sw/ecc_project_wrapper/hw/ecc_project_wrapper.xsa
TRACE::2026-09-23.16:29:52::SCWPlatform::DSA directory /users/students/r0933784/DDP/sw_package_2026/sw_project/project_sw/ecc_project_wrapper/hw
TRACE::2026-09-23.16:29:52::SCWPlatform:: Platform Path /users/students/r0933784/DDP/sw_package_2026/sw_project/project_sw/ecc_project_wrapper/hw/ecc_project_wrapper.xsa
TRACE::2026-09-23.16:29:52::SCWPlatform:: Unique name xilinx:pynq-z2::0.0
TRACE::2026-09-23.16:29:52::SCWPlatform::Trying to set the existing hwdb with name rsa_project_wrapper_0
TRACE::2026-09-23.16:29:52::SCWPlatform::Opened existing hwdb rsa_project_wrapper_0
TRACE::2026-09-23.16:29:52::SCWPlatform::Found the Hw Db part of the input DSA
TRACE::2026-09-23.16:29:52::SCWMssOS::Checking the sw design at  /users/students/r0933784/DDP/sw_package_2026/sw_project/project_sw/ecc_project_wrapper/ps7_cortexa9_0/standalone_domain/bsp/system.mss
TRACE::2026-09-23.16:29:52::SCWMssOS::DEBUG:  swdes dump  /users/students/r0933784/DDP/sw_package_2026/sw_project/project_sw/ecc_project_wrapper/ps7_cortexa9_0/standalone_domain/bsp/system.mss|system_0||
/users/students/r0933784/DDP/sw_package_2026/sw_project/project_sw/ecc_project_wrapper/zynq_fsbl/zynq_fsbl_bsp/system.mss|system||

TRACE::2026-09-23.16:29:52::SCWMssOS::Sw design exists and opened at  /users/students/r0933784/DDP/sw_package_2026/sw_project/project_sw/ecc_project_wrapper/ps7_cortexa9_0/standalone_domain/bsp/system.mss
TRACE::2026-09-23.16:29:52::SCWMssOS::Saving the mss changes /users/students/r0933784/DDP/sw_package_2026/sw_project/project_sw/ecc_project_wrapper/zynq_fsbl/zynq_fsbl_bsp/system.mss
TRACE::2026-09-23.16:29:52::SCWMssOS::Found a swdesign opened with the mssfile.
TRACE::2026-09-23.16:29:52::SCWMssOS::Completed writemss as part of save.
TRACE::2026-09-23.16:29:52::SCWMssOS::Commit changes completed.
TRACE::2026-09-23.16:29:52::SCWMssOS::Saving the mss changes /users/students/r0933784/DDP/sw_package_2026/sw_project/project_sw/ecc_project_wrapper/ps7_cortexa9_0/standalone_domain/bsp/system.mss
TRACE::2026-09-23.16:29:52::SCWMssOS::Found a swdesign opened with the mssfile.
TRACE::2026-09-23.16:29:52::SCWMssOS::Completed writemss as part of save.
TRACE::2026-09-23.16:29:52::SCWMssOS::Commit changes completed.
TRACE::2026-09-23.16:29:52::SCWPlatform::Trying to open the hw design at /users/students/r0933784/DDP/sw_package_2026/sw_project/project_sw/ecc_project_wrapper/hw/ecc_project_wrapper.xsa
TRACE::2026-09-23.16:29:52::SCWPlatform::DSA given /users/students/r0933784/DDP/sw_package_2026/sw_project/project_sw/ecc_project_wrapper/hw/ecc_project_wrapper.xsa
TRACE::2026-09-23.16:29:52::SCWPlatform::DSA absoulate path /users/students/r0933784/DDP/sw_package_2026/sw_project/project_sw/ecc_project_wrapper/hw/ecc_project_wrapper.xsa
TRACE::2026-09-23.16:29:52::SCWPlatform::DSA directory /users/students/r0933784/DDP/sw_package_2026/sw_project/project_sw/ecc_project_wrapper/hw
TRACE::2026-09-23.16:29:52::SCWPlatform:: Platform Path /users/students/r0933784/DDP/sw_package_2026/sw_project/project_sw/ecc_project_wrapper/hw/ecc_project_wrapper.xsa
TRACE::2026-09-23.16:29:52::SCWPlatform:: Unique name xilinx:pynq-z2::0.0
TRACE::2026-09-23.16:29:52::SCWPlatform::Trying to set the existing hwdb with name rsa_project_wrapper_0
TRACE::2026-09-23.16:29:52::SCWPlatform::Opened existing hwdb rsa_project_wrapper_0
TRACE::2026-09-23.16:29:52::SCWPlatform::Found the Hw Db part of the input DSA
TRACE::2026-09-23.16:29:52::SCWMssOS::Checking the sw design at  /users/students/r0933784/DDP/sw_package_2026/sw_project/project_sw/ecc_project_wrapper/zynq_fsbl/zynq_fsbl_bsp/system.mss
TRACE::2026-09-23.16:29:52::SCWMssOS::DEBUG:  swdes dump  /users/students/r0933784/DDP/sw_package_2026/sw_project/project_sw/ecc_project_wrapper/ps7_cortexa9_0/standalone_domain/bsp/system.mss|system_0||
/users/students/r0933784/DDP/sw_package_2026/sw_project/project_sw/ecc_project_wrapper/zynq_fsbl/zynq_fsbl_bsp/system.mss|system||

TRACE::2026-09-23.16:29:52::SCWMssOS::Sw design exists and opened at  /users/students/r0933784/DDP/sw_package_2026/sw_project/project_sw/ecc_project_wrapper/zynq_fsbl/zynq_fsbl_bsp/system.mss
TRACE::2026-09-23.16:29:52::SCWPlatform::Trying to open the hw design at /users/students/r0933784/DDP/sw_package_2026/sw_project/project_sw/ecc_project_wrapper/hw/ecc_project_wrapper.xsa
TRACE::2026-09-23.16:29:52::SCWPlatform::DSA given /users/students/r0933784/DDP/sw_package_2026/sw_project/project_sw/ecc_project_wrapper/hw/ecc_project_wrapper.xsa
TRACE::2026-09-23.16:29:52::SCWPlatform::DSA absoulate path /users/students/r0933784/DDP/sw_package_2026/sw_project/project_sw/ecc_project_wrapper/hw/ecc_project_wrapper.xsa
TRACE::2026-09-23.16:29:52::SCWPlatform::DSA directory /users/students/r0933784/DDP/sw_package_2026/sw_project/project_sw/ecc_project_wrapper/hw
TRACE::2026-09-23.16:29:52::SCWPlatform:: Platform Path /users/students/r0933784/DDP/sw_package_2026/sw_project/project_sw/ecc_project_wrapper/hw/ecc_project_wrapper.xsa
TRACE::2026-09-23.16:29:52::SCWPlatform:: Unique name xilinx:pynq-z2::0.0
TRACE::2026-09-23.16:29:52::SCWPlatform::Trying to set the existing hwdb with name rsa_project_wrapper_0
TRACE::2026-09-23.16:29:52::SCWPlatform::Opened existing hwdb rsa_project_wrapper_0
TRACE::2026-09-23.16:29:52::SCWPlatform::Found the Hw Db part of the input DSA
TRACE::2026-09-23.16:29:52::SCWMssOS::Checking the sw design at  /users/students/r0933784/DDP/sw_package_2026/sw_project/project_sw/ecc_project_wrapper/zynq_fsbl/zynq_fsbl_bsp/system.mss
TRACE::2026-09-23.16:29:52::SCWMssOS::DEBUG:  swdes dump  /users/students/r0933784/DDP/sw_package_2026/sw_project/project_sw/ecc_project_wrapper/ps7_cortexa9_0/standalone_domain/bsp/system.mss|system_0||
/users/students/r0933784/DDP/sw_package_2026/sw_project/project_sw/ecc_project_wrapper/zynq_fsbl/zynq_fsbl_bsp/system.mss|system||

TRACE::2026-09-23.16:29:52::SCWMssOS::Sw design exists and opened at  /users/students/r0933784/DDP/sw_package_2026/sw_project/project_sw/ecc_project_wrapper/zynq_fsbl/zynq_fsbl_bsp/system.mss
TRACE::2026-09-23.16:29:52::SCWPlatform::Trying to open the hw design at /users/students/r0933784/DDP/sw_package_2026/sw_project/project_sw/ecc_project_wrapper/hw/ecc_project_wrapper.xsa
TRACE::2026-09-23.16:29:52::SCWPlatform::DSA given /users/students/r0933784/DDP/sw_package_2026/sw_project/project_sw/ecc_project_wrapper/hw/ecc_project_wrapper.xsa
TRACE::2026-09-23.16:29:52::SCWPlatform::DSA absoulate path /users/students/r0933784/DDP/sw_package_2026/sw_project/project_sw/ecc_project_wrapper/hw/ecc_project_wrapper.xsa
TRACE::2026-09-23.16:29:52::SCWPlatform::DSA directory /users/students/r0933784/DDP/sw_package_2026/sw_project/project_sw/ecc_project_wrapper/hw
TRACE::2026-09-23.16:29:52::SCWPlatform:: Platform Path /users/students/r0933784/DDP/sw_package_2026/sw_project/project_sw/ecc_project_wrapper/hw/ecc_project_wrapper.xsa
TRACE::2026-09-23.16:29:52::SCWPlatform:: Unique name xilinx:pynq-z2::0.0
TRACE::2026-09-23.16:29:52::SCWPlatform::Trying to set the existing hwdb with name rsa_project_wrapper_0
TRACE::2026-09-23.16:29:52::SCWPlatform::Opened existing hwdb rsa_project_wrapper_0
TRACE::2026-09-23.16:29:52::SCWPlatform::Found the Hw Db part of the input DSA
TRACE::2026-09-23.16:29:52::SCWMssOS::Checking the sw design at  /users/students/r0933784/DDP/sw_package_2026/sw_project/project_sw/ecc_project_wrapper/zynq_fsbl/zynq_fsbl_bsp/system.mss
TRACE::2026-09-23.16:29:52::SCWMssOS::DEBUG:  swdes dump  /users/students/r0933784/DDP/sw_package_2026/sw_project/project_sw/ecc_project_wrapper/ps7_cortexa9_0/standalone_domain/bsp/system.mss|system_0||
/users/students/r0933784/DDP/sw_package_2026/sw_project/project_sw/ecc_project_wrapper/zynq_fsbl/zynq_fsbl_bsp/system.mss|system||

TRACE::2026-09-23.16:29:52::SCWMssOS::Sw design exists and opened at  /users/students/r0933784/DDP/sw_package_2026/sw_project/project_sw/ecc_project_wrapper/zynq_fsbl/zynq_fsbl_bsp/system.mss
TRACE::2026-09-23.16:29:52::SCWPlatform::Trying to open the hw design at /users/students/r0933784/DDP/sw_package_2026/sw_project/project_sw/ecc_project_wrapper/hw/ecc_project_wrapper.xsa
TRACE::2026-09-23.16:29:52::SCWPlatform::DSA given /users/students/r0933784/DDP/sw_package_2026/sw_project/project_sw/ecc_project_wrapper/hw/ecc_project_wrapper.xsa
TRACE::2026-09-23.16:29:52::SCWPlatform::DSA absoulate path /users/students/r0933784/DDP/sw_package_2026/sw_project/project_sw/ecc_project_wrapper/hw/ecc_project_wrapper.xsa
TRACE::2026-09-23.16:29:52::SCWPlatform::DSA directory /users/students/r0933784/DDP/sw_package_2026/sw_project/project_sw/ecc_project_wrapper/hw
TRACE::2026-09-23.16:29:52::SCWPlatform:: Platform Path /users/students/r0933784/DDP/sw_package_2026/sw_project/project_sw/ecc_project_wrapper/hw/ecc_project_wrapper.xsa
TRACE::2026-09-23.16:29:52::SCWPlatform:: Unique name xilinx:pynq-z2::0.0
TRACE::2026-09-23.16:29:52::SCWPlatform::Trying to set the existing hwdb with name rsa_project_wrapper_0
TRACE::2026-09-23.16:29:52::SCWPlatform::Opened existing hwdb rsa_project_wrapper_0
TRACE::2026-09-23.16:29:52::SCWPlatform::Found the Hw Db part of the input DSA
TRACE::2026-09-23.16:29:52::SCWMssOS::Checking the sw design at  /users/students/r0933784/DDP/sw_package_2026/sw_project/project_sw/ecc_project_wrapper/ps7_cortexa9_0/standalone_domain/bsp/system.mss
TRACE::2026-09-23.16:29:52::SCWMssOS::DEBUG:  swdes dump  /users/students/r0933784/DDP/sw_package_2026/sw_project/project_sw/ecc_project_wrapper/ps7_cortexa9_0/standalone_domain/bsp/system.mss|system_0||
/users/students/r0933784/DDP/sw_package_2026/sw_project/project_sw/ecc_project_wrapper/zynq_fsbl/zynq_fsbl_bsp/system.mss|system||

TRACE::2026-09-23.16:29:52::SCWMssOS::Sw design exists and opened at  /users/students/r0933784/DDP/sw_package_2026/sw_project/project_sw/ecc_project_wrapper/ps7_cortexa9_0/standalone_domain/bsp/system.mss
TRACE::2026-09-23.16:29:52::SCWPlatform::Trying to open the hw design at /users/students/r0933784/DDP/sw_package_2026/sw_project/project_sw/ecc_project_wrapper/hw/ecc_project_wrapper.xsa
TRACE::2026-09-23.16:29:52::SCWPlatform::DSA given /users/students/r0933784/DDP/sw_package_2026/sw_project/project_sw/ecc_project_wrapper/hw/ecc_project_wrapper.xsa
TRACE::2026-09-23.16:29:52::SCWPlatform::DSA absoulate path /users/students/r0933784/DDP/sw_package_2026/sw_project/project_sw/ecc_project_wrapper/hw/ecc_project_wrapper.xsa
TRACE::2026-09-23.16:29:52::SCWPlatform::DSA directory /users/students/r0933784/DDP/sw_package_2026/sw_project/project_sw/ecc_project_wrapper/hw
TRACE::2026-09-23.16:29:52::SCWPlatform:: Platform Path /users/students/r0933784/DDP/sw_package_2026/sw_project/project_sw/ecc_project_wrapper/hw/ecc_project_wrapper.xsa
TRACE::2026-09-23.16:29:52::SCWPlatform:: Unique name xilinx:pynq-z2::0.0
TRACE::2026-09-23.16:29:52::SCWPlatform::Trying to set the existing hwdb with name rsa_project_wrapper_0
TRACE::2026-09-23.16:29:52::SCWPlatform::Opened existing hwdb rsa_project_wrapper_0
TRACE::2026-09-23.16:29:52::SCWPlatform::Found the Hw Db part of the input DSA
TRACE::2026-09-23.16:29:52::SCWMssOS::Checking the sw design at  /users/students/r0933784/DDP/sw_package_2026/sw_project/project_sw/ecc_project_wrapper/ps7_cortexa9_0/standalone_domain/bsp/system.mss
TRACE::2026-09-23.16:29:52::SCWMssOS::DEBUG:  swdes dump  /users/students/r0933784/DDP/sw_package_2026/sw_project/project_sw/ecc_project_wrapper/ps7_cortexa9_0/standalone_domain/bsp/system.mss|system_0||
/users/students/r0933784/DDP/sw_package_2026/sw_project/project_sw/ecc_project_wrapper/zynq_fsbl/zynq_fsbl_bsp/system.mss|system||

TRACE::2026-09-23.16:29:52::SCWMssOS::Sw design exists and opened at  /users/students/r0933784/DDP/sw_package_2026/sw_project/project_sw/ecc_project_wrapper/ps7_cortexa9_0/standalone_domain/bsp/system.mss
TRACE::2026-09-23.16:29:52::SCWPlatform::Trying to open the hw design at /users/students/r0933784/DDP/sw_package_2026/sw_project/project_sw/ecc_project_wrapper/hw/ecc_project_wrapper.xsa
TRACE::2026-09-23.16:29:52::SCWPlatform::DSA given /users/students/r0933784/DDP/sw_package_2026/sw_project/project_sw/ecc_project_wrapper/hw/ecc_project_wrapper.xsa
TRACE::2026-09-23.16:29:52::SCWPlatform::DSA absoulate path /users/students/r0933784/DDP/sw_package_2026/sw_project/project_sw/ecc_project_wrapper/hw/ecc_project_wrapper.xsa
TRACE::2026-09-23.16:29:52::SCWPlatform::DSA directory /users/students/r0933784/DDP/sw_package_2026/sw_project/project_sw/ecc_project_wrapper/hw
TRACE::2026-09-23.16:29:52::SCWPlatform:: Platform Path /users/students/r0933784/DDP/sw_package_2026/sw_project/project_sw/ecc_project_wrapper/hw/ecc_project_wrapper.xsa
TRACE::2026-09-23.16:29:52::SCWPlatform:: Unique name xilinx:pynq-z2::0.0
TRACE::2026-09-23.16:29:52::SCWPlatform::Trying to set the existing hwdb with name rsa_project_wrapper_0
TRACE::2026-09-23.16:29:52::SCWPlatform::Opened existing hwdb rsa_project_wrapper_0
TRACE::2026-09-23.16:29:52::SCWPlatform::Found the Hw Db part of the input DSA
TRACE::2026-09-23.16:29:52::SCWMssOS::Checking the sw design at  /users/students/r0933784/DDP/sw_package_2026/sw_project/project_sw/ecc_project_wrapper/ps7_cortexa9_0/standalone_domain/bsp/system.mss
TRACE::2026-09-23.16:29:52::SCWMssOS::DEBUG:  swdes dump  /users/students/r0933784/DDP/sw_package_2026/sw_project/project_sw/ecc_project_wrapper/ps7_cortexa9_0/standalone_domain/bsp/system.mss|system_0||
/users/students/r0933784/DDP/sw_package_2026/sw_project/project_sw/ecc_project_wrapper/zynq_fsbl/zynq_fsbl_bsp/system.mss|system||

TRACE::2026-09-23.16:29:52::SCWMssOS::Sw design exists and opened at  /users/students/r0933784/DDP/sw_package_2026/sw_project/project_sw/ecc_project_wrapper/ps7_cortexa9_0/standalone_domain/bsp/system.mss
TRACE::2026-09-23.16:29:52::SCWWriter::formatted JSON is {
	"platformName":	"ecc_project_wrapper",
	"sprVersion":	"2.0",
	"mode":	"cmd",
	"dsaType":	"Fixed",
	"platformDesc":	"ecc_project_wrapper",
	"platHandOff":	"src/tcl/ecc_project_wrapper.xsa",
	"platIntHandOff":	"<platformDir>/hw/ecc_project_wrapper.xsa",
	"deviceType":	"zynq",
	"platIsPrebuiltAutogen":	"false",
	"platIsNoBootBsp":	"false",
	"platFsblTarget":	"ps7_cortexa9_0",
	"hasFsblMakeHasChanges":	"false",
	"hasPmufwMakeHasChanges":	"false",
	"fsblExtraCompilerFlags":	"-MMD -MP       -mcpu=cortex-a9 -mfpu=vfpv3 -mfloat-abi=hard ",
	"platPreBuiltFlag":	false,
	"platformSamplesDir":	"",
	"platActiveSys":	"ecc_project_wrapper",
	"systems":	[{
			"systemName":	"ecc_project_wrapper",
			"systemDesc":	"ecc_project_wrapper",
			"sysIsBootAutoGen":	"true",
			"systemDispName":	"ecc_project_wrapper",
			"sysActiveDom":	"standalone_domain",
			"sysDefaultDom":	"standalone_domain",
			"domains":	[{
					"domainName":	"zynq_fsbl",
					"domainDispName":	"zynq_fsbl",
					"domainDesc":	"FSBL Application BSP - Auto Generated.",
					"processors":	"ps7_cortexa9_0",
					"os":	"standalone",
					"sdxOs":	"standalone",
					"debugEnable":	"",
					"domRuntimes":	["cpp"],
					"swRepo":	"",
					"mssOsVer":	"8.1",
					"mssFile":	"",
					"md5Digest":	"2c92122f18c5fd40d52fe668ff4c852c",
					"compatibleApp":	"zynq_fsbl",
					"domType":	"bootDomain",
					"arch":	"32-bit",
					"appSettings":	{
						"appCompilerFlags":	"",
						"appLinkerFlags":	""
					},
					"addedLibs":	["xilffs:5.0", "xilrsa:1.6"],
					"libOptions":	{
						"libsContainingOptions":	[]
					},
					"prebuiltLibs":	{
						"prebuiltIncPath":	[],
						"prebuiltLibPath":	[]
					},
					"isolation":	{
					}
				}, {
					"domainName":	"standalone_domain",
					"domainDispName":	"standalone on ps7_cortexa9_0",
					"domainDesc":	"standalone_domain",
					"processors":	"ps7_cortexa9_0",
					"os":	"standalone",
					"sdxOs":	"standalone",
					"qemuArgs":	"<platformDir>/resources/ecc_project_wrapper/standalone_domain/qemu_args.txt",
					"qemuData":	"<platformDir>/resources/ecc_project_wrapper/standalone_domain/qemu",
					"debugEnable":	"False",
					"domRuntimes":	["cpp"],
					"swRepo":	"",
					"mssOsVer":	"8.1",
					"mssFile":	"",
					"md5Digest":	"5458ab32d357d609abddc6af46557d25",
					"compatibleApp":	"hello_world",
					"domType":	"mssDomain",
					"arch":	"32-bit",
					"appSettings":	{
						"appCompilerFlags":	"",
						"appLinkerFlags":	""
					},
					"addedLibs":	[],
					"libOptions":	{
						"libsContainingOptions":	[]
					},
					"prebuiltLibs":	{
						"prebuiltIncPath":	[],
						"prebuiltLibPath":	[]
					},
					"isolation":	{
					}
				}]
		}]
}
TRACE::2026-09-23.16:29:52::SCWPlatform::Trying to open the hw design at /users/students/r0933784/DDP/sw_package_2026/sw_project/project_sw/ecc_project_wrapper/hw/ecc_project_wrapper.xsa
TRACE::2026-09-23.16:29:52::SCWPlatform::DSA given /users/students/r0933784/DDP/sw_package_2026/sw_project/project_sw/ecc_project_wrapper/hw/ecc_project_wrapper.xsa
TRACE::2026-09-23.16:29:52::SCWPlatform::DSA absoulate path /users/students/r0933784/DDP/sw_package_2026/sw_project/project_sw/ecc_project_wrapper/hw/ecc_project_wrapper.xsa
TRACE::2026-09-23.16:29:52::SCWPlatform::DSA directory /users/students/r0933784/DDP/sw_package_2026/sw_project/project_sw/ecc_project_wrapper/hw
TRACE::2026-09-23.16:29:52::SCWPlatform:: Platform Path /users/students/r0933784/DDP/sw_package_2026/sw_project/project_sw/ecc_project_wrapper/hw/ecc_project_wrapper.xsa
TRACE::2026-09-23.16:29:52::SCWPlatform:: Unique name xilinx:pynq-z2::0.0
TRACE::2026-09-23.16:29:52::SCWPlatform::Trying to set the existing hwdb with name rsa_project_wrapper_0
TRACE::2026-09-23.16:29:52::SCWPlatform::Opened existing hwdb rsa_project_wrapper_0
TRACE::2026-09-23.16:29:52::SCWPlatform::Found the Hw Db part of the input DSA
TRACE::2026-09-23.16:29:52::SCWMssOS::Checking the sw design at  /users/students/r0933784/DDP/sw_package_2026/sw_project/project_sw/ecc_project_wrapper/ps7_cortexa9_0/standalone_domain/bsp/system.mss
TRACE::2026-09-23.16:29:52::SCWMssOS::DEBUG:  swdes dump  /users/students/r0933784/DDP/sw_package_2026/sw_project/project_sw/ecc_project_wrapper/ps7_cortexa9_0/standalone_domain/bsp/system.mss|system_0||
/users/students/r0933784/DDP/sw_package_2026/sw_project/project_sw/ecc_project_wrapper/zynq_fsbl/zynq_fsbl_bsp/system.mss|system||

TRACE::2026-09-23.16:29:52::SCWMssOS::Sw design exists and opened at  /users/students/r0933784/DDP/sw_package_2026/sw_project/project_sw/ecc_project_wrapper/ps7_cortexa9_0/standalone_domain/bsp/system.mss
TRACE::2026-09-23.16:29:52::SCWPlatform::Trying to open the hw design at /users/students/r0933784/DDP/sw_package_2026/sw_project/project_sw/ecc_project_wrapper/hw/ecc_project_wrapper.xsa
TRACE::2026-09-23.16:29:52::SCWPlatform::DSA given /users/students/r0933784/DDP/sw_package_2026/sw_project/project_sw/ecc_project_wrapper/hw/ecc_project_wrapper.xsa
TRACE::2026-09-23.16:29:52::SCWPlatform::DSA absoulate path /users/students/r0933784/DDP/sw_package_2026/sw_project/project_sw/ecc_project_wrapper/hw/ecc_project_wrapper.xsa
TRACE::2026-09-23.16:29:52::SCWPlatform::DSA directory /users/students/r0933784/DDP/sw_package_2026/sw_project/project_sw/ecc_project_wrapper/hw
TRACE::2026-09-23.16:29:52::SCWPlatform:: Platform Path /users/students/r0933784/DDP/sw_package_2026/sw_project/project_sw/ecc_project_wrapper/hw/ecc_project_wrapper.xsa
TRACE::2026-09-23.16:29:52::SCWPlatform:: Unique name xilinx:pynq-z2::0.0
TRACE::2026-09-23.16:29:52::SCWPlatform::Trying to set the existing hwdb with name rsa_project_wrapper_0
TRACE::2026-09-23.16:29:52::SCWPlatform::Opened existing hwdb rsa_project_wrapper_0
TRACE::2026-09-23.16:29:52::SCWPlatform::Found the Hw Db part of the input DSA
TRACE::2026-09-23.16:29:52::SCWMssOS::Checking the sw design at  /users/students/r0933784/DDP/sw_package_2026/sw_project/project_sw/ecc_project_wrapper/ps7_cortexa9_0/standalone_domain/bsp/system.mss
TRACE::2026-09-23.16:29:52::SCWMssOS::DEBUG:  swdes dump  /users/students/r0933784/DDP/sw_package_2026/sw_project/project_sw/ecc_project_wrapper/ps7_cortexa9_0/standalone_domain/bsp/system.mss|system_0||
/users/students/r0933784/DDP/sw_package_2026/sw_project/project_sw/ecc_project_wrapper/zynq_fsbl/zynq_fsbl_bsp/system.mss|system||

TRACE::2026-09-23.16:29:52::SCWMssOS::Sw design exists and opened at  /users/students/r0933784/DDP/sw_package_2026/sw_project/project_sw/ecc_project_wrapper/ps7_cortexa9_0/standalone_domain/bsp/system.mss
TRACE::2026-09-23.16:29:52::SCWMssOS::Saving the mss changes /users/students/r0933784/DDP/sw_package_2026/sw_project/project_sw/ecc_project_wrapper/zynq_fsbl/zynq_fsbl_bsp/system.mss
TRACE::2026-09-23.16:29:52::SCWMssOS::Found a swdesign opened with the mssfile.
TRACE::2026-09-23.16:29:52::SCWMssOS::Completed writemss as part of save.
TRACE::2026-09-23.16:29:52::SCWMssOS::Commit changes completed.
TRACE::2026-09-23.16:29:52::SCWMssOS::Saving the mss changes /users/students/r0933784/DDP/sw_package_2026/sw_project/project_sw/ecc_project_wrapper/ps7_cortexa9_0/standalone_domain/bsp/system.mss
TRACE::2026-09-23.16:29:52::SCWMssOS::Found a swdesign opened with the mssfile.
TRACE::2026-09-23.16:29:52::SCWMssOS::Completed writemss as part of save.
TRACE::2026-09-23.16:29:52::SCWMssOS::Commit changes completed.
TRACE::2026-09-23.16:29:52::SCWPlatform::Trying to open the hw design at /users/students/r0933784/DDP/sw_package_2026/sw_project/project_sw/ecc_project_wrapper/hw/ecc_project_wrapper.xsa
TRACE::2026-09-23.16:29:52::SCWPlatform::DSA given /users/students/r0933784/DDP/sw_package_2026/sw_project/project_sw/ecc_project_wrapper/hw/ecc_project_wrapper.xsa
TRACE::2026-09-23.16:29:52::SCWPlatform::DSA absoulate path /users/students/r0933784/DDP/sw_package_2026/sw_project/project_sw/ecc_project_wrapper/hw/ecc_project_wrapper.xsa
TRACE::2026-09-23.16:29:52::SCWPlatform::DSA directory /users/students/r0933784/DDP/sw_package_2026/sw_project/project_sw/ecc_project_wrapper/hw
TRACE::2026-09-23.16:29:52::SCWPlatform:: Platform Path /users/students/r0933784/DDP/sw_package_2026/sw_project/project_sw/ecc_project_wrapper/hw/ecc_project_wrapper.xsa
TRACE::2026-09-23.16:29:52::SCWPlatform:: Unique name xilinx:pynq-z2::0.0
TRACE::2026-09-23.16:29:52::SCWPlatform::Trying to set the existing hwdb with name rsa_project_wrapper_0
TRACE::2026-09-23.16:29:52::SCWPlatform::Opened existing hwdb rsa_project_wrapper_0
TRACE::2026-09-23.16:29:52::SCWPlatform::Found the Hw Db part of the input DSA
TRACE::2026-09-23.16:29:52::SCWMssOS::Checking the sw design at  /users/students/r0933784/DDP/sw_package_2026/sw_project/project_sw/ecc_project_wrapper/zynq_fsbl/zynq_fsbl_bsp/system.mss
TRACE::2026-09-23.16:29:52::SCWMssOS::DEBUG:  swdes dump  /users/students/r0933784/DDP/sw_package_2026/sw_project/project_sw/ecc_project_wrapper/ps7_cortexa9_0/standalone_domain/bsp/system.mss|system_0||
/users/students/r0933784/DDP/sw_package_2026/sw_project/project_sw/ecc_project_wrapper/zynq_fsbl/zynq_fsbl_bsp/system.mss|system||

TRACE::2026-09-23.16:29:52::SCWMssOS::Sw design exists and opened at  /users/students/r0933784/DDP/sw_package_2026/sw_project/project_sw/ecc_project_wrapper/zynq_fsbl/zynq_fsbl_bsp/system.mss
TRACE::2026-09-23.16:29:52::SCWPlatform::Trying to open the hw design at /users/students/r0933784/DDP/sw_package_2026/sw_project/project_sw/ecc_project_wrapper/hw/ecc_project_wrapper.xsa
TRACE::2026-09-23.16:29:52::SCWPlatform::DSA given /users/students/r0933784/DDP/sw_package_2026/sw_project/project_sw/ecc_project_wrapper/hw/ecc_project_wrapper.xsa
TRACE::2026-09-23.16:29:52::SCWPlatform::DSA absoulate path /users/students/r0933784/DDP/sw_package_2026/sw_project/project_sw/ecc_project_wrapper/hw/ecc_project_wrapper.xsa
TRACE::2026-09-23.16:29:52::SCWPlatform::DSA directory /users/students/r0933784/DDP/sw_package_2026/sw_project/project_sw/ecc_project_wrapper/hw
TRACE::2026-09-23.16:29:52::SCWPlatform:: Platform Path /users/students/r0933784/DDP/sw_package_2026/sw_project/project_sw/ecc_project_wrapper/hw/ecc_project_wrapper.xsa
TRACE::2026-09-23.16:29:52::SCWPlatform:: Unique name xilinx:pynq-z2::0.0
TRACE::2026-09-23.16:29:52::SCWPlatform::Trying to set the existing hwdb with name rsa_project_wrapper_0
TRACE::2026-09-23.16:29:52::SCWPlatform::Opened existing hwdb rsa_project_wrapper_0
TRACE::2026-09-23.16:29:52::SCWPlatform::Found the Hw Db part of the input DSA
TRACE::2026-09-23.16:29:52::SCWMssOS::Checking the sw design at  /users/students/r0933784/DDP/sw_package_2026/sw_project/project_sw/ecc_project_wrapper/zynq_fsbl/zynq_fsbl_bsp/system.mss
TRACE::2026-09-23.16:29:52::SCWMssOS::DEBUG:  swdes dump  /users/students/r0933784/DDP/sw_package_2026/sw_project/project_sw/ecc_project_wrapper/ps7_cortexa9_0/standalone_domain/bsp/system.mss|system_0||
/users/students/r0933784/DDP/sw_package_2026/sw_project/project_sw/ecc_project_wrapper/zynq_fsbl/zynq_fsbl_bsp/system.mss|system||

TRACE::2026-09-23.16:29:52::SCWMssOS::Sw design exists and opened at  /users/students/r0933784/DDP/sw_package_2026/sw_project/project_sw/ecc_project_wrapper/zynq_fsbl/zynq_fsbl_bsp/system.mss
TRACE::2026-09-23.16:29:52::SCWPlatform::Trying to open the hw design at /users/students/r0933784/DDP/sw_package_2026/sw_project/project_sw/ecc_project_wrapper/hw/ecc_project_wrapper.xsa
TRACE::2026-09-23.16:29:52::SCWPlatform::DSA given /users/students/r0933784/DDP/sw_package_2026/sw_project/project_sw/ecc_project_wrapper/hw/ecc_project_wrapper.xsa
TRACE::2026-09-23.16:29:52::SCWPlatform::DSA absoulate path /users/students/r0933784/DDP/sw_package_2026/sw_project/project_sw/ecc_project_wrapper/hw/ecc_project_wrapper.xsa
TRACE::2026-09-23.16:29:52::SCWPlatform::DSA directory /users/students/r0933784/DDP/sw_package_2026/sw_project/project_sw/ecc_project_wrapper/hw
TRACE::2026-09-23.16:29:52::SCWPlatform:: Platform Path /users/students/r0933784/DDP/sw_package_2026/sw_project/project_sw/ecc_project_wrapper/hw/ecc_project_wrapper.xsa
TRACE::2026-09-23.16:29:52::SCWPlatform:: Unique name xilinx:pynq-z2::0.0
TRACE::2026-09-23.16:29:52::SCWPlatform::Trying to set the existing hwdb with name rsa_project_wrapper_0
TRACE::2026-09-23.16:29:52::SCWPlatform::Opened existing hwdb rsa_project_wrapper_0
TRACE::2026-09-23.16:29:52::SCWPlatform::Found the Hw Db part of the input DSA
TRACE::2026-09-23.16:29:52::SCWMssOS::Checking the sw design at  /users/students/r0933784/DDP/sw_package_2026/sw_project/project_sw/ecc_project_wrapper/zynq_fsbl/zynq_fsbl_bsp/system.mss
TRACE::2026-09-23.16:29:52::SCWMssOS::DEBUG:  swdes dump  /users/students/r0933784/DDP/sw_package_2026/sw_project/project_sw/ecc_project_wrapper/ps7_cortexa9_0/standalone_domain/bsp/system.mss|system_0||
/users/students/r0933784/DDP/sw_package_2026/sw_project/project_sw/ecc_project_wrapper/zynq_fsbl/zynq_fsbl_bsp/system.mss|system||

TRACE::2026-09-23.16:29:52::SCWMssOS::Sw design exists and opened at  /users/students/r0933784/DDP/sw_package_2026/sw_project/project_sw/ecc_project_wrapper/zynq_fsbl/zynq_fsbl_bsp/system.mss
TRACE::2026-09-23.16:29:52::SCWPlatform::Trying to open the hw design at /users/students/r0933784/DDP/sw_package_2026/sw_project/project_sw/ecc_project_wrapper/hw/ecc_project_wrapper.xsa
TRACE::2026-09-23.16:29:52::SCWPlatform::DSA given /users/students/r0933784/DDP/sw_package_2026/sw_project/project_sw/ecc_project_wrapper/hw/ecc_project_wrapper.xsa
TRACE::2026-09-23.16:29:52::SCWPlatform::DSA absoulate path /users/students/r0933784/DDP/sw_package_2026/sw_project/project_sw/ecc_project_wrapper/hw/ecc_project_wrapper.xsa
TRACE::2026-09-23.16:29:52::SCWPlatform::DSA directory /users/students/r0933784/DDP/sw_package_2026/sw_project/project_sw/ecc_project_wrapper/hw
TRACE::2026-09-23.16:29:52::SCWPlatform:: Platform Path /users/students/r0933784/DDP/sw_package_2026/sw_project/project_sw/ecc_project_wrapper/hw/ecc_project_wrapper.xsa
TRACE::2026-09-23.16:29:52::SCWPlatform:: Unique name xilinx:pynq-z2::0.0
TRACE::2026-09-23.16:29:52::SCWPlatform::Trying to set the existing hwdb with name rsa_project_wrapper_0
TRACE::2026-09-23.16:29:52::SCWPlatform::Opened existing hwdb rsa_project_wrapper_0
TRACE::2026-09-23.16:29:52::SCWPlatform::Found the Hw Db part of the input DSA
TRACE::2026-09-23.16:29:52::SCWMssOS::Checking the sw design at  /users/students/r0933784/DDP/sw_package_2026/sw_project/project_sw/ecc_project_wrapper/ps7_cortexa9_0/standalone_domain/bsp/system.mss
TRACE::2026-09-23.16:29:52::SCWMssOS::DEBUG:  swdes dump  /users/students/r0933784/DDP/sw_package_2026/sw_project/project_sw/ecc_project_wrapper/ps7_cortexa9_0/standalone_domain/bsp/system.mss|system_0||
/users/students/r0933784/DDP/sw_package_2026/sw_project/project_sw/ecc_project_wrapper/zynq_fsbl/zynq_fsbl_bsp/system.mss|system||

TRACE::2026-09-23.16:29:52::SCWMssOS::Sw design exists and opened at  /users/students/r0933784/DDP/sw_package_2026/sw_project/project_sw/ecc_project_wrapper/ps7_cortexa9_0/standalone_domain/bsp/system.mss
TRACE::2026-09-23.16:29:52::SCWPlatform::Trying to open the hw design at /users/students/r0933784/DDP/sw_package_2026/sw_project/project_sw/ecc_project_wrapper/hw/ecc_project_wrapper.xsa
TRACE::2026-09-23.16:29:52::SCWPlatform::DSA given /users/students/r0933784/DDP/sw_package_2026/sw_project/project_sw/ecc_project_wrapper/hw/ecc_project_wrapper.xsa
TRACE::2026-09-23.16:29:52::SCWPlatform::DSA absoulate path /users/students/r0933784/DDP/sw_package_2026/sw_project/project_sw/ecc_project_wrapper/hw/ecc_project_wrapper.xsa
TRACE::2026-09-23.16:29:52::SCWPlatform::DSA directory /users/students/r0933784/DDP/sw_package_2026/sw_project/project_sw/ecc_project_wrapper/hw
TRACE::2026-09-23.16:29:52::SCWPlatform:: Platform Path /users/students/r0933784/DDP/sw_package_2026/sw_project/project_sw/ecc_project_wrapper/hw/ecc_project_wrapper.xsa
TRACE::2026-09-23.16:29:52::SCWPlatform:: Unique name xilinx:pynq-z2::0.0
TRACE::2026-09-23.16:29:52::SCWPlatform::Trying to set the existing hwdb with name rsa_project_wrapper_0
TRACE::2026-09-23.16:29:52::SCWPlatform::Opened existing hwdb rsa_project_wrapper_0
TRACE::2026-09-23.16:29:52::SCWPlatform::Found the Hw Db part of the input DSA
TRACE::2026-09-23.16:29:52::SCWMssOS::Checking the sw design at  /users/students/r0933784/DDP/sw_package_2026/sw_project/project_sw/ecc_project_wrapper/ps7_cortexa9_0/standalone_domain/bsp/system.mss
TRACE::2026-09-23.16:29:52::SCWMssOS::DEBUG:  swdes dump  /users/students/r0933784/DDP/sw_package_2026/sw_project/project_sw/ecc_project_wrapper/ps7_cortexa9_0/standalone_domain/bsp/system.mss|system_0||
/users/students/r0933784/DDP/sw_package_2026/sw_project/project_sw/ecc_project_wrapper/zynq_fsbl/zynq_fsbl_bsp/system.mss|system||

TRACE::2026-09-23.16:29:52::SCWMssOS::Sw design exists and opened at  /users/students/r0933784/DDP/sw_package_2026/sw_project/project_sw/ecc_project_wrapper/ps7_cortexa9_0/standalone_domain/bsp/system.mss
TRACE::2026-09-23.16:29:52::SCWPlatform::Trying to open the hw design at /users/students/r0933784/DDP/sw_package_2026/sw_project/project_sw/ecc_project_wrapper/hw/ecc_project_wrapper.xsa
TRACE::2026-09-23.16:29:52::SCWPlatform::DSA given /users/students/r0933784/DDP/sw_package_2026/sw_project/project_sw/ecc_project_wrapper/hw/ecc_project_wrapper.xsa
TRACE::2026-09-23.16:29:52::SCWPlatform::DSA absoulate path /users/students/r0933784/DDP/sw_package_2026/sw_project/project_sw/ecc_project_wrapper/hw/ecc_project_wrapper.xsa
TRACE::2026-09-23.16:29:52::SCWPlatform::DSA directory /users/students/r0933784/DDP/sw_package_2026/sw_project/project_sw/ecc_project_wrapper/hw
TRACE::2026-09-23.16:29:52::SCWPlatform:: Platform Path /users/students/r0933784/DDP/sw_package_2026/sw_project/project_sw/ecc_project_wrapper/hw/ecc_project_wrapper.xsa
TRACE::2026-09-23.16:29:52::SCWPlatform:: Unique name xilinx:pynq-z2::0.0
TRACE::2026-09-23.16:29:52::SCWPlatform::Trying to set the existing hwdb with name rsa_project_wrapper_0
TRACE::2026-09-23.16:29:52::SCWPlatform::Opened existing hwdb rsa_project_wrapper_0
TRACE::2026-09-23.16:29:52::SCWPlatform::Found the Hw Db part of the input DSA
TRACE::2026-09-23.16:29:52::SCWMssOS::Checking the sw design at  /users/students/r0933784/DDP/sw_package_2026/sw_project/project_sw/ecc_project_wrapper/ps7_cortexa9_0/standalone_domain/bsp/system.mss
TRACE::2026-09-23.16:29:52::SCWMssOS::DEBUG:  swdes dump  /users/students/r0933784/DDP/sw_package_2026/sw_project/project_sw/ecc_project_wrapper/ps7_cortexa9_0/standalone_domain/bsp/system.mss|system_0||
/users/students/r0933784/DDP/sw_package_2026/sw_project/project_sw/ecc_project_wrapper/zynq_fsbl/zynq_fsbl_bsp/system.mss|system||

TRACE::2026-09-23.16:29:52::SCWMssOS::Sw design exists and opened at  /users/students/r0933784/DDP/sw_package_2026/sw_project/project_sw/ecc_project_wrapper/ps7_cortexa9_0/standalone_domain/bsp/system.mss
TRACE::2026-09-23.16:29:52::SCWWriter::formatted JSON is {
	"platformName":	"ecc_project_wrapper",
	"sprVersion":	"2.0",
	"mode":	"cmd",
	"dsaType":	"Fixed",
	"platformDesc":	"ecc_project_wrapper",
	"platHandOff":	"src/tcl/ecc_project_wrapper.xsa",
	"platIntHandOff":	"<platformDir>/hw/ecc_project_wrapper.xsa",
	"deviceType":	"zynq",
	"platIsPrebuiltAutogen":	"false",
	"platIsNoBootBsp":	"false",
	"platFsblTarget":	"ps7_cortexa9_0",
	"hasFsblMakeHasChanges":	"false",
	"hasPmufwMakeHasChanges":	"false",
	"fsblExtraCompilerFlags":	"-MMD -MP       -mcpu=cortex-a9 -mfpu=vfpv3 -mfloat-abi=hard ",
	"platPreBuiltFlag":	false,
	"platformSamplesDir":	"",
	"platActiveSys":	"ecc_project_wrapper",
	"systems":	[{
			"systemName":	"ecc_project_wrapper",
			"systemDesc":	"ecc_project_wrapper",
			"sysIsBootAutoGen":	"true",
			"systemDispName":	"ecc_project_wrapper",
			"sysActiveDom":	"standalone_domain",
			"sysDefaultDom":	"standalone_domain",
			"domains":	[{
					"domainName":	"zynq_fsbl",
					"domainDispName":	"zynq_fsbl",
					"domainDesc":	"FSBL Application BSP - Auto Generated.",
					"processors":	"ps7_cortexa9_0",
					"os":	"standalone",
					"sdxOs":	"standalone",
					"debugEnable":	"",
					"domRuntimes":	["cpp"],
					"swRepo":	"",
					"mssOsVer":	"8.1",
					"mssFile":	"",
					"md5Digest":	"2c92122f18c5fd40d52fe668ff4c852c",
					"compatibleApp":	"zynq_fsbl",
					"domType":	"bootDomain",
					"arch":	"32-bit",
					"appSettings":	{
						"appCompilerFlags":	"",
						"appLinkerFlags":	""
					},
					"addedLibs":	["xilffs:5.0", "xilrsa:1.6"],
					"libOptions":	{
						"libsContainingOptions":	[]
					},
					"prebuiltLibs":	{
						"prebuiltIncPath":	[],
						"prebuiltLibPath":	[]
					},
					"isolation":	{
					}
				}, {
					"domainName":	"standalone_domain",
					"domainDispName":	"standalone on ps7_cortexa9_0",
					"domainDesc":	"standalone_domain",
					"processors":	"ps7_cortexa9_0",
					"os":	"standalone",
					"sdxOs":	"standalone",
					"qemuArgs":	"<platformDir>/resources/ecc_project_wrapper/standalone_domain/qemu_args.txt",
					"qemuData":	"<platformDir>/resources/ecc_project_wrapper/standalone_domain/qemu",
					"debugEnable":	"False",
					"domRuntimes":	["cpp"],
					"swRepo":	"",
					"mssOsVer":	"8.1",
					"mssFile":	"",
					"md5Digest":	"5458ab32d357d609abddc6af46557d25",
					"compatibleApp":	"hello_world",
					"domType":	"mssDomain",
					"arch":	"32-bit",
					"appSettings":	{
						"appCompilerFlags":	"",
						"appLinkerFlags":	""
					},
					"addedLibs":	[],
					"libOptions":	{
						"libsContainingOptions":	[]
					},
					"prebuiltLibs":	{
						"prebuiltIncPath":	[],
						"prebuiltLibPath":	[]
					},
					"isolation":	{
					}
				}]
		}]
}
LOG::2026-09-23.16:29:52::SCWPlatform::Started generating the artifacts platform ecc_project_wrapper
TRACE::2026-09-23.16:29:52::SCWPlatform::Sanity checking of platform is completed
LOG::2026-09-23.16:29:53::SCWPlatform::Started generating the artifacts for system configuration ecc_project_wrapper
LOG::2026-09-23.16:29:53::SCWSystem::Started Processing the domain standalone_domain
TRACE::2026-09-23.16:29:53::SCWDomain::Generating domain artifcats
TRACE::2026-09-23.16:29:53::SCWMssOS::Generating standalone artifcats
TRACE::2026-09-23.16:29:53::SCWMssOS::Copying the qemu file from  /users/students/r0933784/DDP/sw_package_2026/sw_project/project_sw/ecc_project_wrapper/resources/ecc_project_wrapper/standalone_domain/qemu_args.txt To /users/students/r0933784/DDP/sw_package_2026/sw_project/project_sw/ecc_project_wrapper/export/ecc_project_wrapper/sw/ecc_project_wrapper/qemu/
TRACE::2026-09-23.16:29:53::SCWMssOS::Copying the qemu file from  /users/students/r0933784/DDP/sw_package_2026/sw_project/project_sw/ecc_project_wrapper/resources/ecc_project_wrapper/standalone_domain/qemu_args.txt To /users/students/r0933784/DDP/sw_package_2026/sw_project/project_sw/ecc_project_wrapper/export/ecc_project_wrapper/sw/ecc_project_wrapper/standalone_domain/qemu/
TRACE::2026-09-23.16:29:53::SCWMssOS:: Copying the user libraries. 
TRACE::2026-09-23.16:29:53::SCWPlatform::Trying to open the hw design at /users/students/r0933784/DDP/sw_package_2026/sw_project/project_sw/ecc_project_wrapper/hw/ecc_project_wrapper.xsa
TRACE::2026-09-23.16:29:53::SCWPlatform::DSA given /users/students/r0933784/DDP/sw_package_2026/sw_project/project_sw/ecc_project_wrapper/hw/ecc_project_wrapper.xsa
TRACE::2026-09-23.16:29:53::SCWPlatform::DSA absoulate path /users/students/r0933784/DDP/sw_package_2026/sw_project/project_sw/ecc_project_wrapper/hw/ecc_project_wrapper.xsa
TRACE::2026-09-23.16:29:53::SCWPlatform::DSA directory /users/students/r0933784/DDP/sw_package_2026/sw_project/project_sw/ecc_project_wrapper/hw
TRACE::2026-09-23.16:29:53::SCWPlatform:: Platform Path /users/students/r0933784/DDP/sw_package_2026/sw_project/project_sw/ecc_project_wrapper/hw/ecc_project_wrapper.xsa
TRACE::2026-09-23.16:29:53::SCWPlatform:: Unique name xilinx:pynq-z2::0.0
TRACE::2026-09-23.16:29:53::SCWPlatform::Trying to set the existing hwdb with name rsa_project_wrapper_0
TRACE::2026-09-23.16:29:53::SCWPlatform::Opened existing hwdb rsa_project_wrapper_0
TRACE::2026-09-23.16:29:53::SCWPlatform::Found the Hw Db part of the input DSA
TRACE::2026-09-23.16:29:53::SCWMssOS::Checking the sw design at  /users/students/r0933784/DDP/sw_package_2026/sw_project/project_sw/ecc_project_wrapper/ps7_cortexa9_0/standalone_domain/bsp/system.mss
TRACE::2026-09-23.16:29:53::SCWMssOS::DEBUG:  swdes dump  /users/students/r0933784/DDP/sw_package_2026/sw_project/project_sw/ecc_project_wrapper/ps7_cortexa9_0/standalone_domain/bsp/system.mss|system_0||
/users/students/r0933784/DDP/sw_package_2026/sw_project/project_sw/ecc_project_wrapper/zynq_fsbl/zynq_fsbl_bsp/system.mss|system||

TRACE::2026-09-23.16:29:53::SCWMssOS::Sw design exists and opened at  /users/students/r0933784/DDP/sw_package_2026/sw_project/project_sw/ecc_project_wrapper/ps7_cortexa9_0/standalone_domain/bsp/system.mss
TRACE::2026-09-23.16:29:53::SCWMssOS::Completed writing the mss file at /users/students/r0933784/DDP/sw_package_2026/sw_project/project_sw/ecc_project_wrapper/ps7_cortexa9_0/standalone_domain/bsp
TRACE::2026-09-23.16:29:53::SCWMssOS::Mss edits present, copying mssfile into export location /users/students/r0933784/DDP/sw_package_2026/sw_project/project_sw/ecc_project_wrapper/ps7_cortexa9_0/standalone_domain/bsp/system.mss
TRACE::2026-09-23.16:29:53::SCWMssOS::bsp generated is upto date with the mss file. Skipping bsp generation.
TRACE::2026-09-23.16:29:53::SCWMssOS::BSP is already built. skipping the bsp build ... 
TRACE::2026-09-23.16:29:53::SCWDomain::Building the domain as part of full build :  standalone_domain
TRACE::2026-09-23.16:29:53::SCWMssOS::skipping the bsp build ... 
TRACE::2026-09-23.16:29:53::SCWMssOS::Copying to export directory.
TRACE::2026-09-23.16:29:53::SCWMssOS:: Checking if to create the Supporting Applications
TRACE::2026-09-23.16:29:53::SCWMssOS:: No Linux domain exists, trying to generate FSBL 
TRACE::2026-09-23.16:29:53::SCWMssOS:: Completed Standalone Artifacts creation 
LOG::2026-09-23.16:29:53::SCWSystem::Completed Processing the domain standalone_domain
LOG::2026-09-23.16:29:53::SCWSystem::Completed Processing the sysconfig ecc_project_wrapper
LOG::2026-09-23.16:29:53::SCWPlatform::Completed generating the artifacts for system configuration ecc_project_wrapper
TRACE::2026-09-23.16:29:53::SCWPlatform::Started preparing the platform 
TRACE::2026-09-23.16:29:53::SCWSystem::Writing the bif file for system config ecc_project_wrapper
TRACE::2026-09-23.16:29:53::SCWSystem::dir created 
TRACE::2026-09-23.16:29:53::SCWSystem::Writing the bif 
TRACE::2026-09-23.16:29:53::SCWPlatform::Started writing the spfm file 
TRACE::2026-09-23.16:29:53::SCWPlatform::Started writing the xpfm file 
TRACE::2026-09-23.16:29:53::SCWPlatform::Completed generating the platform
TRACE::2026-09-23.16:29:53::SCWMssOS::Saving the mss changes /users/students/r0933784/DDP/sw_package_2026/sw_project/project_sw/ecc_project_wrapper/zynq_fsbl/zynq_fsbl_bsp/system.mss
TRACE::2026-09-23.16:29:53::SCWMssOS::Found a swdesign opened with the mssfile.
TRACE::2026-09-23.16:29:53::SCWMssOS::Completed writemss as part of save.
TRACE::2026-09-23.16:29:53::SCWMssOS::Commit changes completed.
TRACE::2026-09-23.16:29:53::SCWMssOS::Saving the mss changes /users/students/r0933784/DDP/sw_package_2026/sw_project/project_sw/ecc_project_wrapper/ps7_cortexa9_0/standalone_domain/bsp/system.mss
TRACE::2026-09-23.16:29:53::SCWMssOS::Found a swdesign opened with the mssfile.
TRACE::2026-09-23.16:29:53::SCWMssOS::Completed writemss as part of save.
TRACE::2026-09-23.16:29:53::SCWMssOS::Commit changes completed.
TRACE::2026-09-23.16:29:53::SCWPlatform::Trying to open the hw design at /users/students/r0933784/DDP/sw_package_2026/sw_project/project_sw/ecc_project_wrapper/hw/ecc_project_wrapper.xsa
TRACE::2026-09-23.16:29:53::SCWPlatform::DSA given /users/students/r0933784/DDP/sw_package_2026/sw_project/project_sw/ecc_project_wrapper/hw/ecc_project_wrapper.xsa
TRACE::2026-09-23.16:29:53::SCWPlatform::DSA absoulate path /users/students/r0933784/DDP/sw_package_2026/sw_project/project_sw/ecc_project_wrapper/hw/ecc_project_wrapper.xsa
TRACE::2026-09-23.16:29:53::SCWPlatform::DSA directory /users/students/r0933784/DDP/sw_package_2026/sw_project/project_sw/ecc_project_wrapper/hw
TRACE::2026-09-23.16:29:53::SCWPlatform:: Platform Path /users/students/r0933784/DDP/sw_package_2026/sw_project/project_sw/ecc_project_wrapper/hw/ecc_project_wrapper.xsa
TRACE::2026-09-23.16:29:53::SCWPlatform:: Unique name xilinx:pynq-z2::0.0
TRACE::2026-09-23.16:29:53::SCWPlatform::Trying to set the existing hwdb with name rsa_project_wrapper_0
TRACE::2026-09-23.16:29:53::SCWPlatform::Opened existing hwdb rsa_project_wrapper_0
TRACE::2026-09-23.16:29:53::SCWPlatform::Found the Hw Db part of the input DSA
TRACE::2026-09-23.16:29:53::SCWMssOS::Checking the sw design at  /users/students/r0933784/DDP/sw_package_2026/sw_project/project_sw/ecc_project_wrapper/zynq_fsbl/zynq_fsbl_bsp/system.mss
TRACE::2026-09-23.16:29:53::SCWMssOS::DEBUG:  swdes dump  /users/students/r0933784/DDP/sw_package_2026/sw_project/project_sw/ecc_project_wrapper/ps7_cortexa9_0/standalone_domain/bsp/system.mss|system_0||
/users/students/r0933784/DDP/sw_package_2026/sw_project/project_sw/ecc_project_wrapper/zynq_fsbl/zynq_fsbl_bsp/system.mss|system||

TRACE::2026-09-23.16:29:53::SCWMssOS::Sw design exists and opened at  /users/students/r0933784/DDP/sw_package_2026/sw_project/project_sw/ecc_project_wrapper/zynq_fsbl/zynq_fsbl_bsp/system.mss
TRACE::2026-09-23.16:29:53::SCWPlatform::Trying to open the hw design at /users/students/r0933784/DDP/sw_package_2026/sw_project/project_sw/ecc_project_wrapper/hw/ecc_project_wrapper.xsa
TRACE::2026-09-23.16:29:53::SCWPlatform::DSA given /users/students/r0933784/DDP/sw_package_2026/sw_project/project_sw/ecc_project_wrapper/hw/ecc_project_wrapper.xsa
TRACE::2026-09-23.16:29:53::SCWPlatform::DSA absoulate path /users/students/r0933784/DDP/sw_package_2026/sw_project/project_sw/ecc_project_wrapper/hw/ecc_project_wrapper.xsa
TRACE::2026-09-23.16:29:53::SCWPlatform::DSA directory /users/students/r0933784/DDP/sw_package_2026/sw_project/project_sw/ecc_project_wrapper/hw
TRACE::2026-09-23.16:29:53::SCWPlatform:: Platform Path /users/students/r0933784/DDP/sw_package_2026/sw_project/project_sw/ecc_project_wrapper/hw/ecc_project_wrapper.xsa
TRACE::2026-09-23.16:29:53::SCWPlatform:: Unique name xilinx:pynq-z2::0.0
TRACE::2026-09-23.16:29:53::SCWPlatform::Trying to set the existing hwdb with name rsa_project_wrapper_0
TRACE::2026-09-23.16:29:53::SCWPlatform::Opened existing hwdb rsa_project_wrapper_0
TRACE::2026-09-23.16:29:53::SCWPlatform::Found the Hw Db part of the input DSA
TRACE::2026-09-23.16:29:53::SCWMssOS::Checking the sw design at  /users/students/r0933784/DDP/sw_package_2026/sw_project/project_sw/ecc_project_wrapper/zynq_fsbl/zynq_fsbl_bsp/system.mss
TRACE::2026-09-23.16:29:53::SCWMssOS::DEBUG:  swdes dump  /users/students/r0933784/DDP/sw_package_2026/sw_project/project_sw/ecc_project_wrapper/ps7_cortexa9_0/standalone_domain/bsp/system.mss|system_0||
/users/students/r0933784/DDP/sw_package_2026/sw_project/project_sw/ecc_project_wrapper/zynq_fsbl/zynq_fsbl_bsp/system.mss|system||

TRACE::2026-09-23.16:29:53::SCWMssOS::Sw design exists and opened at  /users/students/r0933784/DDP/sw_package_2026/sw_project/project_sw/ecc_project_wrapper/zynq_fsbl/zynq_fsbl_bsp/system.mss
TRACE::2026-09-23.16:29:53::SCWPlatform::Trying to open the hw design at /users/students/r0933784/DDP/sw_package_2026/sw_project/project_sw/ecc_project_wrapper/hw/ecc_project_wrapper.xsa
TRACE::2026-09-23.16:29:53::SCWPlatform::DSA given /users/students/r0933784/DDP/sw_package_2026/sw_project/project_sw/ecc_project_wrapper/hw/ecc_project_wrapper.xsa
TRACE::2026-09-23.16:29:53::SCWPlatform::DSA absoulate path /users/students/r0933784/DDP/sw_package_2026/sw_project/project_sw/ecc_project_wrapper/hw/ecc_project_wrapper.xsa
TRACE::2026-09-23.16:29:53::SCWPlatform::DSA directory /users/students/r0933784/DDP/sw_package_2026/sw_project/project_sw/ecc_project_wrapper/hw
TRACE::2026-09-23.16:29:53::SCWPlatform:: Platform Path /users/students/r0933784/DDP/sw_package_2026/sw_project/project_sw/ecc_project_wrapper/hw/ecc_project_wrapper.xsa
TRACE::2026-09-23.16:29:53::SCWPlatform:: Unique name xilinx:pynq-z2::0.0
TRACE::2026-09-23.16:29:53::SCWPlatform::Trying to set the existing hwdb with name rsa_project_wrapper_0
TRACE::2026-09-23.16:29:53::SCWPlatform::Opened existing hwdb rsa_project_wrapper_0
TRACE::2026-09-23.16:29:53::SCWPlatform::Found the Hw Db part of the input DSA
TRACE::2026-09-23.16:29:53::SCWMssOS::Checking the sw design at  /users/students/r0933784/DDP/sw_package_2026/sw_project/project_sw/ecc_project_wrapper/zynq_fsbl/zynq_fsbl_bsp/system.mss
TRACE::2026-09-23.16:29:53::SCWMssOS::DEBUG:  swdes dump  /users/students/r0933784/DDP/sw_package_2026/sw_project/project_sw/ecc_project_wrapper/ps7_cortexa9_0/standalone_domain/bsp/system.mss|system_0||
/users/students/r0933784/DDP/sw_package_2026/sw_project/project_sw/ecc_project_wrapper/zynq_fsbl/zynq_fsbl_bsp/system.mss|system||

TRACE::2026-09-23.16:29:53::SCWMssOS::Sw design exists and opened at  /users/students/r0933784/DDP/sw_package_2026/sw_project/project_sw/ecc_project_wrapper/zynq_fsbl/zynq_fsbl_bsp/system.mss
TRACE::2026-09-23.16:29:53::SCWPlatform::Trying to open the hw design at /users/students/r0933784/DDP/sw_package_2026/sw_project/project_sw/ecc_project_wrapper/hw/ecc_project_wrapper.xsa
TRACE::2026-09-23.16:29:53::SCWPlatform::DSA given /users/students/r0933784/DDP/sw_package_2026/sw_project/project_sw/ecc_project_wrapper/hw/ecc_project_wrapper.xsa
TRACE::2026-09-23.16:29:53::SCWPlatform::DSA absoulate path /users/students/r0933784/DDP/sw_package_2026/sw_project/project_sw/ecc_project_wrapper/hw/ecc_project_wrapper.xsa
TRACE::2026-09-23.16:29:53::SCWPlatform::DSA directory /users/students/r0933784/DDP/sw_package_2026/sw_project/project_sw/ecc_project_wrapper/hw
TRACE::2026-09-23.16:29:53::SCWPlatform:: Platform Path /users/students/r0933784/DDP/sw_package_2026/sw_project/project_sw/ecc_project_wrapper/hw/ecc_project_wrapper.xsa
TRACE::2026-09-23.16:29:53::SCWPlatform:: Unique name xilinx:pynq-z2::0.0
TRACE::2026-09-23.16:29:53::SCWPlatform::Trying to set the existing hwdb with name rsa_project_wrapper_0
TRACE::2026-09-23.16:29:53::SCWPlatform::Opened existing hwdb rsa_project_wrapper_0
TRACE::2026-09-23.16:29:53::SCWPlatform::Found the Hw Db part of the input DSA
TRACE::2026-09-23.16:29:53::SCWMssOS::Checking the sw design at  /users/students/r0933784/DDP/sw_package_2026/sw_project/project_sw/ecc_project_wrapper/ps7_cortexa9_0/standalone_domain/bsp/system.mss
TRACE::2026-09-23.16:29:53::SCWMssOS::DEBUG:  swdes dump  /users/students/r0933784/DDP/sw_package_2026/sw_project/project_sw/ecc_project_wrapper/ps7_cortexa9_0/standalone_domain/bsp/system.mss|system_0||
/users/students/r0933784/DDP/sw_package_2026/sw_project/project_sw/ecc_project_wrapper/zynq_fsbl/zynq_fsbl_bsp/system.mss|system||

TRACE::2026-09-23.16:29:53::SCWMssOS::Sw design exists and opened at  /users/students/r0933784/DDP/sw_package_2026/sw_project/project_sw/ecc_project_wrapper/ps7_cortexa9_0/standalone_domain/bsp/system.mss
TRACE::2026-09-23.16:29:53::SCWPlatform::Trying to open the hw design at /users/students/r0933784/DDP/sw_package_2026/sw_project/project_sw/ecc_project_wrapper/hw/ecc_project_wrapper.xsa
TRACE::2026-09-23.16:29:53::SCWPlatform::DSA given /users/students/r0933784/DDP/sw_package_2026/sw_project/project_sw/ecc_project_wrapper/hw/ecc_project_wrapper.xsa
TRACE::2026-09-23.16:29:53::SCWPlatform::DSA absoulate path /users/students/r0933784/DDP/sw_package_2026/sw_project/project_sw/ecc_project_wrapper/hw/ecc_project_wrapper.xsa
TRACE::2026-09-23.16:29:53::SCWPlatform::DSA directory /users/students/r0933784/DDP/sw_package_2026/sw_project/project_sw/ecc_project_wrapper/hw
TRACE::2026-09-23.16:29:53::SCWPlatform:: Platform Path /users/students/r0933784/DDP/sw_package_2026/sw_project/project_sw/ecc_project_wrapper/hw/ecc_project_wrapper.xsa
TRACE::2026-09-23.16:29:53::SCWPlatform:: Unique name xilinx:pynq-z2::0.0
TRACE::2026-09-23.16:29:53::SCWPlatform::Trying to set the existing hwdb with name rsa_project_wrapper_0
TRACE::2026-09-23.16:29:53::SCWPlatform::Opened existing hwdb rsa_project_wrapper_0
TRACE::2026-09-23.16:29:53::SCWPlatform::Found the Hw Db part of the input DSA
TRACE::2026-09-23.16:29:53::SCWMssOS::Checking the sw design at  /users/students/r0933784/DDP/sw_package_2026/sw_project/project_sw/ecc_project_wrapper/ps7_cortexa9_0/standalone_domain/bsp/system.mss
TRACE::2026-09-23.16:29:53::SCWMssOS::DEBUG:  swdes dump  /users/students/r0933784/DDP/sw_package_2026/sw_project/project_sw/ecc_project_wrapper/ps7_cortexa9_0/standalone_domain/bsp/system.mss|system_0||
/users/students/r0933784/DDP/sw_package_2026/sw_project/project_sw/ecc_project_wrapper/zynq_fsbl/zynq_fsbl_bsp/system.mss|system||

TRACE::2026-09-23.16:29:53::SCWMssOS::Sw design exists and opened at  /users/students/r0933784/DDP/sw_package_2026/sw_project/project_sw/ecc_project_wrapper/ps7_cortexa9_0/standalone_domain/bsp/system.mss
TRACE::2026-09-23.16:29:53::SCWPlatform::Trying to open the hw design at /users/students/r0933784/DDP/sw_package_2026/sw_project/project_sw/ecc_project_wrapper/hw/ecc_project_wrapper.xsa
TRACE::2026-09-23.16:29:53::SCWPlatform::DSA given /users/students/r0933784/DDP/sw_package_2026/sw_project/project_sw/ecc_project_wrapper/hw/ecc_project_wrapper.xsa
TRACE::2026-09-23.16:29:53::SCWPlatform::DSA absoulate path /users/students/r0933784/DDP/sw_package_2026/sw_project/project_sw/ecc_project_wrapper/hw/ecc_project_wrapper.xsa
TRACE::2026-09-23.16:29:53::SCWPlatform::DSA directory /users/students/r0933784/DDP/sw_package_2026/sw_project/project_sw/ecc_project_wrapper/hw
TRACE::2026-09-23.16:29:53::SCWPlatform:: Platform Path /users/students/r0933784/DDP/sw_package_2026/sw_project/project_sw/ecc_project_wrapper/hw/ecc_project_wrapper.xsa
TRACE::2026-09-23.16:29:53::SCWPlatform:: Unique name xilinx:pynq-z2::0.0
TRACE::2026-09-23.16:29:53::SCWPlatform::Trying to set the existing hwdb with name rsa_project_wrapper_0
TRACE::2026-09-23.16:29:53::SCWPlatform::Opened existing hwdb rsa_project_wrapper_0
TRACE::2026-09-23.16:29:53::SCWPlatform::Found the Hw Db part of the input DSA
TRACE::2026-09-23.16:29:53::SCWMssOS::Checking the sw design at  /users/students/r0933784/DDP/sw_package_2026/sw_project/project_sw/ecc_project_wrapper/ps7_cortexa9_0/standalone_domain/bsp/system.mss
TRACE::2026-09-23.16:29:53::SCWMssOS::DEBUG:  swdes dump  /users/students/r0933784/DDP/sw_package_2026/sw_project/project_sw/ecc_project_wrapper/ps7_cortexa9_0/standalone_domain/bsp/system.mss|system_0||
/users/students/r0933784/DDP/sw_package_2026/sw_project/project_sw/ecc_project_wrapper/zynq_fsbl/zynq_fsbl_bsp/system.mss|system||

TRACE::2026-09-23.16:29:53::SCWMssOS::Sw design exists and opened at  /users/students/r0933784/DDP/sw_package_2026/sw_project/project_sw/ecc_project_wrapper/ps7_cortexa9_0/standalone_domain/bsp/system.mss
TRACE::2026-09-23.16:29:53::SCWWriter::formatted JSON is {
	"platformName":	"ecc_project_wrapper",
	"sprVersion":	"2.0",
	"mode":	"cmd",
	"dsaType":	"Fixed",
	"platformDesc":	"ecc_project_wrapper",
	"platHandOff":	"src/tcl/ecc_project_wrapper.xsa",
	"platIntHandOff":	"<platformDir>/hw/ecc_project_wrapper.xsa",
	"deviceType":	"zynq",
	"platIsPrebuiltAutogen":	"false",
	"platIsNoBootBsp":	"false",
	"platFsblTarget":	"ps7_cortexa9_0",
	"hasFsblMakeHasChanges":	"false",
	"hasPmufwMakeHasChanges":	"false",
	"fsblExtraCompilerFlags":	"-MMD -MP       -mcpu=cortex-a9 -mfpu=vfpv3 -mfloat-abi=hard ",
	"platPreBuiltFlag":	false,
	"platformSamplesDir":	"",
	"platActiveSys":	"ecc_project_wrapper",
	"systems":	[{
			"systemName":	"ecc_project_wrapper",
			"systemDesc":	"ecc_project_wrapper",
			"sysIsBootAutoGen":	"true",
			"systemDispName":	"ecc_project_wrapper",
			"sysActiveDom":	"standalone_domain",
			"sysDefaultDom":	"standalone_domain",
			"domains":	[{
					"domainName":	"zynq_fsbl",
					"domainDispName":	"zynq_fsbl",
					"domainDesc":	"FSBL Application BSP - Auto Generated.",
					"processors":	"ps7_cortexa9_0",
					"os":	"standalone",
					"sdxOs":	"standalone",
					"debugEnable":	"",
					"domRuntimes":	["cpp"],
					"swRepo":	"",
					"mssOsVer":	"8.1",
					"mssFile":	"",
					"md5Digest":	"2c92122f18c5fd40d52fe668ff4c852c",
					"compatibleApp":	"zynq_fsbl",
					"domType":	"bootDomain",
					"arch":	"32-bit",
					"appSettings":	{
						"appCompilerFlags":	"",
						"appLinkerFlags":	""
					},
					"addedLibs":	["xilffs:5.0", "xilrsa:1.6"],
					"libOptions":	{
						"libsContainingOptions":	[]
					},
					"prebuiltLibs":	{
						"prebuiltIncPath":	[],
						"prebuiltLibPath":	[]
					},
					"isolation":	{
					}
				}, {
					"domainName":	"standalone_domain",
					"domainDispName":	"standalone on ps7_cortexa9_0",
					"domainDesc":	"standalone_domain",
					"processors":	"ps7_cortexa9_0",
					"os":	"standalone",
					"sdxOs":	"standalone",
					"qemuArgs":	"<platformDir>/resources/ecc_project_wrapper/standalone_domain/qemu_args.txt",
					"qemuData":	"<platformDir>/resources/ecc_project_wrapper/standalone_domain/qemu",
					"debugEnable":	"False",
					"domRuntimes":	["cpp"],
					"swRepo":	"",
					"mssOsVer":	"8.1",
					"mssFile":	"",
					"md5Digest":	"5458ab32d357d609abddc6af46557d25",
					"compatibleApp":	"hello_world",
					"domType":	"mssDomain",
					"arch":	"32-bit",
					"appSettings":	{
						"appCompilerFlags":	"",
						"appLinkerFlags":	""
					},
					"addedLibs":	[],
					"libOptions":	{
						"libsContainingOptions":	[]
					},
					"prebuiltLibs":	{
						"prebuiltIncPath":	[],
						"prebuiltLibPath":	[]
					},
					"isolation":	{
					}
				}]
		}]
}
KEYINFO::2026-09-23.16:29:53::SCWPlatform::updated the xpfm file.
LOG::2026-09-23.16:30:03::SCWPlatform::Started generating the artifacts platform ecc_project_wrapper
TRACE::2026-09-23.16:30:03::SCWPlatform::Sanity checking of platform is completed
LOG::2026-09-23.16:30:03::SCWPlatform::Started generating the artifacts for system configuration ecc_project_wrapper
LOG::2026-09-23.16:30:03::SCWSystem::Checking the domain zynq_fsbl
LOG::2026-09-23.16:30:03::SCWSystem::Doing application build for :  zynq_fsbl
TRACE::2026-09-23.16:30:03::SCWBDomain::Not a forced makefile updation, No changes are present. 
TRACE::2026-09-23.16:30:03::SCWDomain::Building the domain as part of full build :  zynq_fsbl
TRACE::2026-09-23.16:30:03::SCWPlatform::Trying to open the hw design at /users/students/r0933784/DDP/sw_package_2026/sw_project/project_sw/ecc_project_wrapper/hw/ecc_project_wrapper.xsa
TRACE::2026-09-23.16:30:03::SCWPlatform::DSA given /users/students/r0933784/DDP/sw_package_2026/sw_project/project_sw/ecc_project_wrapper/hw/ecc_project_wrapper.xsa
TRACE::2026-09-23.16:30:03::SCWPlatform::DSA absoulate path /users/students/r0933784/DDP/sw_package_2026/sw_project/project_sw/ecc_project_wrapper/hw/ecc_project_wrapper.xsa
TRACE::2026-09-23.16:30:03::SCWPlatform::DSA directory /users/students/r0933784/DDP/sw_package_2026/sw_project/project_sw/ecc_project_wrapper/hw
TRACE::2026-09-23.16:30:03::SCWPlatform:: Platform Path /users/students/r0933784/DDP/sw_package_2026/sw_project/project_sw/ecc_project_wrapper/hw/ecc_project_wrapper.xsa
TRACE::2026-09-23.16:30:03::SCWPlatform:: Unique name xilinx:pynq-z2::0.0
TRACE::2026-09-23.16:30:03::SCWPlatform::Trying to set the existing hwdb with name rsa_project_wrapper_0
TRACE::2026-09-23.16:30:03::SCWPlatform::Opened existing hwdb rsa_project_wrapper_0
TRACE::2026-09-23.16:30:03::SCWPlatform::Found the Hw Db part of the input DSA
TRACE::2026-09-23.16:30:03::SCWMssOS::Checking the sw design at  /users/students/r0933784/DDP/sw_package_2026/sw_project/project_sw/ecc_project_wrapper/zynq_fsbl/zynq_fsbl_bsp/system.mss
TRACE::2026-09-23.16:30:03::SCWMssOS::DEBUG:  swdes dump  /users/students/r0933784/DDP/sw_package_2026/sw_project/project_sw/ecc_project_wrapper/ps7_cortexa9_0/standalone_domain/bsp/system.mss|system_0||
/users/students/r0933784/DDP/sw_package_2026/sw_project/project_sw/ecc_project_wrapper/zynq_fsbl/zynq_fsbl_bsp/system.mss|system||

TRACE::2026-09-23.16:30:03::SCWMssOS::Sw design exists and opened at  /users/students/r0933784/DDP/sw_package_2026/sw_project/project_sw/ecc_project_wrapper/zynq_fsbl/zynq_fsbl_bsp/system.mss
TRACE::2026-09-23.16:30:03::SCWBDomain::Completed writing the mss file at /users/students/r0933784/DDP/sw_package_2026/sw_project/project_sw/ecc_project_wrapper/zynq_fsbl/zynq_fsbl_bsp
TRACE::2026-09-23.16:30:03::SCWBDomain::bsp generated is upto date with the mss file. Skipping bsp generation.
TRACE::2026-09-23.16:30:03::SCWBDomain::Not a forced makefile updation, No changes are present. 
TRACE::2026-09-23.16:30:03::SCWBDomain::System Command Ran  cd  /users/students/r0933784/DDP/sw_package_2026/sw_project/project_sw/ecc_project_wrapper/zynq_fsbl ; bash -c " make -C zynq_fsbl_bsp ; make  " 
TRACE::2026-09-23.16:30:03::SCWBDomain::make[1]: Entering directory '/users/students/r0933784/DDP/sw_package_2026/sw_project/project_sw/ecc_project_wrapper/zynq_fsbl/z
TRACE::2026-09-23.16:30:03::SCWBDomain::ynq_fsbl_bsp'

TRACE::2026-09-23.16:30:03::SCWBDomain::make --no-print-directory seq_libs

TRACE::2026-09-23.16:30:03::SCWBDomain::Running Make include in ps7_cortexa9_0/libsrc/axidma_v9_16/src

TRACE::2026-09-23.16:30:03::SCWBDomain::make -C ps7_cortexa9_0/libsrc/axidma_v9_16/src -s include  "SHELL=/bin/sh" "COMPILER=arm-none-eabi-gcc" "ASSEMBLER=arm-none-eab
TRACE::2026-09-23.16:30:03::SCWBDomain::i-as" "ARCHIVER=arm-none-eabi-ar" "COMPILER_FLAGS=  -O2 -c" "EXTRA_COMPILER_FLAGS=-mcpu=cortex-a9 -mfpu=vfpv3 -mfloat-abi=hard 
TRACE::2026-09-23.16:30:03::SCWBDomain::-nostartfiles -g -Wall -Wextra -fno-tree-loop-distribute-patterns"

TRACE::2026-09-23.16:30:03::SCWBDomain::Running Make include in ps7_cortexa9_0/libsrc/coresightps_dcc_v1_8/src

TRACE::2026-09-23.16:30:03::SCWBDomain::make -C ps7_cortexa9_0/libsrc/coresightps_dcc_v1_8/src -s include  "SHELL=/bin/sh" "COMPILER=arm-none-eabi-gcc" "ASSEMBLER=arm-
TRACE::2026-09-23.16:30:03::SCWBDomain::none-eabi-as" "ARCHIVER=arm-none-eabi-ar" "COMPILER_FLAGS=  -O2 -c" "EXTRA_COMPILER_FLAGS=-mcpu=cortex-a9 -mfpu=vfpv3 -mfloat-a
TRACE::2026-09-23.16:30:03::SCWBDomain::bi=hard -nostartfiles -g -Wall -Wextra -fno-tree-loop-distribute-patterns"

TRACE::2026-09-23.16:30:03::SCWBDomain::Running Make include in ps7_cortexa9_0/libsrc/cpu_cortexa9_v2_11/src

TRACE::2026-09-23.16:30:03::SCWBDomain::make -C ps7_cortexa9_0/libsrc/cpu_cortexa9_v2_11/src -s include  "SHELL=/bin/sh" "COMPILER=arm-none-eabi-gcc" "ASSEMBLER=arm-no
TRACE::2026-09-23.16:30:03::SCWBDomain::ne-eabi-as" "ARCHIVER=arm-none-eabi-ar" "COMPILER_FLAGS=  -O2 -c" "EXTRA_COMPILER_FLAGS=-mcpu=cortex-a9 -mfpu=vfpv3 -mfloat-abi
TRACE::2026-09-23.16:30:03::SCWBDomain::=hard -nostartfiles -g -Wall -Wextra -fno-tree-loop-distribute-patterns"

TRACE::2026-09-23.16:30:03::SCWBDomain::Running Make include in ps7_cortexa9_0/libsrc/ddrps_v1_2/src

TRACE::2026-09-23.16:30:03::SCWBDomain::make -C ps7_cortexa9_0/libsrc/ddrps_v1_2/src -s include  "SHELL=/bin/sh" "COMPILER=arm-none-eabi-gcc" "ASSEMBLER=arm-none-eabi-
TRACE::2026-09-23.16:30:03::SCWBDomain::as" "ARCHIVER=arm-none-eabi-ar" "COMPILER_FLAGS=  -O2 -c" "EXTRA_COMPILER_FLAGS=-mcpu=cortex-a9 -mfpu=vfpv3 -mfloat-abi=hard -n
TRACE::2026-09-23.16:30:03::SCWBDomain::ostartfiles -g -Wall -Wextra -fno-tree-loop-distribute-patterns"

TRACE::2026-09-23.16:30:03::SCWBDomain::Running Make include in ps7_cortexa9_0/libsrc/devcfg_v3_7/src

TRACE::2026-09-23.16:30:03::SCWBDomain::make -C ps7_cortexa9_0/libsrc/devcfg_v3_7/src -s include  "SHELL=/bin/sh" "COMPILER=arm-none-eabi-gcc" "ASSEMBLER=arm-none-eabi
TRACE::2026-09-23.16:30:03::SCWBDomain::-as" "ARCHIVER=arm-none-eabi-ar" "COMPILER_FLAGS=  -O2 -c" "EXTRA_COMPILER_FLAGS=-mcpu=cortex-a9 -mfpu=vfpv3 -mfloat-abi=hard -
TRACE::2026-09-23.16:30:03::SCWBDomain::nostartfiles -g -Wall -Wextra -fno-tree-loop-distribute-patterns"

TRACE::2026-09-23.16:30:03::SCWBDomain::Running Make include in ps7_cortexa9_0/libsrc/dmaps_v2_8/src

TRACE::2026-09-23.16:30:03::SCWBDomain::make -C ps7_cortexa9_0/libsrc/dmaps_v2_8/src -s include  "SHELL=/bin/sh" "COMPILER=arm-none-eabi-gcc" "ASSEMBLER=arm-none-eabi-
TRACE::2026-09-23.16:30:03::SCWBDomain::as" "ARCHIVER=arm-none-eabi-ar" "COMPILER_FLAGS=  -O2 -c" "EXTRA_COMPILER_FLAGS=-mcpu=cortex-a9 -mfpu=vfpv3 -mfloat-abi=hard -n
TRACE::2026-09-23.16:30:03::SCWBDomain::ostartfiles -g -Wall -Wextra -fno-tree-loop-distribute-patterns"

TRACE::2026-09-23.16:30:03::SCWBDomain::Running Make include in ps7_cortexa9_0/libsrc/emacps_v3_18/src

TRACE::2026-09-23.16:30:03::SCWBDomain::make -C ps7_cortexa9_0/libsrc/emacps_v3_18/src -s include  "SHELL=/bin/sh" "COMPILER=arm-none-eabi-gcc" "ASSEMBLER=arm-none-eab
TRACE::2026-09-23.16:30:03::SCWBDomain::i-as" "ARCHIVER=arm-none-eabi-ar" "COMPILER_FLAGS=  -O2 -c" "EXTRA_COMPILER_FLAGS=-mcpu=cortex-a9 -mfpu=vfpv3 -mfloat-abi=hard 
TRACE::2026-09-23.16:30:03::SCWBDomain::-nostartfiles -g -Wall -Wextra -fno-tree-loop-distribute-patterns"

TRACE::2026-09-23.16:30:03::SCWBDomain::Running Make include in ps7_cortexa9_0/libsrc/gpiops_v3_11/src

TRACE::2026-09-23.16:30:03::SCWBDomain::make -C ps7_cortexa9_0/libsrc/gpiops_v3_11/src -s include  "SHELL=/bin/sh" "COMPILER=arm-none-eabi-gcc" "ASSEMBLER=arm-none-eab
TRACE::2026-09-23.16:30:03::SCWBDomain::i-as" "ARCHIVER=arm-none-eabi-ar" "COMPILER_FLAGS=  -O2 -c" "EXTRA_COMPILER_FLAGS=-mcpu=cortex-a9 -mfpu=vfpv3 -mfloat-abi=hard 
TRACE::2026-09-23.16:30:03::SCWBDomain::-nostartfiles -g -Wall -Wextra -fno-tree-loop-distribute-patterns"

TRACE::2026-09-23.16:30:03::SCWBDomain::Running Make include in ps7_cortexa9_0/libsrc/qspips_v3_10/src

TRACE::2026-09-23.16:30:03::SCWBDomain::make -C ps7_cortexa9_0/libsrc/qspips_v3_10/src -s include  "SHELL=/bin/sh" "COMPILER=arm-none-eabi-gcc" "ASSEMBLER=arm-none-eab
TRACE::2026-09-23.16:30:03::SCWBDomain::i-as" "ARCHIVER=arm-none-eabi-ar" "COMPILER_FLAGS=  -O2 -c" "EXTRA_COMPILER_FLAGS=-mcpu=cortex-a9 -mfpu=vfpv3 -mfloat-abi=hard 
TRACE::2026-09-23.16:30:03::SCWBDomain::-nostartfiles -g -Wall -Wextra -fno-tree-loop-distribute-patterns"

TRACE::2026-09-23.16:30:03::SCWBDomain::Running Make include in ps7_cortexa9_0/libsrc/scugic_v5_1/src

TRACE::2026-09-23.16:30:03::SCWBDomain::make -C ps7_cortexa9_0/libsrc/scugic_v5_1/src -s include  "SHELL=/bin/sh" "COMPILER=arm-none-eabi-gcc" "ASSEMBLER=arm-none-eabi
TRACE::2026-09-23.16:30:03::SCWBDomain::-as" "ARCHIVER=arm-none-eabi-ar" "COMPILER_FLAGS=  -O2 -c" "EXTRA_COMPILER_FLAGS=-mcpu=cortex-a9 -mfpu=vfpv3 -mfloat-abi=hard -
TRACE::2026-09-23.16:30:03::SCWBDomain::nostartfiles -g -Wall -Wextra -fno-tree-loop-distribute-patterns"

TRACE::2026-09-23.16:30:03::SCWBDomain::Running Make include in ps7_cortexa9_0/libsrc/scutimer_v2_4/src

TRACE::2026-09-23.16:30:03::SCWBDomain::make -C ps7_cortexa9_0/libsrc/scutimer_v2_4/src -s include  "SHELL=/bin/sh" "COMPILER=arm-none-eabi-gcc" "ASSEMBLER=arm-none-ea
TRACE::2026-09-23.16:30:03::SCWBDomain::bi-as" "ARCHIVER=arm-none-eabi-ar" "COMPILER_FLAGS=  -O2 -c" "EXTRA_COMPILER_FLAGS=-mcpu=cortex-a9 -mfpu=vfpv3 -mfloat-abi=hard
TRACE::2026-09-23.16:30:03::SCWBDomain:: -nostartfiles -g -Wall -Wextra -fno-tree-loop-distribute-patterns"

TRACE::2026-09-23.16:30:03::SCWBDomain::Running Make include in ps7_cortexa9_0/libsrc/scuwdt_v2_4/src

TRACE::2026-09-23.16:30:03::SCWBDomain::make -C ps7_cortexa9_0/libsrc/scuwdt_v2_4/src -s include  "SHELL=/bin/sh" "COMPILER=arm-none-eabi-gcc" "ASSEMBLER=arm-none-eabi
TRACE::2026-09-23.16:30:03::SCWBDomain::-as" "ARCHIVER=arm-none-eabi-ar" "COMPILER_FLAGS=  -O2 -c" "EXTRA_COMPILER_FLAGS=-mcpu=cortex-a9 -mfpu=vfpv3 -mfloat-abi=hard -
TRACE::2026-09-23.16:30:03::SCWBDomain::nostartfiles -g -Wall -Wextra -fno-tree-loop-distribute-patterns"

TRACE::2026-09-23.16:30:03::SCWBDomain::Running Make include in ps7_cortexa9_0/libsrc/sdps_v4_1/src

TRACE::2026-09-23.16:30:03::SCWBDomain::make -C ps7_cortexa9_0/libsrc/sdps_v4_1/src -s include  "SHELL=/bin/sh" "COMPILER=arm-none-eabi-gcc" "ASSEMBLER=arm-none-eabi-a
TRACE::2026-09-23.16:30:03::SCWBDomain::s" "ARCHIVER=arm-none-eabi-ar" "COMPILER_FLAGS=  -O2 -c" "EXTRA_COMPILER_FLAGS=-mcpu=cortex-a9 -mfpu=vfpv3 -mfloat-abi=hard -no
TRACE::2026-09-23.16:30:03::SCWBDomain::startfiles -g -Wall -Wextra -fno-tree-loop-distribute-patterns"

TRACE::2026-09-23.16:30:03::SCWBDomain::Running Make include in ps7_cortexa9_0/libsrc/standalone_v8_1/src

TRACE::2026-09-23.16:30:03::SCWBDomain::make -C ps7_cortexa9_0/libsrc/standalone_v8_1/src -s include  "SHELL=/bin/sh" "COMPILER=arm-none-eabi-gcc" "ASSEMBLER=arm-none-
TRACE::2026-09-23.16:30:03::SCWBDomain::eabi-as" "ARCHIVER=arm-none-eabi-ar" "COMPILER_FLAGS=  -O2 -c" "EXTRA_COMPILER_FLAGS=-mcpu=cortex-a9 -mfpu=vfpv3 -mfloat-abi=ha
TRACE::2026-09-23.16:30:03::SCWBDomain::rd -nostartfiles -g -Wall -Wextra -fno-tree-loop-distribute-patterns"

TRACE::2026-09-23.16:30:04::SCWBDomain::Running Make include in ps7_cortexa9_0/libsrc/uartps_v3_12/src

TRACE::2026-09-23.16:30:04::SCWBDomain::make -C ps7_cortexa9_0/libsrc/uartps_v3_12/src -s include  "SHELL=/bin/sh" "COMPILER=arm-none-eabi-gcc" "ASSEMBLER=arm-none-eab
TRACE::2026-09-23.16:30:04::SCWBDomain::i-as" "ARCHIVER=arm-none-eabi-ar" "COMPILER_FLAGS=  -O2 -c" "EXTRA_COMPILER_FLAGS=-mcpu=cortex-a9 -mfpu=vfpv3 -mfloat-abi=hard 
TRACE::2026-09-23.16:30:04::SCWBDomain::-nostartfiles -g -Wall -Wextra -fno-tree-loop-distribute-patterns"

TRACE::2026-09-23.16:30:04::SCWBDomain::Running Make include in ps7_cortexa9_0/libsrc/usbps_v2_7/src

TRACE::2026-09-23.16:30:04::SCWBDomain::make -C ps7_cortexa9_0/libsrc/usbps_v2_7/src -s include  "SHELL=/bin/sh" "COMPILER=arm-none-eabi-gcc" "ASSEMBLER=arm-none-eabi-
TRACE::2026-09-23.16:30:04::SCWBDomain::as" "ARCHIVER=arm-none-eabi-ar" "COMPILER_FLAGS=  -O2 -c" "EXTRA_COMPILER_FLAGS=-mcpu=cortex-a9 -mfpu=vfpv3 -mfloat-abi=hard -n
TRACE::2026-09-23.16:30:04::SCWBDomain::ostartfiles -g -Wall -Wextra -fno-tree-loop-distribute-patterns"

TRACE::2026-09-23.16:30:04::SCWBDomain::Running Make include in ps7_cortexa9_0/libsrc/xadcps_v2_6/src

TRACE::2026-09-23.16:30:04::SCWBDomain::make -C ps7_cortexa9_0/libsrc/xadcps_v2_6/src -s include  "SHELL=/bin/sh" "COMPILER=arm-none-eabi-gcc" "ASSEMBLER=arm-none-eabi
TRACE::2026-09-23.16:30:04::SCWBDomain::-as" "ARCHIVER=arm-none-eabi-ar" "COMPILER_FLAGS=  -O2 -c" "EXTRA_COMPILER_FLAGS=-mcpu=cortex-a9 -mfpu=vfpv3 -mfloat-abi=hard -
TRACE::2026-09-23.16:30:04::SCWBDomain::nostartfiles -g -Wall -Wextra -fno-tree-loop-distribute-patterns"

TRACE::2026-09-23.16:30:04::SCWBDomain::Running Make include in ps7_cortexa9_0/libsrc/xilffs_v5_0/src

TRACE::2026-09-23.16:30:04::SCWBDomain::make -C ps7_cortexa9_0/libsrc/xilffs_v5_0/src -s include  "SHELL=/bin/sh" "COMPILER=arm-none-eabi-gcc" "ASSEMBLER=arm-none-eabi
TRACE::2026-09-23.16:30:04::SCWBDomain::-as" "ARCHIVER=arm-none-eabi-ar" "COMPILER_FLAGS=  -O2 -c" "EXTRA_COMPILER_FLAGS=-mcpu=cortex-a9 -mfpu=vfpv3 -mfloat-abi=hard -
TRACE::2026-09-23.16:30:04::SCWBDomain::nostartfiles -g -Wall -Wextra -fno-tree-loop-distribute-patterns"

TRACE::2026-09-23.16:30:04::SCWBDomain::Running Make include in ps7_cortexa9_0/libsrc/xilrsa_v1_6/src

TRACE::2026-09-23.16:30:04::SCWBDomain::make -C ps7_cortexa9_0/libsrc/xilrsa_v1_6/src -s include  "SHELL=/bin/sh" "COMPILER=arm-none-eabi-gcc" "ASSEMBLER=arm-none-eabi
TRACE::2026-09-23.16:30:04::SCWBDomain::-as" "ARCHIVER=arm-none-eabi-ar" "COMPILER_FLAGS=  -O2 -c" "EXTRA_COMPILER_FLAGS=-mcpu=cortex-a9 -mfpu=vfpv3 -mfloat-abi=hard -
TRACE::2026-09-23.16:30:04::SCWBDomain::nostartfiles -g -Wall -Wextra -fno-tree-loop-distribute-patterns"

TRACE::2026-09-23.16:30:04::SCWBDomain::Running Make libs in ps7_cortexa9_0/libsrc/xilrsa_v1_6/src

TRACE::2026-09-23.16:30:04::SCWBDomain::make -C ps7_cortexa9_0/libsrc/xilrsa_v1_6/src -s libs  "SHELL=/bin/sh" "COMPILER=arm-none-eabi-gcc" "ASSEMBLER=arm-none-eabi-as
TRACE::2026-09-23.16:30:04::SCWBDomain::" "ARCHIVER=arm-none-eabi-ar" "COMPILER_FLAGS=  -O2 -c" "EXTRA_COMPILER_FLAGS=-mcpu=cortex-a9 -mfpu=vfpv3 -mfloat-abi=hard -nos
TRACE::2026-09-23.16:30:04::SCWBDomain::tartfiles -g -Wall -Wextra -fno-tree-loop-distribute-patterns"

TRACE::2026-09-23.16:30:04::SCWBDomain::Finished building libraries sequentially.

TRACE::2026-09-23.16:30:04::SCWBDomain::make -j 10 --no-print-directory par_libs

TRACE::2026-09-23.16:30:04::SCWBDomain::Running Make include in ps7_cortexa9_0/libsrc/axidma_v9_16/src

TRACE::2026-09-23.16:30:04::SCWBDomain::Running Make include in ps7_cortexa9_0/libsrc/coresightps_dcc_v1_8/src

TRACE::2026-09-23.16:30:04::SCWBDomain::make -C ps7_cortexa9_0/libsrc/axidma_v9_16/src -s include  "SHELL=/bin/sh" "COMPILER=arm-none-eabi-gcc" "ASSEMBLER=arm-none-eab
TRACE::2026-09-23.16:30:04::SCWBDomain::i-as" "ARCHIVER=arm-none-eabi-ar" "COMPILER_FLAGS=  -O2 -c" "EXTRA_COMPILER_FLAGS=-mcpu=cortex-a9 -mfpu=vfpv3 -mfloat-abi=hard 
TRACE::2026-09-23.16:30:04::SCWBDomain::-nostartfiles -g -Wall -Wextra -fno-tree-loop-distribute-patterns"

TRACE::2026-09-23.16:30:04::SCWBDomain::make -C ps7_cortexa9_0/libsrc/coresightps_dcc_v1_8/src -s include  "SHELL=/bin/sh" "COMPILER=arm-none-eabi-gcc" "ASSEMBLER=arm-
TRACE::2026-09-23.16:30:04::SCWBDomain::none-eabi-as" "ARCHIVER=arm-none-eabi-ar" "COMPILER_FLAGS=  -O2 -c" "EXTRA_COMPILER_FLAGS=-mcpu=cortex-a9 -mfpu=vfpv3 -mfloat-a
TRACE::2026-09-23.16:30:04::SCWBDomain::bi=hard -nostartfiles -g -Wall -Wextra -fno-tree-loop-distribute-patterns"

TRACE::2026-09-23.16:30:04::SCWBDomain::Running Make include in ps7_cortexa9_0/libsrc/cpu_cortexa9_v2_11/src

TRACE::2026-09-23.16:30:04::SCWBDomain::Running Make include in ps7_cortexa9_0/libsrc/ddrps_v1_2/src

TRACE::2026-09-23.16:30:04::SCWBDomain::make -C ps7_cortexa9_0/libsrc/cpu_cortexa9_v2_11/src -s include  "SHELL=/bin/sh" "COMPILER=arm-none-eabi-gcc" "ASSEMBLER=arm-no
TRACE::2026-09-23.16:30:04::SCWBDomain::ne-eabi-as" "ARCHIVER=arm-none-eabi-ar" "COMPILER_FLAGS=  -O2 -c" "EXTRA_COMPILER_FLAGS=-mcpu=cortex-a9 -mfpu=vfpv3 -mfloat-abi
TRACE::2026-09-23.16:30:04::SCWBDomain::=hard -nostartfiles -g -Wall -Wextra -fno-tree-loop-distribute-patterns"

TRACE::2026-09-23.16:30:04::SCWBDomain::Running Make include in ps7_cortexa9_0/libsrc/devcfg_v3_7/src

TRACE::2026-09-23.16:30:04::SCWBDomain::make -C ps7_cortexa9_0/libsrc/ddrps_v1_2/src -s include  "SHELL=/bin/sh" "COMPILER=arm-none-eabi-gcc" "ASSEMBLER=arm-none-eabi-
TRACE::2026-09-23.16:30:04::SCWBDomain::as" "ARCHIVER=arm-none-eabi-ar" "COMPILER_FLAGS=  -O2 -c" "EXTRA_COMPILER_FLAGS=-mcpu=cortex-a9 -mfpu=vfpv3 -mfloat-abi=hard -n
TRACE::2026-09-23.16:30:04::SCWBDomain::ostartfiles -g -Wall -Wextra -fno-tree-loop-distribute-patterns"

TRACE::2026-09-23.16:30:04::SCWBDomain::make -C ps7_cortexa9_0/libsrc/devcfg_v3_7/src -s include  "SHELL=/bin/sh" "COMPILER=arm-none-eabi-gcc" "ASSEMBLER=arm-none-eabi
TRACE::2026-09-23.16:30:04::SCWBDomain::-as" "ARCHIVER=arm-none-eabi-ar" "COMPILER_FLAGS=  -O2 -c" "EXTRA_COMPILER_FLAGS=-mcpu=cortex-a9 -mfpu=vfpv3 -mfloat-abi=hard -
TRACE::2026-09-23.16:30:04::SCWBDomain::nostartfiles -g -Wall -Wextra -fno-tree-loop-distribute-patterns"

TRACE::2026-09-23.16:30:04::SCWBDomain::Running Make include in ps7_cortexa9_0/libsrc/dmaps_v2_8/src

TRACE::2026-09-23.16:30:04::SCWBDomain::make -C ps7_cortexa9_0/libsrc/dmaps_v2_8/src -s include  "SHELL=/bin/sh" "COMPILER=arm-none-eabi-gcc" "ASSEMBLER=arm-none-eabi-
TRACE::2026-09-23.16:30:04::SCWBDomain::as" "ARCHIVER=arm-none-eabi-ar" "COMPILER_FLAGS=  -O2 -c" "EXTRA_COMPILER_FLAGS=-mcpu=cortex-a9 -mfpu=vfpv3 -mfloat-abi=hard -n
TRACE::2026-09-23.16:30:04::SCWBDomain::ostartfiles -g -Wall -Wextra -fno-tree-loop-distribute-patterns"

TRACE::2026-09-23.16:30:04::SCWBDomain::Running Make include in ps7_cortexa9_0/libsrc/emacps_v3_18/src

TRACE::2026-09-23.16:30:04::SCWBDomain::make -C ps7_cortexa9_0/libsrc/emacps_v3_18/src -s include  "SHELL=/bin/sh" "COMPILER=arm-none-eabi-gcc" "ASSEMBLER=arm-none-eab
TRACE::2026-09-23.16:30:04::SCWBDomain::i-as" "ARCHIVER=arm-none-eabi-ar" "COMPILER_FLAGS=  -O2 -c" "EXTRA_COMPILER_FLAGS=-mcpu=cortex-a9 -mfpu=vfpv3 -mfloat-abi=hard 
TRACE::2026-09-23.16:30:04::SCWBDomain::-nostartfiles -g -Wall -Wextra -fno-tree-loop-distribute-patterns"

TRACE::2026-09-23.16:30:04::SCWBDomain::Running Make include in ps7_cortexa9_0/libsrc/gpiops_v3_11/src

TRACE::2026-09-23.16:30:04::SCWBDomain::make -C ps7_cortexa9_0/libsrc/gpiops_v3_11/src -s include  "SHELL=/bin/sh" "COMPILER=arm-none-eabi-gcc" "ASSEMBLER=arm-none-eab
TRACE::2026-09-23.16:30:04::SCWBDomain::i-as" "ARCHIVER=arm-none-eabi-ar" "COMPILER_FLAGS=  -O2 -c" "EXTRA_COMPILER_FLAGS=-mcpu=cortex-a9 -mfpu=vfpv3 -mfloat-abi=hard 
TRACE::2026-09-23.16:30:04::SCWBDomain::-nostartfiles -g -Wall -Wextra -fno-tree-loop-distribute-patterns"

TRACE::2026-09-23.16:30:04::SCWBDomain::Running Make include in ps7_cortexa9_0/libsrc/qspips_v3_10/src

TRACE::2026-09-23.16:30:04::SCWBDomain::make -C ps7_cortexa9_0/libsrc/qspips_v3_10/src -s include  "SHELL=/bin/sh" "COMPILER=arm-none-eabi-gcc" "ASSEMBLER=arm-none-eab
TRACE::2026-09-23.16:30:04::SCWBDomain::i-as" "ARCHIVER=arm-none-eabi-ar" "COMPILER_FLAGS=  -O2 -c" "EXTRA_COMPILER_FLAGS=-mcpu=cortex-a9 -mfpu=vfpv3 -mfloat-abi=hard 
TRACE::2026-09-23.16:30:04::SCWBDomain::-nostartfiles -g -Wall -Wextra -fno-tree-loop-distribute-patterns"

TRACE::2026-09-23.16:30:04::SCWBDomain::Running Make include in ps7_cortexa9_0/libsrc/scugic_v5_1/src

TRACE::2026-09-23.16:30:04::SCWBDomain::make -C ps7_cortexa9_0/libsrc/scugic_v5_1/src -s include  "SHELL=/bin/sh" "COMPILER=arm-none-eabi-gcc" "ASSEMBLER=arm-none-eabi
TRACE::2026-09-23.16:30:04::SCWBDomain::-as" "ARCHIVER=arm-none-eabi-ar" "COMPILER_FLAGS=  -O2 -c" "EXTRA_COMPILER_FLAGS=-mcpu=cortex-a9 -mfpu=vfpv3 -mfloat-abi=hard -
TRACE::2026-09-23.16:30:04::SCWBDomain::nostartfiles -g -Wall -Wextra -fno-tree-loop-distribute-patterns"

TRACE::2026-09-23.16:30:04::SCWBDomain::Running Make include in ps7_cortexa9_0/libsrc/scutimer_v2_4/src

TRACE::2026-09-23.16:30:04::SCWBDomain::Running Make include in ps7_cortexa9_0/libsrc/scuwdt_v2_4/src

TRACE::2026-09-23.16:30:04::SCWBDomain::make -C ps7_cortexa9_0/libsrc/scutimer_v2_4/src -s include  "SHELL=/bin/sh" "COMPILER=arm-none-eabi-gcc" "ASSEMBLER=arm-none-ea
TRACE::2026-09-23.16:30:04::SCWBDomain::bi-as" "ARCHIVER=arm-none-eabi-ar" "COMPILER_FLAGS=  -O2 -c" "EXTRA_COMPILER_FLAGS=-mcpu=cortex-a9 -mfpu=vfpv3 -mfloat-abi=hard
TRACE::2026-09-23.16:30:04::SCWBDomain:: -nostartfiles -g -Wall -Wextra -fno-tree-loop-distribute-patterns"

TRACE::2026-09-23.16:30:04::SCWBDomain::make -C ps7_cortexa9_0/libsrc/scuwdt_v2_4/src -s include  "SHELL=/bin/sh" "COMPILER=arm-none-eabi-gcc" "ASSEMBLER=arm-none-eabi
TRACE::2026-09-23.16:30:04::SCWBDomain::-as" "ARCHIVER=arm-none-eabi-ar" "COMPILER_FLAGS=  -O2 -c" "EXTRA_COMPILER_FLAGS=-mcpu=cortex-a9 -mfpu=vfpv3 -mfloat-abi=hard -
TRACE::2026-09-23.16:30:04::SCWBDomain::nostartfiles -g -Wall -Wextra -fno-tree-loop-distribute-patterns"

TRACE::2026-09-23.16:30:04::SCWBDomain::Running Make include in ps7_cortexa9_0/libsrc/sdps_v4_1/src

TRACE::2026-09-23.16:30:04::SCWBDomain::make -C ps7_cortexa9_0/libsrc/sdps_v4_1/src -s include  "SHELL=/bin/sh" "COMPILER=arm-none-eabi-gcc" "ASSEMBLER=arm-none-eabi-a
TRACE::2026-09-23.16:30:04::SCWBDomain::s" "ARCHIVER=arm-none-eabi-ar" "COMPILER_FLAGS=  -O2 -c" "EXTRA_COMPILER_FLAGS=-mcpu=cortex-a9 -mfpu=vfpv3 -mfloat-abi=hard -no
TRACE::2026-09-23.16:30:04::SCWBDomain::startfiles -g -Wall -Wextra -fno-tree-loop-distribute-patterns"

TRACE::2026-09-23.16:30:04::SCWBDomain::Running Make include in ps7_cortexa9_0/libsrc/standalone_v8_1/src

TRACE::2026-09-23.16:30:04::SCWBDomain::make -C ps7_cortexa9_0/libsrc/standalone_v8_1/src -s include  "SHELL=/bin/sh" "COMPILER=arm-none-eabi-gcc" "ASSEMBLER=arm-none-
TRACE::2026-09-23.16:30:04::SCWBDomain::eabi-as" "ARCHIVER=arm-none-eabi-ar" "COMPILER_FLAGS=  -O2 -c" "EXTRA_COMPILER_FLAGS=-mcpu=cortex-a9 -mfpu=vfpv3 -mfloat-abi=ha
TRACE::2026-09-23.16:30:04::SCWBDomain::rd -nostartfiles -g -Wall -Wextra -fno-tree-loop-distribute-patterns"

TRACE::2026-09-23.16:30:04::SCWBDomain::Running Make include in ps7_cortexa9_0/libsrc/uartps_v3_12/src

TRACE::2026-09-23.16:30:04::SCWBDomain::make -C ps7_cortexa9_0/libsrc/uartps_v3_12/src -s include  "SHELL=/bin/sh" "COMPILER=arm-none-eabi-gcc" "ASSEMBLER=arm-none-eab
TRACE::2026-09-23.16:30:04::SCWBDomain::i-as" "ARCHIVER=arm-none-eabi-ar" "COMPILER_FLAGS=  -O2 -c" "EXTRA_COMPILER_FLAGS=-mcpu=cortex-a9 -mfpu=vfpv3 -mfloat-abi=hard 
TRACE::2026-09-23.16:30:04::SCWBDomain::-nostartfiles -g -Wall -Wextra -fno-tree-loop-distribute-patterns"

TRACE::2026-09-23.16:30:04::SCWBDomain::Running Make include in ps7_cortexa9_0/libsrc/usbps_v2_7/src

TRACE::2026-09-23.16:30:04::SCWBDomain::make -C ps7_cortexa9_0/libsrc/usbps_v2_7/src -s include  "SHELL=/bin/sh" "COMPILER=arm-none-eabi-gcc" "ASSEMBLER=arm-none-eabi-
TRACE::2026-09-23.16:30:04::SCWBDomain::as" "ARCHIVER=arm-none-eabi-ar" "COMPILER_FLAGS=  -O2 -c" "EXTRA_COMPILER_FLAGS=-mcpu=cortex-a9 -mfpu=vfpv3 -mfloat-abi=hard -n
TRACE::2026-09-23.16:30:04::SCWBDomain::ostartfiles -g -Wall -Wextra -fno-tree-loop-distribute-patterns"

TRACE::2026-09-23.16:30:04::SCWBDomain::Running Make include in ps7_cortexa9_0/libsrc/xadcps_v2_6/src

TRACE::2026-09-23.16:30:04::SCWBDomain::make -C ps7_cortexa9_0/libsrc/xadcps_v2_6/src -s include  "SHELL=/bin/sh" "COMPILER=arm-none-eabi-gcc" "ASSEMBLER=arm-none-eabi
TRACE::2026-09-23.16:30:04::SCWBDomain::-as" "ARCHIVER=arm-none-eabi-ar" "COMPILER_FLAGS=  -O2 -c" "EXTRA_COMPILER_FLAGS=-mcpu=cortex-a9 -mfpu=vfpv3 -mfloat-abi=hard -
TRACE::2026-09-23.16:30:04::SCWBDomain::nostartfiles -g -Wall -Wextra -fno-tree-loop-distribute-patterns"

TRACE::2026-09-23.16:30:04::SCWBDomain::Running Make include in ps7_cortexa9_0/libsrc/xilffs_v5_0/src

TRACE::2026-09-23.16:30:04::SCWBDomain::make -C ps7_cortexa9_0/libsrc/xilffs_v5_0/src -s include  "SHELL=/bin/sh" "COMPILER=arm-none-eabi-gcc" "ASSEMBLER=arm-none-eabi
TRACE::2026-09-23.16:30:04::SCWBDomain::-as" "ARCHIVER=arm-none-eabi-ar" "COMPILER_FLAGS=  -O2 -c" "EXTRA_COMPILER_FLAGS=-mcpu=cortex-a9 -mfpu=vfpv3 -mfloat-abi=hard -
TRACE::2026-09-23.16:30:04::SCWBDomain::nostartfiles -g -Wall -Wextra -fno-tree-loop-distribute-patterns"

TRACE::2026-09-23.16:30:04::SCWBDomain::Running Make include in ps7_cortexa9_0/libsrc/xilrsa_v1_6/src

TRACE::2026-09-23.16:30:04::SCWBDomain::make -C ps7_cortexa9_0/libsrc/xilrsa_v1_6/src -s include  "SHELL=/bin/sh" "COMPILER=arm-none-eabi-gcc" "ASSEMBLER=arm-none-eabi
TRACE::2026-09-23.16:30:04::SCWBDomain::-as" "ARCHIVER=arm-none-eabi-ar" "COMPILER_FLAGS=  -O2 -c" "EXTRA_COMPILER_FLAGS=-mcpu=cortex-a9 -mfpu=vfpv3 -mfloat-abi=hard -
TRACE::2026-09-23.16:30:04::SCWBDomain::nostartfiles -g -Wall -Wextra -fno-tree-loop-distribute-patterns"

TRACE::2026-09-23.16:30:04::SCWBDomain::Running Make libs in ps7_cortexa9_0/libsrc/axidma_v9_16/src

TRACE::2026-09-23.16:30:04::SCWBDomain::Running Make libs in ps7_cortexa9_0/libsrc/coresightps_dcc_v1_8/src

TRACE::2026-09-23.16:30:04::SCWBDomain::make -C ps7_cortexa9_0/libsrc/axidma_v9_16/src -s libs  "SHELL=/bin/sh" "COMPILER=arm-none-eabi-gcc" "ASSEMBLER=arm-none-eabi-a
TRACE::2026-09-23.16:30:04::SCWBDomain::s" "ARCHIVER=arm-none-eabi-ar" "COMPILER_FLAGS=  -O2 -c" "EXTRA_COMPILER_FLAGS=-mcpu=cortex-a9 -mfpu=vfpv3 -mfloat-abi=hard -no
TRACE::2026-09-23.16:30:04::SCWBDomain::startfiles -g -Wall -Wextra -fno-tree-loop-distribute-patterns"

TRACE::2026-09-23.16:30:04::SCWBDomain::make -C ps7_cortexa9_0/libsrc/coresightps_dcc_v1_8/src -s libs  "SHELL=/bin/sh" "COMPILER=arm-none-eabi-gcc" "ASSEMBLER=arm-non
TRACE::2026-09-23.16:30:04::SCWBDomain::e-eabi-as" "ARCHIVER=arm-none-eabi-ar" "COMPILER_FLAGS=  -O2 -c" "EXTRA_COMPILER_FLAGS=-mcpu=cortex-a9 -mfpu=vfpv3 -mfloat-abi=
TRACE::2026-09-23.16:30:04::SCWBDomain::hard -nostartfiles -g -Wall -Wextra -fno-tree-loop-distribute-patterns"

TRACE::2026-09-23.16:30:04::SCWBDomain::Running Make libs in ps7_cortexa9_0/libsrc/cpu_cortexa9_v2_11/src

TRACE::2026-09-23.16:30:04::SCWBDomain::Running Make libs in ps7_cortexa9_0/libsrc/ddrps_v1_2/src

TRACE::2026-09-23.16:30:04::SCWBDomain::make -C ps7_cortexa9_0/libsrc/cpu_cortexa9_v2_11/src -s libs  "SHELL=/bin/sh" "COMPILER=arm-none-eabi-gcc" "ASSEMBLER=arm-none-
TRACE::2026-09-23.16:30:04::SCWBDomain::eabi-as" "ARCHIVER=arm-none-eabi-ar" "COMPILER_FLAGS=  -O2 -c" "EXTRA_COMPILER_FLAGS=-mcpu=cortex-a9 -mfpu=vfpv3 -mfloat-abi=ha
TRACE::2026-09-23.16:30:04::SCWBDomain::rd -nostartfiles -g -Wall -Wextra -fno-tree-loop-distribute-patterns"

TRACE::2026-09-23.16:30:04::SCWBDomain::make -C ps7_cortexa9_0/libsrc/ddrps_v1_2/src -s libs  "SHELL=/bin/sh" "COMPILER=arm-none-eabi-gcc" "ASSEMBLER=arm-none-eabi-as"
TRACE::2026-09-23.16:30:04::SCWBDomain:: "ARCHIVER=arm-none-eabi-ar" "COMPILER_FLAGS=  -O2 -c" "EXTRA_COMPILER_FLAGS=-mcpu=cortex-a9 -mfpu=vfpv3 -mfloat-abi=hard -nost
TRACE::2026-09-23.16:30:04::SCWBDomain::artfiles -g -Wall -Wextra -fno-tree-loop-distribute-patterns"

TRACE::2026-09-23.16:30:04::SCWBDomain::Running Make libs in ps7_cortexa9_0/libsrc/devcfg_v3_7/src

TRACE::2026-09-23.16:30:04::SCWBDomain::make -C ps7_cortexa9_0/libsrc/devcfg_v3_7/src -s libs  "SHELL=/bin/sh" "COMPILER=arm-none-eabi-gcc" "ASSEMBLER=arm-none-eabi-as
TRACE::2026-09-23.16:30:04::SCWBDomain::" "ARCHIVER=arm-none-eabi-ar" "COMPILER_FLAGS=  -O2 -c" "EXTRA_COMPILER_FLAGS=-mcpu=cortex-a9 -mfpu=vfpv3 -mfloat-abi=hard -nos
TRACE::2026-09-23.16:30:04::SCWBDomain::tartfiles -g -Wall -Wextra -fno-tree-loop-distribute-patterns"

TRACE::2026-09-23.16:30:04::SCWBDomain::Running Make libs in ps7_cortexa9_0/libsrc/dmaps_v2_8/src

TRACE::2026-09-23.16:30:04::SCWBDomain::Running Make libs in ps7_cortexa9_0/libsrc/emacps_v3_18/src

TRACE::2026-09-23.16:30:04::SCWBDomain::make -C ps7_cortexa9_0/libsrc/dmaps_v2_8/src -s libs  "SHELL=/bin/sh" "COMPILER=arm-none-eabi-gcc" "ASSEMBLER=arm-none-eabi-as"
TRACE::2026-09-23.16:30:04::SCWBDomain:: "ARCHIVER=arm-none-eabi-ar" "COMPILER_FLAGS=  -O2 -c" "EXTRA_COMPILER_FLAGS=-mcpu=cortex-a9 -mfpu=vfpv3 -mfloat-abi=hard -nost
TRACE::2026-09-23.16:30:04::SCWBDomain::artfiles -g -Wall -Wextra -fno-tree-loop-distribute-patterns"

TRACE::2026-09-23.16:30:04::SCWBDomain::make -C ps7_cortexa9_0/libsrc/emacps_v3_18/src -s libs  "SHELL=/bin/sh" "COMPILER=arm-none-eabi-gcc" "ASSEMBLER=arm-none-eabi-a
TRACE::2026-09-23.16:30:04::SCWBDomain::s" "ARCHIVER=arm-none-eabi-ar" "COMPILER_FLAGS=  -O2 -c" "EXTRA_COMPILER_FLAGS=-mcpu=cortex-a9 -mfpu=vfpv3 -mfloat-abi=hard -no
TRACE::2026-09-23.16:30:04::SCWBDomain::startfiles -g -Wall -Wextra -fno-tree-loop-distribute-patterns"

TRACE::2026-09-23.16:30:04::SCWBDomain::Running Make libs in ps7_cortexa9_0/libsrc/gpiops_v3_11/src

TRACE::2026-09-23.16:30:04::SCWBDomain::make -C ps7_cortexa9_0/libsrc/gpiops_v3_11/src -s libs  "SHELL=/bin/sh" "COMPILER=arm-none-eabi-gcc" "ASSEMBLER=arm-none-eabi-a
TRACE::2026-09-23.16:30:04::SCWBDomain::s" "ARCHIVER=arm-none-eabi-ar" "COMPILER_FLAGS=  -O2 -c" "EXTRA_COMPILER_FLAGS=-mcpu=cortex-a9 -mfpu=vfpv3 -mfloat-abi=hard -no
TRACE::2026-09-23.16:30:04::SCWBDomain::startfiles -g -Wall -Wextra -fno-tree-loop-distribute-patterns"

TRACE::2026-09-23.16:30:04::SCWBDomain::Running Make libs in ps7_cortexa9_0/libsrc/qspips_v3_10/src

TRACE::2026-09-23.16:30:04::SCWBDomain::make -C ps7_cortexa9_0/libsrc/qspips_v3_10/src -s libs  "SHELL=/bin/sh" "COMPILER=arm-none-eabi-gcc" "ASSEMBLER=arm-none-eabi-a
TRACE::2026-09-23.16:30:04::SCWBDomain::s" "ARCHIVER=arm-none-eabi-ar" "COMPILER_FLAGS=  -O2 -c" "EXTRA_COMPILER_FLAGS=-mcpu=cortex-a9 -mfpu=vfpv3 -mfloat-abi=hard -no
TRACE::2026-09-23.16:30:04::SCWBDomain::startfiles -g -Wall -Wextra -fno-tree-loop-distribute-patterns"

TRACE::2026-09-23.16:30:04::SCWBDomain::Running Make libs in ps7_cortexa9_0/libsrc/scugic_v5_1/src

TRACE::2026-09-23.16:30:04::SCWBDomain::make -C ps7_cortexa9_0/libsrc/scugic_v5_1/src -s libs  "SHELL=/bin/sh" "COMPILER=arm-none-eabi-gcc" "ASSEMBLER=arm-none-eabi-as
TRACE::2026-09-23.16:30:04::SCWBDomain::" "ARCHIVER=arm-none-eabi-ar" "COMPILER_FLAGS=  -O2 -c" "EXTRA_COMPILER_FLAGS=-mcpu=cortex-a9 -mfpu=vfpv3 -mfloat-abi=hard -nos
TRACE::2026-09-23.16:30:04::SCWBDomain::tartfiles -g -Wall -Wextra -fno-tree-loop-distribute-patterns"

TRACE::2026-09-23.16:30:04::SCWBDomain::Running Make libs in ps7_cortexa9_0/libsrc/scutimer_v2_4/src

TRACE::2026-09-23.16:30:04::SCWBDomain::make -C ps7_cortexa9_0/libsrc/scutimer_v2_4/src -s libs  "SHELL=/bin/sh" "COMPILER=arm-none-eabi-gcc" "ASSEMBLER=arm-none-eabi-
TRACE::2026-09-23.16:30:04::SCWBDomain::as" "ARCHIVER=arm-none-eabi-ar" "COMPILER_FLAGS=  -O2 -c" "EXTRA_COMPILER_FLAGS=-mcpu=cortex-a9 -mfpu=vfpv3 -mfloat-abi=hard -n
TRACE::2026-09-23.16:30:04::SCWBDomain::ostartfiles -g -Wall -Wextra -fno-tree-loop-distribute-patterns"

TRACE::2026-09-23.16:30:04::SCWBDomain::Running Make libs in ps7_cortexa9_0/libsrc/scuwdt_v2_4/src

TRACE::2026-09-23.16:30:04::SCWBDomain::make -C ps7_cortexa9_0/libsrc/scuwdt_v2_4/src -s libs  "SHELL=/bin/sh" "COMPILER=arm-none-eabi-gcc" "ASSEMBLER=arm-none-eabi-as
TRACE::2026-09-23.16:30:04::SCWBDomain::" "ARCHIVER=arm-none-eabi-ar" "COMPILER_FLAGS=  -O2 -c" "EXTRA_COMPILER_FLAGS=-mcpu=cortex-a9 -mfpu=vfpv3 -mfloat-abi=hard -nos
TRACE::2026-09-23.16:30:04::SCWBDomain::tartfiles -g -Wall -Wextra -fno-tree-loop-distribute-patterns"

TRACE::2026-09-23.16:30:05::SCWBDomain::Running Make libs in ps7_cortexa9_0/libsrc/sdps_v4_1/src

TRACE::2026-09-23.16:30:05::SCWBDomain::make -C ps7_cortexa9_0/libsrc/sdps_v4_1/src -s libs  "SHELL=/bin/sh" "COMPILER=arm-none-eabi-gcc" "ASSEMBLER=arm-none-eabi-as" 
TRACE::2026-09-23.16:30:05::SCWBDomain::"ARCHIVER=arm-none-eabi-ar" "COMPILER_FLAGS=  -O2 -c" "EXTRA_COMPILER_FLAGS=-mcpu=cortex-a9 -mfpu=vfpv3 -mfloat-abi=hard -nosta
TRACE::2026-09-23.16:30:05::SCWBDomain::rtfiles -g -Wall -Wextra -fno-tree-loop-distribute-patterns"

TRACE::2026-09-23.16:30:05::SCWBDomain::Running Make libs in ps7_cortexa9_0/libsrc/standalone_v8_1/src

TRACE::2026-09-23.16:30:05::SCWBDomain::make -C ps7_cortexa9_0/libsrc/standalone_v8_1/src -s libs  "SHELL=/bin/sh" "COMPILER=arm-none-eabi-gcc" "ASSEMBLER=arm-none-eab
TRACE::2026-09-23.16:30:05::SCWBDomain::i-as" "ARCHIVER=arm-none-eabi-ar" "COMPILER_FLAGS=  -O2 -c" "EXTRA_COMPILER_FLAGS=-mcpu=cortex-a9 -mfpu=vfpv3 -mfloat-abi=hard 
TRACE::2026-09-23.16:30:05::SCWBDomain::-nostartfiles -g -Wall -Wextra -fno-tree-loop-distribute-patterns"

TRACE::2026-09-23.16:30:05::SCWBDomain::Running Make libs in ps7_cortexa9_0/libsrc/uartps_v3_12/src

TRACE::2026-09-23.16:30:05::SCWBDomain::make -C ps7_cortexa9_0/libsrc/uartps_v3_12/src -s libs  "SHELL=/bin/sh" "COMPILER=arm-none-eabi-gcc" "ASSEMBLER=arm-none-eabi-a
TRACE::2026-09-23.16:30:05::SCWBDomain::s" "ARCHIVER=arm-none-eabi-ar" "COMPILER_FLAGS=  -O2 -c" "EXTRA_COMPILER_FLAGS=-mcpu=cortex-a9 -mfpu=vfpv3 -mfloat-abi=hard -no
TRACE::2026-09-23.16:30:05::SCWBDomain::startfiles -g -Wall -Wextra -fno-tree-loop-distribute-patterns"

TRACE::2026-09-23.16:30:06::SCWBDomain::Running Make libs in ps7_cortexa9_0/libsrc/usbps_v2_7/src

TRACE::2026-09-23.16:30:06::SCWBDomain::make -C ps7_cortexa9_0/libsrc/usbps_v2_7/src -s libs  "SHELL=/bin/sh" "COMPILER=arm-none-eabi-gcc" "ASSEMBLER=arm-none-eabi-as"
TRACE::2026-09-23.16:30:06::SCWBDomain:: "ARCHIVER=arm-none-eabi-ar" "COMPILER_FLAGS=  -O2 -c" "EXTRA_COMPILER_FLAGS=-mcpu=cortex-a9 -mfpu=vfpv3 -mfloat-abi=hard -nost
TRACE::2026-09-23.16:30:06::SCWBDomain::artfiles -g -Wall -Wextra -fno-tree-loop-distribute-patterns"

TRACE::2026-09-23.16:30:06::SCWBDomain::Running Make libs in ps7_cortexa9_0/libsrc/xadcps_v2_6/src

TRACE::2026-09-23.16:30:06::SCWBDomain::make -C ps7_cortexa9_0/libsrc/xadcps_v2_6/src -s libs  "SHELL=/bin/sh" "COMPILER=arm-none-eabi-gcc" "ASSEMBLER=arm-none-eabi-as
TRACE::2026-09-23.16:30:06::SCWBDomain::" "ARCHIVER=arm-none-eabi-ar" "COMPILER_FLAGS=  -O2 -c" "EXTRA_COMPILER_FLAGS=-mcpu=cortex-a9 -mfpu=vfpv3 -mfloat-abi=hard -nos
TRACE::2026-09-23.16:30:06::SCWBDomain::tartfiles -g -Wall -Wextra -fno-tree-loop-distribute-patterns"

TRACE::2026-09-23.16:30:06::SCWBDomain::Running Make libs in ps7_cortexa9_0/libsrc/xilffs_v5_0/src

TRACE::2026-09-23.16:30:06::SCWBDomain::make -C ps7_cortexa9_0/libsrc/xilffs_v5_0/src -s libs  "SHELL=/bin/sh" "COMPILER=arm-none-eabi-gcc" "ASSEMBLER=arm-none-eabi-as
TRACE::2026-09-23.16:30:06::SCWBDomain::" "ARCHIVER=arm-none-eabi-ar" "COMPILER_FLAGS=  -O2 -c" "EXTRA_COMPILER_FLAGS=-mcpu=cortex-a9 -mfpu=vfpv3 -mfloat-abi=hard -nos
TRACE::2026-09-23.16:30:06::SCWBDomain::tartfiles -g -Wall -Wextra -fno-tree-loop-distribute-patterns"

TRACE::2026-09-23.16:30:10::SCWBDomain::Finished building libraries parallelly.

TRACE::2026-09-23.16:30:10::SCWBDomain::make --no-print-directory archive

TRACE::2026-09-23.16:30:10::SCWBDomain::arm-none-eabi-ar -r  ps7_cortexa9_0/lib/libxil.a ps7_cortexa9_0/lib/_exit.o ps7_cortexa9_0/lib/_open.o ps7_cortexa9_0/lib/_sbrk
TRACE::2026-09-23.16:30:10::SCWBDomain::.o ps7_cortexa9_0/lib/abort.o ps7_cortexa9_0/lib/asm_vectors.o ps7_cortexa9_0/lib/boot.o ps7_cortexa9_0/lib/close.o ps7_cortexa
TRACE::2026-09-23.16:30:10::SCWBDomain::9_0/lib/cpputest_time.o ps7_cortexa9_0/lib/cpu_init.o ps7_cortexa9_0/lib/errno.o ps7_cortexa9_0/lib/fcntl.o ps7_cortexa9_0/lib/
TRACE::2026-09-23.16:30:10::SCWBDomain::fstat.o ps7_cortexa9_0/lib/getentropy.o ps7_cortexa9_0/lib/getpid.o ps7_cortexa9_0/lib/inbyte.o ps7_cortexa9_0/lib/isatty.o ps7
TRACE::2026-09-23.16:30:10::SCWBDomain::_cortexa9_0/lib/kill.o ps7_cortexa9_0/lib/lseek.o ps7_cortexa9_0/lib/open.o ps7_cortexa9_0/lib/outbyte.o ps7_cortexa9_0/lib/pri
TRACE::2026-09-23.16:30:10::SCWBDomain::nt.o ps7_cortexa9_0/lib/putnum.o ps7_cortexa9_0/lib/read.o ps7_cortexa9_0/lib/sbrk.o ps7_cortexa9_0/lib/sleep.o ps7_cortexa9_0/
TRACE::2026-09-23.16:30:10::SCWBDomain::lib/time.o ps7_cortexa9_0/lib/translation_table.o ps7_cortexa9_0/lib/unlink.o ps7_cortexa9_0/lib/usleep.o ps7_cortexa9_0/lib/ve
TRACE::2026-09-23.16:30:10::SCWBDomain::ctors.o ps7_cortexa9_0/lib/write.o ps7_cortexa9_0/lib/xadcps.o ps7_cortexa9_0/lib/xadcps_g.o ps7_cortexa9_0/lib/xadcps_intr.o p
TRACE::2026-09-23.16:30:10::SCWBDomain::s7_cortexa9_0/lib/xadcps_selftest.o ps7_cortexa9_0/lib/xadcps_sinit.o ps7_cortexa9_0/lib/xaxidma.o ps7_cortexa9_0/lib/xaxidma_b
TRACE::2026-09-23.16:30:10::SCWBDomain::d.o ps7_cortexa9_0/lib/xaxidma_bdring.o ps7_cortexa9_0/lib/xaxidma_g.o ps7_cortexa9_0/lib/xaxidma_selftest.o ps7_cortexa9_0/lib
TRACE::2026-09-23.16:30:10::SCWBDomain::/xaxidma_sinit.o ps7_cortexa9_0/lib/xcoresightpsdcc.o ps7_cortexa9_0/lib/xdevcfg.o ps7_cortexa9_0/lib/xdevcfg_g.o ps7_cortexa9_
TRACE::2026-09-23.16:30:10::SCWBDomain::0/lib/xdevcfg_hw.o ps7_cortexa9_0/lib/xdevcfg_intr.o ps7_cortexa9_0/lib/xdevcfg_selftest.o ps7_cortexa9_0/lib/xdevcfg_sinit.o p
TRACE::2026-09-23.16:30:10::SCWBDomain::s7_cortexa9_0/lib/xdmaps.o ps7_cortexa9_0/lib/xdmaps_g.o ps7_cortexa9_0/lib/xdmaps_hw.o ps7_cortexa9_0/lib/xdmaps_selftest.o ps
TRACE::2026-09-23.16:30:10::SCWBDomain::7_cortexa9_0/lib/xdmaps_sinit.o ps7_cortexa9_0/lib/xemacps.o ps7_cortexa9_0/lib/xemacps_bdring.o ps7_cortexa9_0/lib/xemacps_con
TRACE::2026-09-23.16:30:10::SCWBDomain::trol.o ps7_cortexa9_0/lib/xemacps_g.o ps7_cortexa9_0/lib/xemacps_hw.o ps7_cortexa9_0/lib/xemacps_intr.o ps7_cortexa9_0/lib/xema
TRACE::2026-09-23.16:30:10::SCWBDomain::cps_sinit.o ps7_cortexa9_0/lib/xgpiops.o ps7_cortexa9_0/lib/xgpiops_g.o ps7_cortexa9_0/lib/xgpiops_hw.o ps7_cortexa9_0/lib/xgpi
TRACE::2026-09-23.16:30:10::SCWBDomain::ops_intr.o ps7_cortexa9_0/lib/xgpiops_selftest.o ps7_cortexa9_0/lib/xgpiops_sinit.o ps7_cortexa9_0/lib/xil-crt0.o ps7_cortexa9_
TRACE::2026-09-23.16:30:10::SCWBDomain::0/lib/xil_assert.o ps7_cortexa9_0/lib/xil_cache.o ps7_cortexa9_0/lib/xil_clocking.o ps7_cortexa9_0/lib/xil_exception.o ps7_cort
TRACE::2026-09-23.16:30:10::SCWBDomain::exa9_0/lib/xil_mem.o ps7_cortexa9_0/lib/xil_misc_psreset_api.o ps7_cortexa9_0/lib/xil_mmu.o ps7_cortexa9_0/lib/xil_printf.o ps7
TRACE::2026-09-23.16:30:10::SCWBDomain::_cortexa9_0/lib/xil_sleepcommon.o ps7_cortexa9_0/lib/xil_sleeptimer.o ps7_cortexa9_0/lib/xil_spinlock.o ps7_cortexa9_0/lib/xil_
TRACE::2026-09-23.16:30:10::SCWBDomain::testcache.o ps7_cortexa9_0/lib/xil_testio.o ps7_cortexa9_0/lib/xil_testmem.o ps7_cortexa9_0/lib/xil_util.o ps7_cortexa9_0/lib/x
TRACE::2026-09-23.16:30:10::SCWBDomain::interrupt_wrap.o ps7_cortexa9_0/lib/xl2cc_counter.o ps7_cortexa9_0/lib/xplatform_info.o ps7_cortexa9_0/lib/xpm_counter.o ps7_co
TRACE::2026-09-23.16:30:10::SCWBDomain::rtexa9_0/lib/xqspips.o ps7_cortexa9_0/lib/xqspips_g.o ps7_cortexa9_0/lib/xqspips_hw.o ps7_cortexa9_0/lib/xqspips_options.o ps7_
TRACE::2026-09-23.16:30:10::SCWBDomain::cortexa9_0/lib/xqspips_selftest.o ps7_cortexa9_0/lib/xqspips_sinit.o ps7_cortexa9_0/lib/xscugic.o ps7_cortexa9_0/lib/xscugic_g.
TRACE::2026-09-23.16:30:10::SCWBDomain::o ps7_cortexa9_0/lib/xscugic_hw.o ps7_cortexa9_0/lib/xscugic_intr.o ps7_cortexa9_0/lib/xscugic_selftest.o ps7_cortexa9_0/lib/xs
TRACE::2026-09-23.16:30:10::SCWBDomain::cugic_sinit.o ps7_cortexa9_0/lib/xscutimer.o ps7_cortexa9_0/lib/xscutimer_g.o ps7_cortexa9_0/lib/xscutimer_selftest.o ps7_corte
TRACE::2026-09-23.16:30:10::SCWBDomain::xa9_0/lib/xscutimer_sinit.o ps7_cortexa9_0/lib/xscuwdt.o ps7_cortexa9_0/lib/xscuwdt_g.o ps7_cortexa9_0/lib/xscuwdt_selftest.o p
TRACE::2026-09-23.16:30:10::SCWBDomain::s7_cortexa9_0/lib/xscuwdt_sinit.o ps7_cortexa9_0/lib/xsdps.o ps7_cortexa9_0/lib/xsdps_card.o ps7_cortexa9_0/lib/xsdps_g.o ps7_c
TRACE::2026-09-23.16:30:10::SCWBDomain::ortexa9_0/lib/xsdps_host.o ps7_cortexa9_0/lib/xsdps_options.o ps7_cortexa9_0/lib/xsdps_sinit.o ps7_cortexa9_0/lib/xtime_l.o ps7
TRACE::2026-09-23.16:30:10::SCWBDomain::_cortexa9_0/lib/xuartps.o ps7_cortexa9_0/lib/xuartps_g.o ps7_cortexa9_0/lib/xuartps_hw.o ps7_cortexa9_0/lib/xuartps_intr.o ps7_
TRACE::2026-09-23.16:30:10::SCWBDomain::cortexa9_0/lib/xuartps_options.o ps7_cortexa9_0/lib/xuartps_selftest.o ps7_cortexa9_0/lib/xuartps_sinit.o ps7_cortexa9_0/lib/xu
TRACE::2026-09-23.16:30:10::SCWBDomain::sbps.o ps7_cortexa9_0/lib/xusbps_endpoint.o ps7_cortexa9_0/lib/xusbps_g.o ps7_cortexa9_0/lib/xusbps_hw.o ps7_cortexa9_0/lib/xus
TRACE::2026-09-23.16:30:10::SCWBDomain::bps_intr.o ps7_cortexa9_0/lib/xusbps_sinit.o

TRACE::2026-09-23.16:30:10::SCWBDomain::Finished building libraries

TRACE::2026-09-23.16:30:10::SCWBDomain::make[1]: Leaving directory '/users/students/r0933784/DDP/sw_package_2026/sw_project/project_sw/ecc_project_wrapper/zynq_fsbl/zy
TRACE::2026-09-23.16:30:10::SCWBDomain::nq_fsbl_bsp'

TRACE::2026-09-23.16:30:10::SCWBDomain::make[1]: Entering directory '/users/students/r0933784/DDP/sw_package_2026/sw_project/project_sw/ecc_project_wrapper/zynq_fsbl'

TRACE::2026-09-23.16:30:10::SCWBDomain::arm-none-eabi-gcc  -O2 -c -MMD -MP       -mcpu=cortex-a9 -mfpu=vfpv3 -mfloat-abi=hard  -c fsbl_hooks.c -o fsbl_hooks.o -Izynq_f
TRACE::2026-09-23.16:30:10::SCWBDomain::sbl_bsp/ps7_cortexa9_0/include -I.

TRACE::2026-09-23.16:30:10::SCWBDomain::arm-none-eabi-gcc  -O2 -c -MMD -MP       -mcpu=cortex-a9 -mfpu=vfpv3 -mfloat-abi=hard  -c image_mover.c -o image_mover.o -Izynq
TRACE::2026-09-23.16:30:10::SCWBDomain::_fsbl_bsp/ps7_cortexa9_0/include -I.

TRACE::2026-09-23.16:30:11::SCWBDomain::arm-none-eabi-gcc  -O2 -c -MMD -MP       -mcpu=cortex-a9 -mfpu=vfpv3 -mfloat-abi=hard  -c main.c -o main.o -Izynq_fsbl_bsp/ps7_
TRACE::2026-09-23.16:30:11::SCWBDomain::cortexa9_0/include -I.

TRACE::2026-09-23.16:30:11::SCWBDomain::arm-none-eabi-gcc  -O2 -c -MMD -MP       -mcpu=cortex-a9 -mfpu=vfpv3 -mfloat-abi=hard  -c md5.c -o md5.o -Izynq_fsbl_bsp/ps7_co
TRACE::2026-09-23.16:30:11::SCWBDomain::rtexa9_0/include -I.

TRACE::2026-09-23.16:30:11::SCWBDomain::arm-none-eabi-gcc  -O2 -c -MMD -MP       -mcpu=cortex-a9 -mfpu=vfpv3 -mfloat-abi=hard  -c nand.c -o nand.o -Izynq_fsbl_bsp/ps7_
TRACE::2026-09-23.16:30:11::SCWBDomain::cortexa9_0/include -I.

TRACE::2026-09-23.16:30:11::SCWBDomain::arm-none-eabi-gcc  -O2 -c -MMD -MP       -mcpu=cortex-a9 -mfpu=vfpv3 -mfloat-abi=hard  -c nor.c -o nor.o -Izynq_fsbl_bsp/ps7_co
TRACE::2026-09-23.16:30:11::SCWBDomain::rtexa9_0/include -I.

TRACE::2026-09-23.16:30:11::SCWBDomain::arm-none-eabi-gcc  -O2 -c -MMD -MP       -mcpu=cortex-a9 -mfpu=vfpv3 -mfloat-abi=hard  -c pcap.c -o pcap.o -Izynq_fsbl_bsp/ps7_
TRACE::2026-09-23.16:30:11::SCWBDomain::cortexa9_0/include -I.

TRACE::2026-09-23.16:30:11::SCWBDomain::arm-none-eabi-gcc  -O2 -c -MMD -MP       -mcpu=cortex-a9 -mfpu=vfpv3 -mfloat-abi=hard  -c ps7_init.c -o ps7_init.o -Izynq_fsbl_
TRACE::2026-09-23.16:30:11::SCWBDomain::bsp/ps7_cortexa9_0/include -I.

TRACE::2026-09-23.16:30:11::SCWBDomain::arm-none-eabi-gcc  -O2 -c -MMD -MP       -mcpu=cortex-a9 -mfpu=vfpv3 -mfloat-abi=hard  -c qspi.c -o qspi.o -Izynq_fsbl_bsp/ps7_
TRACE::2026-09-23.16:30:11::SCWBDomain::cortexa9_0/include -I.

TRACE::2026-09-23.16:30:12::SCWBDomain::arm-none-eabi-gcc  -O2 -c -MMD -MP       -mcpu=cortex-a9 -mfpu=vfpv3 -mfloat-abi=hard  -c rsa.c -o rsa.o -Izynq_fsbl_bsp/ps7_co
TRACE::2026-09-23.16:30:12::SCWBDomain::rtexa9_0/include -I.

TRACE::2026-09-23.16:30:12::SCWBDomain::arm-none-eabi-gcc  -O2 -c -MMD -MP       -mcpu=cortex-a9 -mfpu=vfpv3 -mfloat-abi=hard  -c sd.c -o sd.o -Izynq_fsbl_bsp/ps7_cort
TRACE::2026-09-23.16:30:12::SCWBDomain::exa9_0/include -I.

TRACE::2026-09-23.16:30:12::SCWBDomain::arm-none-eabi-gcc  -O2 -c -MMD -MP       -mcpu=cortex-a9 -mfpu=vfpv3 -mfloat-abi=hard  -c fsbl_handoff.S -o fsbl_handoff.o -Izy
TRACE::2026-09-23.16:30:12::SCWBDomain::nq_fsbl_bsp/ps7_cortexa9_0/include -I.

TRACE::2026-09-23.16:30:12::SCWBDomain::arm-none-eabi-gcc -o fsbl.elf fsbl_handoff.o fsbl_hooks.o image_mover.o main.o md5.o nand.o nor.o pcap.o ps7_init.o qspi.o rsa.
TRACE::2026-09-23.16:30:12::SCWBDomain::o sd.o -MMD -MP       -mcpu=cortex-a9 -mfpu=vfpv3 -mfloat-abi=hard   -mcpu=cortex-a9 -mfpu=vfpv3 -mfloat-abi=hard -Wl,-build-id
TRACE::2026-09-23.16:30:12::SCWBDomain::=none -specs=Xilinx.spec  -lrsa -Wl,--start-group,-lxil,-lgcc,-lc,--end-group -Wl,--start-group,-lxilffs,-lxil,-lgcc,-lc,--end-
TRACE::2026-09-23.16:30:12::SCWBDomain::group -Wl,--start-group,-lrsa,-lxil,-lgcc,-lc,--end-group                                     -Wl,--gc-sections -Lzynq_fsbl_bsp
TRACE::2026-09-23.16:30:12::SCWBDomain::/ps7_cortexa9_0/lib -L./ -Tlscript.ld

TRACE::2026-09-23.16:30:12::SCWBDomain::make[1]: Leaving directory '/users/students/r0933784/DDP/sw_package_2026/sw_project/project_sw/ecc_project_wrapper/zynq_fsbl'

LOG::2026-09-23.16:30:12::SCWSystem::Checking the domain standalone_domain
LOG::2026-09-23.16:30:12::SCWSystem::Not a boot domain 
LOG::2026-09-23.16:30:12::SCWSystem::Started Processing the domain standalone_domain
TRACE::2026-09-23.16:30:12::SCWDomain::Generating domain artifcats
TRACE::2026-09-23.16:30:12::SCWMssOS::Generating standalone artifcats
TRACE::2026-09-23.16:30:12::SCWMssOS::Copying the qemu file from  /users/students/r0933784/DDP/sw_package_2026/sw_project/project_sw/ecc_project_wrapper/resources/ecc_project_wrapper/standalone_domain/qemu_args.txt To /users/students/r0933784/DDP/sw_package_2026/sw_project/project_sw/ecc_project_wrapper/export/ecc_project_wrapper/sw/ecc_project_wrapper/qemu/
TRACE::2026-09-23.16:30:12::SCWMssOS::Copying the qemu file from  /users/students/r0933784/DDP/sw_package_2026/sw_project/project_sw/ecc_project_wrapper/resources/ecc_project_wrapper/standalone_domain/qemu_args.txt To /users/students/r0933784/DDP/sw_package_2026/sw_project/project_sw/ecc_project_wrapper/export/ecc_project_wrapper/sw/ecc_project_wrapper/standalone_domain/qemu/
TRACE::2026-09-23.16:30:12::SCWMssOS:: Copying the user libraries. 
TRACE::2026-09-23.16:30:12::SCWPlatform::Trying to open the hw design at /users/students/r0933784/DDP/sw_package_2026/sw_project/project_sw/ecc_project_wrapper/hw/ecc_project_wrapper.xsa
TRACE::2026-09-23.16:30:12::SCWPlatform::DSA given /users/students/r0933784/DDP/sw_package_2026/sw_project/project_sw/ecc_project_wrapper/hw/ecc_project_wrapper.xsa
TRACE::2026-09-23.16:30:12::SCWPlatform::DSA absoulate path /users/students/r0933784/DDP/sw_package_2026/sw_project/project_sw/ecc_project_wrapper/hw/ecc_project_wrapper.xsa
TRACE::2026-09-23.16:30:12::SCWPlatform::DSA directory /users/students/r0933784/DDP/sw_package_2026/sw_project/project_sw/ecc_project_wrapper/hw
TRACE::2026-09-23.16:30:12::SCWPlatform:: Platform Path /users/students/r0933784/DDP/sw_package_2026/sw_project/project_sw/ecc_project_wrapper/hw/ecc_project_wrapper.xsa
TRACE::2026-09-23.16:30:12::SCWPlatform:: Unique name xilinx:pynq-z2::0.0
TRACE::2026-09-23.16:30:12::SCWPlatform::Trying to set the existing hwdb with name rsa_project_wrapper_0
TRACE::2026-09-23.16:30:12::SCWPlatform::Opened existing hwdb rsa_project_wrapper_0
TRACE::2026-09-23.16:30:12::SCWPlatform::Found the Hw Db part of the input DSA
TRACE::2026-09-23.16:30:12::SCWMssOS::Checking the sw design at  /users/students/r0933784/DDP/sw_package_2026/sw_project/project_sw/ecc_project_wrapper/ps7_cortexa9_0/standalone_domain/bsp/system.mss
TRACE::2026-09-23.16:30:12::SCWMssOS::DEBUG:  swdes dump  /users/students/r0933784/DDP/sw_package_2026/sw_project/project_sw/ecc_project_wrapper/ps7_cortexa9_0/standalone_domain/bsp/system.mss|system_0||
/users/students/r0933784/DDP/sw_package_2026/sw_project/project_sw/ecc_project_wrapper/zynq_fsbl/zynq_fsbl_bsp/system.mss|system||

TRACE::2026-09-23.16:30:12::SCWMssOS::Sw design exists and opened at  /users/students/r0933784/DDP/sw_package_2026/sw_project/project_sw/ecc_project_wrapper/ps7_cortexa9_0/standalone_domain/bsp/system.mss
TRACE::2026-09-23.16:30:12::SCWMssOS::Completed writing the mss file at /users/students/r0933784/DDP/sw_package_2026/sw_project/project_sw/ecc_project_wrapper/ps7_cortexa9_0/standalone_domain/bsp
TRACE::2026-09-23.16:30:12::SCWMssOS::Mss edits present, copying mssfile into export location /users/students/r0933784/DDP/sw_package_2026/sw_project/project_sw/ecc_project_wrapper/ps7_cortexa9_0/standalone_domain/bsp/system.mss
TRACE::2026-09-23.16:30:12::SCWMssOS::bsp generated is upto date with the mss file. Skipping bsp generation.
TRACE::2026-09-23.16:30:12::SCWMssOS::BSP is already built. skipping the bsp build ... 
TRACE::2026-09-23.16:30:12::SCWDomain::Building the domain as part of full build :  standalone_domain
TRACE::2026-09-23.16:30:12::SCWMssOS::doing bsp build ... 
TRACE::2026-09-23.16:30:12::SCWMssOS::System Command Ran  cd  /users/students/r0933784/DDP/sw_package_2026/sw_project/project_sw/ecc_project_wrapper/ps7_cortexa9_0/standalone_domain/bsp ; bash -c "make  " 
TRACE::2026-09-23.16:30:12::SCWMssOS::make[1]: Entering directory '/users/students/r0933784/DDP/sw_package_2026/sw_project/project_sw/ecc_project_wrapper/ps7_cortexa
TRACE::2026-09-23.16:30:12::SCWMssOS::9_0/standalone_domain/bsp'

TRACE::2026-09-23.16:30:12::SCWMssOS::make --no-print-directory seq_libs

TRACE::2026-09-23.16:30:12::SCWMssOS::Finished building libraries sequentially.

TRACE::2026-09-23.16:30:12::SCWMssOS::make -j 10 --no-print-directory par_libs

TRACE::2026-09-23.16:30:12::SCWMssOS::Running Make include in ps7_cortexa9_0/libsrc/axidma_v9_16/src

TRACE::2026-09-23.16:30:12::SCWMssOS::Running Make include in ps7_cortexa9_0/libsrc/coresightps_dcc_v1_8/src

TRACE::2026-09-23.16:30:12::SCWMssOS::make -C ps7_cortexa9_0/libsrc/axidma_v9_16/src -s include  "SHELL=/bin/sh" "COMPILER=arm-none-eabi-gcc" "ASSEMBLER=arm-none-eab
TRACE::2026-09-23.16:30:12::SCWMssOS::i-as" "ARCHIVER=arm-none-eabi-ar" "COMPILER_FLAGS=  -O2 -c" "EXTRA_COMPILER_FLAGS=-mcpu=cortex-a9 -mfpu=vfpv3 -mfloat-abi=hard 
TRACE::2026-09-23.16:30:12::SCWMssOS::-nostartfiles -g -Wall -Wextra -fno-tree-loop-distribute-patterns"

TRACE::2026-09-23.16:30:12::SCWMssOS::make -C ps7_cortexa9_0/libsrc/coresightps_dcc_v1_8/src -s include  "SHELL=/bin/sh" "COMPILER=arm-none-eabi-gcc" "ASSEMBLER=arm-
TRACE::2026-09-23.16:30:12::SCWMssOS::none-eabi-as" "ARCHIVER=arm-none-eabi-ar" "COMPILER_FLAGS=  -O2 -c" "EXTRA_COMPILER_FLAGS=-mcpu=cortex-a9 -mfpu=vfpv3 -mfloat-a
TRACE::2026-09-23.16:30:12::SCWMssOS::bi=hard -nostartfiles -g -Wall -Wextra -fno-tree-loop-distribute-patterns"

TRACE::2026-09-23.16:30:12::SCWMssOS::Running Make include in ps7_cortexa9_0/libsrc/cpu_cortexa9_v2_11/src

TRACE::2026-09-23.16:30:12::SCWMssOS::make -C ps7_cortexa9_0/libsrc/cpu_cortexa9_v2_11/src -s include  "SHELL=/bin/sh" "COMPILER=arm-none-eabi-gcc" "ASSEMBLER=arm-no
TRACE::2026-09-23.16:30:12::SCWMssOS::ne-eabi-as" "ARCHIVER=arm-none-eabi-ar" "COMPILER_FLAGS=  -O2 -c" "EXTRA_COMPILER_FLAGS=-mcpu=cortex-a9 -mfpu=vfpv3 -mfloat-abi
TRACE::2026-09-23.16:30:12::SCWMssOS::=hard -nostartfiles -g -Wall -Wextra -fno-tree-loop-distribute-patterns"

TRACE::2026-09-23.16:30:12::SCWMssOS::Running Make include in ps7_cortexa9_0/libsrc/ddrps_v1_2/src

TRACE::2026-09-23.16:30:12::SCWMssOS::make -C ps7_cortexa9_0/libsrc/ddrps_v1_2/src -s include  "SHELL=/bin/sh" "COMPILER=arm-none-eabi-gcc" "ASSEMBLER=arm-none-eabi-
TRACE::2026-09-23.16:30:12::SCWMssOS::as" "ARCHIVER=arm-none-eabi-ar" "COMPILER_FLAGS=  -O2 -c" "EXTRA_COMPILER_FLAGS=-mcpu=cortex-a9 -mfpu=vfpv3 -mfloat-abi=hard -n
TRACE::2026-09-23.16:30:12::SCWMssOS::ostartfiles -g -Wall -Wextra -fno-tree-loop-distribute-patterns"

TRACE::2026-09-23.16:30:12::SCWMssOS::Running Make include in ps7_cortexa9_0/libsrc/devcfg_v3_7/src

TRACE::2026-09-23.16:30:12::SCWMssOS::make -C ps7_cortexa9_0/libsrc/devcfg_v3_7/src -s include  "SHELL=/bin/sh" "COMPILER=arm-none-eabi-gcc" "ASSEMBLER=arm-none-eabi
TRACE::2026-09-23.16:30:12::SCWMssOS::-as" "ARCHIVER=arm-none-eabi-ar" "COMPILER_FLAGS=  -O2 -c" "EXTRA_COMPILER_FLAGS=-mcpu=cortex-a9 -mfpu=vfpv3 -mfloat-abi=hard -
TRACE::2026-09-23.16:30:12::SCWMssOS::nostartfiles -g -Wall -Wextra -fno-tree-loop-distribute-patterns"

TRACE::2026-09-23.16:30:12::SCWMssOS::Running Make include in ps7_cortexa9_0/libsrc/dmaps_v2_8/src

TRACE::2026-09-23.16:30:12::SCWMssOS::Running Make include in ps7_cortexa9_0/libsrc/emacps_v3_18/src

TRACE::2026-09-23.16:30:12::SCWMssOS::make -C ps7_cortexa9_0/libsrc/dmaps_v2_8/src -s include  "SHELL=/bin/sh" "COMPILER=arm-none-eabi-gcc" "ASSEMBLER=arm-none-eabi-
TRACE::2026-09-23.16:30:12::SCWMssOS::as" "ARCHIVER=arm-none-eabi-ar" "COMPILER_FLAGS=  -O2 -c" "EXTRA_COMPILER_FLAGS=-mcpu=cortex-a9 -mfpu=vfpv3 -mfloat-abi=hard -n
TRACE::2026-09-23.16:30:12::SCWMssOS::ostartfiles -g -Wall -Wextra -fno-tree-loop-distribute-patterns"

TRACE::2026-09-23.16:30:12::SCWMssOS::make -C ps7_cortexa9_0/libsrc/emacps_v3_18/src -s include  "SHELL=/bin/sh" "COMPILER=arm-none-eabi-gcc" "ASSEMBLER=arm-none-eab
TRACE::2026-09-23.16:30:12::SCWMssOS::i-as" "ARCHIVER=arm-none-eabi-ar" "COMPILER_FLAGS=  -O2 -c" "EXTRA_COMPILER_FLAGS=-mcpu=cortex-a9 -mfpu=vfpv3 -mfloat-abi=hard 
TRACE::2026-09-23.16:30:12::SCWMssOS::-nostartfiles -g -Wall -Wextra -fno-tree-loop-distribute-patterns"

TRACE::2026-09-23.16:30:12::SCWMssOS::Running Make include in ps7_cortexa9_0/libsrc/gpiops_v3_11/src

TRACE::2026-09-23.16:30:12::SCWMssOS::make -C ps7_cortexa9_0/libsrc/gpiops_v3_11/src -s include  "SHELL=/bin/sh" "COMPILER=arm-none-eabi-gcc" "ASSEMBLER=arm-none-eab
TRACE::2026-09-23.16:30:12::SCWMssOS::i-as" "ARCHIVER=arm-none-eabi-ar" "COMPILER_FLAGS=  -O2 -c" "EXTRA_COMPILER_FLAGS=-mcpu=cortex-a9 -mfpu=vfpv3 -mfloat-abi=hard 
TRACE::2026-09-23.16:30:12::SCWMssOS::-nostartfiles -g -Wall -Wextra -fno-tree-loop-distribute-patterns"

TRACE::2026-09-23.16:30:12::SCWMssOS::Running Make include in ps7_cortexa9_0/libsrc/qspips_v3_10/src

TRACE::2026-09-23.16:30:12::SCWMssOS::make -C ps7_cortexa9_0/libsrc/qspips_v3_10/src -s include  "SHELL=/bin/sh" "COMPILER=arm-none-eabi-gcc" "ASSEMBLER=arm-none-eab
TRACE::2026-09-23.16:30:12::SCWMssOS::i-as" "ARCHIVER=arm-none-eabi-ar" "COMPILER_FLAGS=  -O2 -c" "EXTRA_COMPILER_FLAGS=-mcpu=cortex-a9 -mfpu=vfpv3 -mfloat-abi=hard 
TRACE::2026-09-23.16:30:12::SCWMssOS::-nostartfiles -g -Wall -Wextra -fno-tree-loop-distribute-patterns"

TRACE::2026-09-23.16:30:12::SCWMssOS::Running Make include in ps7_cortexa9_0/libsrc/scugic_v5_1/src

TRACE::2026-09-23.16:30:12::SCWMssOS::make -C ps7_cortexa9_0/libsrc/scugic_v5_1/src -s include  "SHELL=/bin/sh" "COMPILER=arm-none-eabi-gcc" "ASSEMBLER=arm-none-eabi
TRACE::2026-09-23.16:30:12::SCWMssOS::-as" "ARCHIVER=arm-none-eabi-ar" "COMPILER_FLAGS=  -O2 -c" "EXTRA_COMPILER_FLAGS=-mcpu=cortex-a9 -mfpu=vfpv3 -mfloat-abi=hard -
TRACE::2026-09-23.16:30:12::SCWMssOS::nostartfiles -g -Wall -Wextra -fno-tree-loop-distribute-patterns"

TRACE::2026-09-23.16:30:12::SCWMssOS::Running Make include in ps7_cortexa9_0/libsrc/scutimer_v2_4/src

TRACE::2026-09-23.16:30:12::SCWMssOS::make -C ps7_cortexa9_0/libsrc/scutimer_v2_4/src -s include  "SHELL=/bin/sh" "COMPILER=arm-none-eabi-gcc" "ASSEMBLER=arm-none-ea
TRACE::2026-09-23.16:30:12::SCWMssOS::bi-as" "ARCHIVER=arm-none-eabi-ar" "COMPILER_FLAGS=  -O2 -c" "EXTRA_COMPILER_FLAGS=-mcpu=cortex-a9 -mfpu=vfpv3 -mfloat-abi=hard
TRACE::2026-09-23.16:30:12::SCWMssOS:: -nostartfiles -g -Wall -Wextra -fno-tree-loop-distribute-patterns"

TRACE::2026-09-23.16:30:12::SCWMssOS::Running Make include in ps7_cortexa9_0/libsrc/scuwdt_v2_4/src

TRACE::2026-09-23.16:30:12::SCWMssOS::make -C ps7_cortexa9_0/libsrc/scuwdt_v2_4/src -s include  "SHELL=/bin/sh" "COMPILER=arm-none-eabi-gcc" "ASSEMBLER=arm-none-eabi
TRACE::2026-09-23.16:30:12::SCWMssOS::-as" "ARCHIVER=arm-none-eabi-ar" "COMPILER_FLAGS=  -O2 -c" "EXTRA_COMPILER_FLAGS=-mcpu=cortex-a9 -mfpu=vfpv3 -mfloat-abi=hard -
TRACE::2026-09-23.16:30:12::SCWMssOS::nostartfiles -g -Wall -Wextra -fno-tree-loop-distribute-patterns"

TRACE::2026-09-23.16:30:12::SCWMssOS::Running Make include in ps7_cortexa9_0/libsrc/sdps_v4_1/src

TRACE::2026-09-23.16:30:12::SCWMssOS::make -C ps7_cortexa9_0/libsrc/sdps_v4_1/src -s include  "SHELL=/bin/sh" "COMPILER=arm-none-eabi-gcc" "ASSEMBLER=arm-none-eabi-a
TRACE::2026-09-23.16:30:12::SCWMssOS::s" "ARCHIVER=arm-none-eabi-ar" "COMPILER_FLAGS=  -O2 -c" "EXTRA_COMPILER_FLAGS=-mcpu=cortex-a9 -mfpu=vfpv3 -mfloat-abi=hard -no
TRACE::2026-09-23.16:30:12::SCWMssOS::startfiles -g -Wall -Wextra -fno-tree-loop-distribute-patterns"

TRACE::2026-09-23.16:30:12::SCWMssOS::Running Make include in ps7_cortexa9_0/libsrc/standalone_v8_1/src

TRACE::2026-09-23.16:30:12::SCWMssOS::Running Make include in ps7_cortexa9_0/libsrc/uartps_v3_12/src

TRACE::2026-09-23.16:30:12::SCWMssOS::Running Make include in ps7_cortexa9_0/libsrc/usbps_v2_7/src

TRACE::2026-09-23.16:30:12::SCWMssOS::Running Make include in ps7_cortexa9_0/libsrc/xadcps_v2_6/src

TRACE::2026-09-23.16:30:12::SCWMssOS::make -C ps7_cortexa9_0/libsrc/standalone_v8_1/src -s include  "SHELL=/bin/sh" "COMPILER=arm-none-eabi-gcc" "ASSEMBLER=arm-none-
TRACE::2026-09-23.16:30:12::SCWMssOS::eabi-as" "ARCHIVER=arm-none-eabi-ar" "COMPILER_FLAGS=  -O2 -c" "EXTRA_COMPILER_FLAGS=-mcpu=cortex-a9 -mfpu=vfpv3 -mfloat-abi=ha
TRACE::2026-09-23.16:30:12::SCWMssOS::rd -nostartfiles -g -Wall -Wextra -fno-tree-loop-distribute-patterns"

TRACE::2026-09-23.16:30:12::SCWMssOS::make -C ps7_cortexa9_0/libsrc/uartps_v3_12/src -s include  "SHELL=/bin/sh" "COMPILER=arm-none-eabi-gcc" "ASSEMBLER=arm-none-eab
TRACE::2026-09-23.16:30:12::SCWMssOS::i-as" "ARCHIVER=arm-none-eabi-ar" "COMPILER_FLAGS=  -O2 -c" "EXTRA_COMPILER_FLAGS=-mcpu=cortex-a9 -mfpu=vfpv3 -mfloat-abi=hard 
TRACE::2026-09-23.16:30:12::SCWMssOS::-nostartfiles -g -Wall -Wextra -fno-tree-loop-distribute-patterns"

TRACE::2026-09-23.16:30:12::SCWMssOS::make -C ps7_cortexa9_0/libsrc/usbps_v2_7/src -s include  "SHELL=/bin/sh" "COMPILER=arm-none-eabi-gcc" "ASSEMBLER=arm-none-eabi-
TRACE::2026-09-23.16:30:12::SCWMssOS::as" "ARCHIVER=arm-none-eabi-ar" "COMPILER_FLAGS=  -O2 -c" "EXTRA_COMPILER_FLAGS=-mcpu=cortex-a9 -mfpu=vfpv3 -mfloat-abi=hard -n
TRACE::2026-09-23.16:30:12::SCWMssOS::ostartfiles -g -Wall -Wextra -fno-tree-loop-distribute-patterns"

TRACE::2026-09-23.16:30:12::SCWMssOS::make -C ps7_cortexa9_0/libsrc/xadcps_v2_6/src -s include  "SHELL=/bin/sh" "COMPILER=arm-none-eabi-gcc" "ASSEMBLER=arm-none-eabi
TRACE::2026-09-23.16:30:12::SCWMssOS::-as" "ARCHIVER=arm-none-eabi-ar" "COMPILER_FLAGS=  -O2 -c" "EXTRA_COMPILER_FLAGS=-mcpu=cortex-a9 -mfpu=vfpv3 -mfloat-abi=hard -
TRACE::2026-09-23.16:30:12::SCWMssOS::nostartfiles -g -Wall -Wextra -fno-tree-loop-distribute-patterns"

TRACE::2026-09-23.16:30:13::SCWMssOS::Running Make libs in ps7_cortexa9_0/libsrc/axidma_v9_16/src

TRACE::2026-09-23.16:30:13::SCWMssOS::make -C ps7_cortexa9_0/libsrc/axidma_v9_16/src -s libs  "SHELL=/bin/sh" "COMPILER=arm-none-eabi-gcc" "ASSEMBLER=arm-none-eabi-a
TRACE::2026-09-23.16:30:13::SCWMssOS::s" "ARCHIVER=arm-none-eabi-ar" "COMPILER_FLAGS=  -O2 -c" "EXTRA_COMPILER_FLAGS=-mcpu=cortex-a9 -mfpu=vfpv3 -mfloat-abi=hard -no
TRACE::2026-09-23.16:30:13::SCWMssOS::startfiles -g -Wall -Wextra -fno-tree-loop-distribute-patterns"

TRACE::2026-09-23.16:30:13::SCWMssOS::Running Make libs in ps7_cortexa9_0/libsrc/coresightps_dcc_v1_8/src

TRACE::2026-09-23.16:30:13::SCWMssOS::make -C ps7_cortexa9_0/libsrc/coresightps_dcc_v1_8/src -s libs  "SHELL=/bin/sh" "COMPILER=arm-none-eabi-gcc" "ASSEMBLER=arm-non
TRACE::2026-09-23.16:30:13::SCWMssOS::e-eabi-as" "ARCHIVER=arm-none-eabi-ar" "COMPILER_FLAGS=  -O2 -c" "EXTRA_COMPILER_FLAGS=-mcpu=cortex-a9 -mfpu=vfpv3 -mfloat-abi=
TRACE::2026-09-23.16:30:13::SCWMssOS::hard -nostartfiles -g -Wall -Wextra -fno-tree-loop-distribute-patterns"

TRACE::2026-09-23.16:30:13::SCWMssOS::Running Make libs in ps7_cortexa9_0/libsrc/cpu_cortexa9_v2_11/src

TRACE::2026-09-23.16:30:13::SCWMssOS::Running Make libs in ps7_cortexa9_0/libsrc/ddrps_v1_2/src

TRACE::2026-09-23.16:30:13::SCWMssOS::Running Make libs in ps7_cortexa9_0/libsrc/devcfg_v3_7/src

TRACE::2026-09-23.16:30:13::SCWMssOS::make -C ps7_cortexa9_0/libsrc/cpu_cortexa9_v2_11/src -s libs  "SHELL=/bin/sh" "COMPILER=arm-none-eabi-gcc" "ASSEMBLER=arm-none-
TRACE::2026-09-23.16:30:13::SCWMssOS::eabi-as" "ARCHIVER=arm-none-eabi-ar" "COMPILER_FLAGS=  -O2 -c" "EXTRA_COMPILER_FLAGS=-mcpu=cortex-a9 -mfpu=vfpv3 -mfloat-abi=ha
TRACE::2026-09-23.16:30:13::SCWMssOS::rd -nostartfiles -g -Wall -Wextra -fno-tree-loop-distribute-patterns"

TRACE::2026-09-23.16:30:13::SCWMssOS::make -C ps7_cortexa9_0/libsrc/ddrps_v1_2/src -s libs  "SHELL=/bin/sh" "COMPILER=arm-none-eabi-gcc" "ASSEMBLER=arm-none-eabi-as"
TRACE::2026-09-23.16:30:13::SCWMssOS:: "ARCHIVER=arm-none-eabi-ar" "COMPILER_FLAGS=  -O2 -c" "EXTRA_COMPILER_FLAGS=-mcpu=cortex-a9 -mfpu=vfpv3 -mfloat-abi=hard -nost
TRACE::2026-09-23.16:30:13::SCWMssOS::artfiles -g -Wall -Wextra -fno-tree-loop-distribute-patterns"

TRACE::2026-09-23.16:30:13::SCWMssOS::Running Make libs in ps7_cortexa9_0/libsrc/dmaps_v2_8/src

TRACE::2026-09-23.16:30:13::SCWMssOS::make -C ps7_cortexa9_0/libsrc/devcfg_v3_7/src -s libs  "SHELL=/bin/sh" "COMPILER=arm-none-eabi-gcc" "ASSEMBLER=arm-none-eabi-as
TRACE::2026-09-23.16:30:13::SCWMssOS::" "ARCHIVER=arm-none-eabi-ar" "COMPILER_FLAGS=  -O2 -c" "EXTRA_COMPILER_FLAGS=-mcpu=cortex-a9 -mfpu=vfpv3 -mfloat-abi=hard -nos
TRACE::2026-09-23.16:30:13::SCWMssOS::tartfiles -g -Wall -Wextra -fno-tree-loop-distribute-patterns"

TRACE::2026-09-23.16:30:13::SCWMssOS::make -C ps7_cortexa9_0/libsrc/dmaps_v2_8/src -s libs  "SHELL=/bin/sh" "COMPILER=arm-none-eabi-gcc" "ASSEMBLER=arm-none-eabi-as"
TRACE::2026-09-23.16:30:13::SCWMssOS:: "ARCHIVER=arm-none-eabi-ar" "COMPILER_FLAGS=  -O2 -c" "EXTRA_COMPILER_FLAGS=-mcpu=cortex-a9 -mfpu=vfpv3 -mfloat-abi=hard -nost
TRACE::2026-09-23.16:30:13::SCWMssOS::artfiles -g -Wall -Wextra -fno-tree-loop-distribute-patterns"

TRACE::2026-09-23.16:30:13::SCWMssOS::Running Make libs in ps7_cortexa9_0/libsrc/emacps_v3_18/src

TRACE::2026-09-23.16:30:13::SCWMssOS::make -C ps7_cortexa9_0/libsrc/emacps_v3_18/src -s libs  "SHELL=/bin/sh" "COMPILER=arm-none-eabi-gcc" "ASSEMBLER=arm-none-eabi-a
TRACE::2026-09-23.16:30:13::SCWMssOS::s" "ARCHIVER=arm-none-eabi-ar" "COMPILER_FLAGS=  -O2 -c" "EXTRA_COMPILER_FLAGS=-mcpu=cortex-a9 -mfpu=vfpv3 -mfloat-abi=hard -no
TRACE::2026-09-23.16:30:13::SCWMssOS::startfiles -g -Wall -Wextra -fno-tree-loop-distribute-patterns"

TRACE::2026-09-23.16:30:13::SCWMssOS::Running Make libs in ps7_cortexa9_0/libsrc/gpiops_v3_11/src

TRACE::2026-09-23.16:30:13::SCWMssOS::make -C ps7_cortexa9_0/libsrc/gpiops_v3_11/src -s libs  "SHELL=/bin/sh" "COMPILER=arm-none-eabi-gcc" "ASSEMBLER=arm-none-eabi-a
TRACE::2026-09-23.16:30:13::SCWMssOS::s" "ARCHIVER=arm-none-eabi-ar" "COMPILER_FLAGS=  -O2 -c" "EXTRA_COMPILER_FLAGS=-mcpu=cortex-a9 -mfpu=vfpv3 -mfloat-abi=hard -no
TRACE::2026-09-23.16:30:13::SCWMssOS::startfiles -g -Wall -Wextra -fno-tree-loop-distribute-patterns"

TRACE::2026-09-23.16:30:13::SCWMssOS::Running Make libs in ps7_cortexa9_0/libsrc/qspips_v3_10/src

TRACE::2026-09-23.16:30:13::SCWMssOS::make -C ps7_cortexa9_0/libsrc/qspips_v3_10/src -s libs  "SHELL=/bin/sh" "COMPILER=arm-none-eabi-gcc" "ASSEMBLER=arm-none-eabi-a
TRACE::2026-09-23.16:30:13::SCWMssOS::s" "ARCHIVER=arm-none-eabi-ar" "COMPILER_FLAGS=  -O2 -c" "EXTRA_COMPILER_FLAGS=-mcpu=cortex-a9 -mfpu=vfpv3 -mfloat-abi=hard -no
TRACE::2026-09-23.16:30:13::SCWMssOS::startfiles -g -Wall -Wextra -fno-tree-loop-distribute-patterns"

TRACE::2026-09-23.16:30:13::SCWMssOS::Running Make libs in ps7_cortexa9_0/libsrc/scugic_v5_1/src

TRACE::2026-09-23.16:30:13::SCWMssOS::make -C ps7_cortexa9_0/libsrc/scugic_v5_1/src -s libs  "SHELL=/bin/sh" "COMPILER=arm-none-eabi-gcc" "ASSEMBLER=arm-none-eabi-as
TRACE::2026-09-23.16:30:13::SCWMssOS::" "ARCHIVER=arm-none-eabi-ar" "COMPILER_FLAGS=  -O2 -c" "EXTRA_COMPILER_FLAGS=-mcpu=cortex-a9 -mfpu=vfpv3 -mfloat-abi=hard -nos
TRACE::2026-09-23.16:30:13::SCWMssOS::tartfiles -g -Wall -Wextra -fno-tree-loop-distribute-patterns"

TRACE::2026-09-23.16:30:13::SCWMssOS::Running Make libs in ps7_cortexa9_0/libsrc/scuwdt_v2_4/src

TRACE::2026-09-23.16:30:13::SCWMssOS::make -C ps7_cortexa9_0/libsrc/scuwdt_v2_4/src -s libs  "SHELL=/bin/sh" "COMPILER=arm-none-eabi-gcc" "ASSEMBLER=arm-none-eabi-as
TRACE::2026-09-23.16:30:13::SCWMssOS::" "ARCHIVER=arm-none-eabi-ar" "COMPILER_FLAGS=  -O2 -c" "EXTRA_COMPILER_FLAGS=-mcpu=cortex-a9 -mfpu=vfpv3 -mfloat-abi=hard -nos
TRACE::2026-09-23.16:30:13::SCWMssOS::tartfiles -g -Wall -Wextra -fno-tree-loop-distribute-patterns"

TRACE::2026-09-23.16:30:13::SCWMssOS::Running Make libs in ps7_cortexa9_0/libsrc/scutimer_v2_4/src

TRACE::2026-09-23.16:30:13::SCWMssOS::make -C ps7_cortexa9_0/libsrc/scutimer_v2_4/src -s libs  "SHELL=/bin/sh" "COMPILER=arm-none-eabi-gcc" "ASSEMBLER=arm-none-eabi-
TRACE::2026-09-23.16:30:13::SCWMssOS::as" "ARCHIVER=arm-none-eabi-ar" "COMPILER_FLAGS=  -O2 -c" "EXTRA_COMPILER_FLAGS=-mcpu=cortex-a9 -mfpu=vfpv3 -mfloat-abi=hard -n
TRACE::2026-09-23.16:30:13::SCWMssOS::ostartfiles -g -Wall -Wextra -fno-tree-loop-distribute-patterns"

TRACE::2026-09-23.16:30:13::SCWMssOS::Running Make libs in ps7_cortexa9_0/libsrc/sdps_v4_1/src

TRACE::2026-09-23.16:30:13::SCWMssOS::make -C ps7_cortexa9_0/libsrc/sdps_v4_1/src -s libs  "SHELL=/bin/sh" "COMPILER=arm-none-eabi-gcc" "ASSEMBLER=arm-none-eabi-as" 
TRACE::2026-09-23.16:30:13::SCWMssOS::"ARCHIVER=arm-none-eabi-ar" "COMPILER_FLAGS=  -O2 -c" "EXTRA_COMPILER_FLAGS=-mcpu=cortex-a9 -mfpu=vfpv3 -mfloat-abi=hard -nosta
TRACE::2026-09-23.16:30:13::SCWMssOS::rtfiles -g -Wall -Wextra -fno-tree-loop-distribute-patterns"

TRACE::2026-09-23.16:30:13::SCWMssOS::Running Make libs in ps7_cortexa9_0/libsrc/standalone_v8_1/src

TRACE::2026-09-23.16:30:13::SCWMssOS::make -C ps7_cortexa9_0/libsrc/standalone_v8_1/src -s libs  "SHELL=/bin/sh" "COMPILER=arm-none-eabi-gcc" "ASSEMBLER=arm-none-eab
TRACE::2026-09-23.16:30:13::SCWMssOS::i-as" "ARCHIVER=arm-none-eabi-ar" "COMPILER_FLAGS=  -O2 -c" "EXTRA_COMPILER_FLAGS=-mcpu=cortex-a9 -mfpu=vfpv3 -mfloat-abi=hard 
TRACE::2026-09-23.16:30:13::SCWMssOS::-nostartfiles -g -Wall -Wextra -fno-tree-loop-distribute-patterns"

TRACE::2026-09-23.16:30:13::SCWMssOS::Running Make libs in ps7_cortexa9_0/libsrc/uartps_v3_12/src

TRACE::2026-09-23.16:30:13::SCWMssOS::make -C ps7_cortexa9_0/libsrc/uartps_v3_12/src -s libs  "SHELL=/bin/sh" "COMPILER=arm-none-eabi-gcc" "ASSEMBLER=arm-none-eabi-a
TRACE::2026-09-23.16:30:13::SCWMssOS::s" "ARCHIVER=arm-none-eabi-ar" "COMPILER_FLAGS=  -O2 -c" "EXTRA_COMPILER_FLAGS=-mcpu=cortex-a9 -mfpu=vfpv3 -mfloat-abi=hard -no
TRACE::2026-09-23.16:30:13::SCWMssOS::startfiles -g -Wall -Wextra -fno-tree-loop-distribute-patterns"

TRACE::2026-09-23.16:30:13::SCWMssOS::Running Make libs in ps7_cortexa9_0/libsrc/usbps_v2_7/src

TRACE::2026-09-23.16:30:13::SCWMssOS::make -C ps7_cortexa9_0/libsrc/usbps_v2_7/src -s libs  "SHELL=/bin/sh" "COMPILER=arm-none-eabi-gcc" "ASSEMBLER=arm-none-eabi-as"
TRACE::2026-09-23.16:30:13::SCWMssOS:: "ARCHIVER=arm-none-eabi-ar" "COMPILER_FLAGS=  -O2 -c" "EXTRA_COMPILER_FLAGS=-mcpu=cortex-a9 -mfpu=vfpv3 -mfloat-abi=hard -nost
TRACE::2026-09-23.16:30:13::SCWMssOS::artfiles -g -Wall -Wextra -fno-tree-loop-distribute-patterns"

TRACE::2026-09-23.16:30:13::SCWMssOS::Running Make libs in ps7_cortexa9_0/libsrc/xadcps_v2_6/src

TRACE::2026-09-23.16:30:13::SCWMssOS::make -C ps7_cortexa9_0/libsrc/xadcps_v2_6/src -s libs  "SHELL=/bin/sh" "COMPILER=arm-none-eabi-gcc" "ASSEMBLER=arm-none-eabi-as
TRACE::2026-09-23.16:30:13::SCWMssOS::" "ARCHIVER=arm-none-eabi-ar" "COMPILER_FLAGS=  -O2 -c" "EXTRA_COMPILER_FLAGS=-mcpu=cortex-a9 -mfpu=vfpv3 -mfloat-abi=hard -nos
TRACE::2026-09-23.16:30:13::SCWMssOS::tartfiles -g -Wall -Wextra -fno-tree-loop-distribute-patterns"

TRACE::2026-09-23.16:30:14::SCWMssOS::Finished building libraries parallelly.

TRACE::2026-09-23.16:30:14::SCWMssOS::make --no-print-directory archive

TRACE::2026-09-23.16:30:14::SCWMssOS::arm-none-eabi-ar -r  ps7_cortexa9_0/lib/libxil.a ps7_cortexa9_0/lib/_exit.o ps7_cortexa9_0/lib/_open.o ps7_cortexa9_0/lib/_sbrk
TRACE::2026-09-23.16:30:14::SCWMssOS::.o ps7_cortexa9_0/lib/abort.o ps7_cortexa9_0/lib/asm_vectors.o ps7_cortexa9_0/lib/boot.o ps7_cortexa9_0/lib/close.o ps7_cortexa
TRACE::2026-09-23.16:30:14::SCWMssOS::9_0/lib/cpputest_time.o ps7_cortexa9_0/lib/cpu_init.o ps7_cortexa9_0/lib/errno.o ps7_cortexa9_0/lib/fcntl.o ps7_cortexa9_0/lib/
TRACE::2026-09-23.16:30:14::SCWMssOS::fstat.o ps7_cortexa9_0/lib/getentropy.o ps7_cortexa9_0/lib/getpid.o ps7_cortexa9_0/lib/inbyte.o ps7_cortexa9_0/lib/isatty.o ps7
TRACE::2026-09-23.16:30:14::SCWMssOS::_cortexa9_0/lib/kill.o ps7_cortexa9_0/lib/lseek.o ps7_cortexa9_0/lib/open.o ps7_cortexa9_0/lib/outbyte.o ps7_cortexa9_0/lib/pri
TRACE::2026-09-23.16:30:14::SCWMssOS::nt.o ps7_cortexa9_0/lib/putnum.o ps7_cortexa9_0/lib/read.o ps7_cortexa9_0/lib/sbrk.o ps7_cortexa9_0/lib/sleep.o ps7_cortexa9_0/
TRACE::2026-09-23.16:30:14::SCWMssOS::lib/time.o ps7_cortexa9_0/lib/translation_table.o ps7_cortexa9_0/lib/unlink.o ps7_cortexa9_0/lib/usleep.o ps7_cortexa9_0/lib/ve
TRACE::2026-09-23.16:30:14::SCWMssOS::ctors.o ps7_cortexa9_0/lib/write.o ps7_cortexa9_0/lib/xadcps.o ps7_cortexa9_0/lib/xadcps_g.o ps7_cortexa9_0/lib/xadcps_intr.o p
TRACE::2026-09-23.16:30:14::SCWMssOS::s7_cortexa9_0/lib/xadcps_selftest.o ps7_cortexa9_0/lib/xadcps_sinit.o ps7_cortexa9_0/lib/xaxidma.o ps7_cortexa9_0/lib/xaxidma_b
TRACE::2026-09-23.16:30:14::SCWMssOS::d.o ps7_cortexa9_0/lib/xaxidma_bdring.o ps7_cortexa9_0/lib/xaxidma_g.o ps7_cortexa9_0/lib/xaxidma_selftest.o ps7_cortexa9_0/lib
TRACE::2026-09-23.16:30:14::SCWMssOS::/xaxidma_sinit.o ps7_cortexa9_0/lib/xcoresightpsdcc.o ps7_cortexa9_0/lib/xdevcfg.o ps7_cortexa9_0/lib/xdevcfg_g.o ps7_cortexa9_
TRACE::2026-09-23.16:30:14::SCWMssOS::0/lib/xdevcfg_hw.o ps7_cortexa9_0/lib/xdevcfg_intr.o ps7_cortexa9_0/lib/xdevcfg_selftest.o ps7_cortexa9_0/lib/xdevcfg_sinit.o p
TRACE::2026-09-23.16:30:14::SCWMssOS::s7_cortexa9_0/lib/xdmaps.o ps7_cortexa9_0/lib/xdmaps_g.o ps7_cortexa9_0/lib/xdmaps_hw.o ps7_cortexa9_0/lib/xdmaps_selftest.o ps
TRACE::2026-09-23.16:30:14::SCWMssOS::7_cortexa9_0/lib/xdmaps_sinit.o ps7_cortexa9_0/lib/xemacps.o ps7_cortexa9_0/lib/xemacps_bdring.o ps7_cortexa9_0/lib/xemacps_con
TRACE::2026-09-23.16:30:14::SCWMssOS::trol.o ps7_cortexa9_0/lib/xemacps_g.o ps7_cortexa9_0/lib/xemacps_hw.o ps7_cortexa9_0/lib/xemacps_intr.o ps7_cortexa9_0/lib/xema
TRACE::2026-09-23.16:30:14::SCWMssOS::cps_sinit.o ps7_cortexa9_0/lib/xgpiops.o ps7_cortexa9_0/lib/xgpiops_g.o ps7_cortexa9_0/lib/xgpiops_hw.o ps7_cortexa9_0/lib/xgpi
TRACE::2026-09-23.16:30:14::SCWMssOS::ops_intr.o ps7_cortexa9_0/lib/xgpiops_selftest.o ps7_cortexa9_0/lib/xgpiops_sinit.o ps7_cortexa9_0/lib/xil-crt0.o ps7_cortexa9_
TRACE::2026-09-23.16:30:14::SCWMssOS::0/lib/xil_assert.o ps7_cortexa9_0/lib/xil_cache.o ps7_cortexa9_0/lib/xil_clocking.o ps7_cortexa9_0/lib/xil_exception.o ps7_cort
TRACE::2026-09-23.16:30:14::SCWMssOS::exa9_0/lib/xil_mem.o ps7_cortexa9_0/lib/xil_misc_psreset_api.o ps7_cortexa9_0/lib/xil_mmu.o ps7_cortexa9_0/lib/xil_printf.o ps7
TRACE::2026-09-23.16:30:14::SCWMssOS::_cortexa9_0/lib/xil_sleepcommon.o ps7_cortexa9_0/lib/xil_sleeptimer.o ps7_cortexa9_0/lib/xil_spinlock.o ps7_cortexa9_0/lib/xil_
TRACE::2026-09-23.16:30:14::SCWMssOS::testcache.o ps7_cortexa9_0/lib/xil_testio.o ps7_cortexa9_0/lib/xil_testmem.o ps7_cortexa9_0/lib/xil_util.o ps7_cortexa9_0/lib/x
TRACE::2026-09-23.16:30:14::SCWMssOS::interrupt_wrap.o ps7_cortexa9_0/lib/xl2cc_counter.o ps7_cortexa9_0/lib/xplatform_info.o ps7_cortexa9_0/lib/xpm_counter.o ps7_co
TRACE::2026-09-23.16:30:14::SCWMssOS::rtexa9_0/lib/xqspips.o ps7_cortexa9_0/lib/xqspips_g.o ps7_cortexa9_0/lib/xqspips_hw.o ps7_cortexa9_0/lib/xqspips_options.o ps7_
TRACE::2026-09-23.16:30:14::SCWMssOS::cortexa9_0/lib/xqspips_selftest.o ps7_cortexa9_0/lib/xqspips_sinit.o ps7_cortexa9_0/lib/xscugic.o ps7_cortexa9_0/lib/xscugic_g.
TRACE::2026-09-23.16:30:14::SCWMssOS::o ps7_cortexa9_0/lib/xscugic_hw.o ps7_cortexa9_0/lib/xscugic_intr.o ps7_cortexa9_0/lib/xscugic_selftest.o ps7_cortexa9_0/lib/xs
TRACE::2026-09-23.16:30:14::SCWMssOS::cugic_sinit.o ps7_cortexa9_0/lib/xscutimer.o ps7_cortexa9_0/lib/xscutimer_g.o ps7_cortexa9_0/lib/xscutimer_selftest.o ps7_corte
TRACE::2026-09-23.16:30:14::SCWMssOS::xa9_0/lib/xscutimer_sinit.o ps7_cortexa9_0/lib/xscuwdt.o ps7_cortexa9_0/lib/xscuwdt_g.o ps7_cortexa9_0/lib/xscuwdt_selftest.o p
TRACE::2026-09-23.16:30:14::SCWMssOS::s7_cortexa9_0/lib/xscuwdt_sinit.o ps7_cortexa9_0/lib/xsdps.o ps7_cortexa9_0/lib/xsdps_card.o ps7_cortexa9_0/lib/xsdps_g.o ps7_c
TRACE::2026-09-23.16:30:14::SCWMssOS::ortexa9_0/lib/xsdps_host.o ps7_cortexa9_0/lib/xsdps_options.o ps7_cortexa9_0/lib/xsdps_sinit.o ps7_cortexa9_0/lib/xtime_l.o ps7
TRACE::2026-09-23.16:30:14::SCWMssOS::_cortexa9_0/lib/xuartps.o ps7_cortexa9_0/lib/xuartps_g.o ps7_cortexa9_0/lib/xuartps_hw.o ps7_cortexa9_0/lib/xuartps_intr.o ps7_
TRACE::2026-09-23.16:30:14::SCWMssOS::cortexa9_0/lib/xuartps_options.o ps7_cortexa9_0/lib/xuartps_selftest.o ps7_cortexa9_0/lib/xuartps_sinit.o ps7_cortexa9_0/lib/xu
TRACE::2026-09-23.16:30:14::SCWMssOS::sbps.o ps7_cortexa9_0/lib/xusbps_endpoint.o ps7_cortexa9_0/lib/xusbps_g.o ps7_cortexa9_0/lib/xusbps_hw.o ps7_cortexa9_0/lib/xus
TRACE::2026-09-23.16:30:14::SCWMssOS::bps_intr.o ps7_cortexa9_0/lib/xusbps_sinit.o

TRACE::2026-09-23.16:30:14::SCWMssOS::Finished building libraries

TRACE::2026-09-23.16:30:14::SCWMssOS::make[1]: Leaving directory '/users/students/r0933784/DDP/sw_package_2026/sw_project/project_sw/ecc_project_wrapper/ps7_cortexa9
TRACE::2026-09-23.16:30:14::SCWMssOS::_0/standalone_domain/bsp'

TRACE::2026-09-23.16:30:16::SCWMssOS::Copying to export directory.
TRACE::2026-09-23.16:30:18::SCWMssOS:: Checking if to create the Supporting Applications
TRACE::2026-09-23.16:30:18::SCWMssOS:: No Linux domain exists, trying to generate FSBL 
LOG::2026-09-23.16:30:18::SCWSystem::Completed Processing the domain standalone_domain
LOG::2026-09-23.16:30:18::SCWSystem::Completed Processing the sysconfig ecc_project_wrapper
LOG::2026-09-23.16:30:18::SCWPlatform::Completed generating the artifacts for system configuration ecc_project_wrapper
TRACE::2026-09-23.16:30:18::SCWPlatform::Started preparing the platform 
TRACE::2026-09-23.16:30:18::SCWSystem::Writing the bif file for system config ecc_project_wrapper
TRACE::2026-09-23.16:30:18::SCWSystem::dir created 
TRACE::2026-09-23.16:30:18::SCWSystem::Writing the bif 
TRACE::2026-09-23.16:30:18::SCWPlatform::Started writing the spfm file 
TRACE::2026-09-23.16:30:18::SCWPlatform::Started writing the xpfm file 
TRACE::2026-09-23.16:30:18::SCWPlatform::Completed generating the platform
TRACE::2026-09-23.16:30:18::SCWMssOS::Saving the mss changes /users/students/r0933784/DDP/sw_package_2026/sw_project/project_sw/ecc_project_wrapper/zynq_fsbl/zynq_fsbl_bsp/system.mss
TRACE::2026-09-23.16:30:18::SCWMssOS::Found a swdesign opened with the mssfile.
TRACE::2026-09-23.16:30:18::SCWMssOS::Completed writemss as part of save.
TRACE::2026-09-23.16:30:18::SCWMssOS::Commit changes completed.
TRACE::2026-09-23.16:30:18::SCWMssOS::Saving the mss changes /users/students/r0933784/DDP/sw_package_2026/sw_project/project_sw/ecc_project_wrapper/ps7_cortexa9_0/standalone_domain/bsp/system.mss
TRACE::2026-09-23.16:30:18::SCWMssOS::Found a swdesign opened with the mssfile.
TRACE::2026-09-23.16:30:18::SCWMssOS::Completed writemss as part of save.
TRACE::2026-09-23.16:30:18::SCWMssOS::Commit changes completed.
TRACE::2026-09-23.16:30:18::SCWPlatform::Trying to open the hw design at /users/students/r0933784/DDP/sw_package_2026/sw_project/project_sw/ecc_project_wrapper/hw/ecc_project_wrapper.xsa
TRACE::2026-09-23.16:30:18::SCWPlatform::DSA given /users/students/r0933784/DDP/sw_package_2026/sw_project/project_sw/ecc_project_wrapper/hw/ecc_project_wrapper.xsa
TRACE::2026-09-23.16:30:18::SCWPlatform::DSA absoulate path /users/students/r0933784/DDP/sw_package_2026/sw_project/project_sw/ecc_project_wrapper/hw/ecc_project_wrapper.xsa
TRACE::2026-09-23.16:30:18::SCWPlatform::DSA directory /users/students/r0933784/DDP/sw_package_2026/sw_project/project_sw/ecc_project_wrapper/hw
TRACE::2026-09-23.16:30:18::SCWPlatform:: Platform Path /users/students/r0933784/DDP/sw_package_2026/sw_project/project_sw/ecc_project_wrapper/hw/ecc_project_wrapper.xsa
TRACE::2026-09-23.16:30:18::SCWPlatform:: Unique name xilinx:pynq-z2::0.0
TRACE::2026-09-23.16:30:18::SCWPlatform::Trying to set the existing hwdb with name rsa_project_wrapper_0
TRACE::2026-09-23.16:30:18::SCWPlatform::Opened existing hwdb rsa_project_wrapper_0
TRACE::2026-09-23.16:30:18::SCWPlatform::Found the Hw Db part of the input DSA
TRACE::2026-09-23.16:30:18::SCWMssOS::Checking the sw design at  /users/students/r0933784/DDP/sw_package_2026/sw_project/project_sw/ecc_project_wrapper/zynq_fsbl/zynq_fsbl_bsp/system.mss
TRACE::2026-09-23.16:30:18::SCWMssOS::DEBUG:  swdes dump  /users/students/r0933784/DDP/sw_package_2026/sw_project/project_sw/ecc_project_wrapper/ps7_cortexa9_0/standalone_domain/bsp/system.mss|system_0||
/users/students/r0933784/DDP/sw_package_2026/sw_project/project_sw/ecc_project_wrapper/zynq_fsbl/zynq_fsbl_bsp/system.mss|system||

TRACE::2026-09-23.16:30:18::SCWMssOS::Sw design exists and opened at  /users/students/r0933784/DDP/sw_package_2026/sw_project/project_sw/ecc_project_wrapper/zynq_fsbl/zynq_fsbl_bsp/system.mss
TRACE::2026-09-23.16:30:18::SCWPlatform::Trying to open the hw design at /users/students/r0933784/DDP/sw_package_2026/sw_project/project_sw/ecc_project_wrapper/hw/ecc_project_wrapper.xsa
TRACE::2026-09-23.16:30:18::SCWPlatform::DSA given /users/students/r0933784/DDP/sw_package_2026/sw_project/project_sw/ecc_project_wrapper/hw/ecc_project_wrapper.xsa
TRACE::2026-09-23.16:30:18::SCWPlatform::DSA absoulate path /users/students/r0933784/DDP/sw_package_2026/sw_project/project_sw/ecc_project_wrapper/hw/ecc_project_wrapper.xsa
TRACE::2026-09-23.16:30:18::SCWPlatform::DSA directory /users/students/r0933784/DDP/sw_package_2026/sw_project/project_sw/ecc_project_wrapper/hw
TRACE::2026-09-23.16:30:18::SCWPlatform:: Platform Path /users/students/r0933784/DDP/sw_package_2026/sw_project/project_sw/ecc_project_wrapper/hw/ecc_project_wrapper.xsa
TRACE::2026-09-23.16:30:18::SCWPlatform:: Unique name xilinx:pynq-z2::0.0
TRACE::2026-09-23.16:30:18::SCWPlatform::Trying to set the existing hwdb with name rsa_project_wrapper_0
TRACE::2026-09-23.16:30:18::SCWPlatform::Opened existing hwdb rsa_project_wrapper_0
TRACE::2026-09-23.16:30:18::SCWPlatform::Found the Hw Db part of the input DSA
TRACE::2026-09-23.16:30:18::SCWMssOS::Checking the sw design at  /users/students/r0933784/DDP/sw_package_2026/sw_project/project_sw/ecc_project_wrapper/zynq_fsbl/zynq_fsbl_bsp/system.mss
TRACE::2026-09-23.16:30:18::SCWMssOS::DEBUG:  swdes dump  /users/students/r0933784/DDP/sw_package_2026/sw_project/project_sw/ecc_project_wrapper/ps7_cortexa9_0/standalone_domain/bsp/system.mss|system_0||
/users/students/r0933784/DDP/sw_package_2026/sw_project/project_sw/ecc_project_wrapper/zynq_fsbl/zynq_fsbl_bsp/system.mss|system||

TRACE::2026-09-23.16:30:18::SCWMssOS::Sw design exists and opened at  /users/students/r0933784/DDP/sw_package_2026/sw_project/project_sw/ecc_project_wrapper/zynq_fsbl/zynq_fsbl_bsp/system.mss
TRACE::2026-09-23.16:30:18::SCWPlatform::Trying to open the hw design at /users/students/r0933784/DDP/sw_package_2026/sw_project/project_sw/ecc_project_wrapper/hw/ecc_project_wrapper.xsa
TRACE::2026-09-23.16:30:18::SCWPlatform::DSA given /users/students/r0933784/DDP/sw_package_2026/sw_project/project_sw/ecc_project_wrapper/hw/ecc_project_wrapper.xsa
TRACE::2026-09-23.16:30:18::SCWPlatform::DSA absoulate path /users/students/r0933784/DDP/sw_package_2026/sw_project/project_sw/ecc_project_wrapper/hw/ecc_project_wrapper.xsa
TRACE::2026-09-23.16:30:18::SCWPlatform::DSA directory /users/students/r0933784/DDP/sw_package_2026/sw_project/project_sw/ecc_project_wrapper/hw
TRACE::2026-09-23.16:30:18::SCWPlatform:: Platform Path /users/students/r0933784/DDP/sw_package_2026/sw_project/project_sw/ecc_project_wrapper/hw/ecc_project_wrapper.xsa
TRACE::2026-09-23.16:30:18::SCWPlatform:: Unique name xilinx:pynq-z2::0.0
TRACE::2026-09-23.16:30:18::SCWPlatform::Trying to set the existing hwdb with name rsa_project_wrapper_0
TRACE::2026-09-23.16:30:18::SCWPlatform::Opened existing hwdb rsa_project_wrapper_0
TRACE::2026-09-23.16:30:18::SCWPlatform::Found the Hw Db part of the input DSA
TRACE::2026-09-23.16:30:18::SCWMssOS::Checking the sw design at  /users/students/r0933784/DDP/sw_package_2026/sw_project/project_sw/ecc_project_wrapper/zynq_fsbl/zynq_fsbl_bsp/system.mss
TRACE::2026-09-23.16:30:18::SCWMssOS::DEBUG:  swdes dump  /users/students/r0933784/DDP/sw_package_2026/sw_project/project_sw/ecc_project_wrapper/ps7_cortexa9_0/standalone_domain/bsp/system.mss|system_0||
/users/students/r0933784/DDP/sw_package_2026/sw_project/project_sw/ecc_project_wrapper/zynq_fsbl/zynq_fsbl_bsp/system.mss|system||

TRACE::2026-09-23.16:30:18::SCWMssOS::Sw design exists and opened at  /users/students/r0933784/DDP/sw_package_2026/sw_project/project_sw/ecc_project_wrapper/zynq_fsbl/zynq_fsbl_bsp/system.mss
TRACE::2026-09-23.16:30:18::SCWPlatform::Trying to open the hw design at /users/students/r0933784/DDP/sw_package_2026/sw_project/project_sw/ecc_project_wrapper/hw/ecc_project_wrapper.xsa
TRACE::2026-09-23.16:30:18::SCWPlatform::DSA given /users/students/r0933784/DDP/sw_package_2026/sw_project/project_sw/ecc_project_wrapper/hw/ecc_project_wrapper.xsa
TRACE::2026-09-23.16:30:18::SCWPlatform::DSA absoulate path /users/students/r0933784/DDP/sw_package_2026/sw_project/project_sw/ecc_project_wrapper/hw/ecc_project_wrapper.xsa
TRACE::2026-09-23.16:30:18::SCWPlatform::DSA directory /users/students/r0933784/DDP/sw_package_2026/sw_project/project_sw/ecc_project_wrapper/hw
TRACE::2026-09-23.16:30:18::SCWPlatform:: Platform Path /users/students/r0933784/DDP/sw_package_2026/sw_project/project_sw/ecc_project_wrapper/hw/ecc_project_wrapper.xsa
TRACE::2026-09-23.16:30:18::SCWPlatform:: Unique name xilinx:pynq-z2::0.0
TRACE::2026-09-23.16:30:18::SCWPlatform::Trying to set the existing hwdb with name rsa_project_wrapper_0
TRACE::2026-09-23.16:30:18::SCWPlatform::Opened existing hwdb rsa_project_wrapper_0
TRACE::2026-09-23.16:30:18::SCWPlatform::Found the Hw Db part of the input DSA
TRACE::2026-09-23.16:30:18::SCWMssOS::Checking the sw design at  /users/students/r0933784/DDP/sw_package_2026/sw_project/project_sw/ecc_project_wrapper/ps7_cortexa9_0/standalone_domain/bsp/system.mss
TRACE::2026-09-23.16:30:18::SCWMssOS::DEBUG:  swdes dump  /users/students/r0933784/DDP/sw_package_2026/sw_project/project_sw/ecc_project_wrapper/ps7_cortexa9_0/standalone_domain/bsp/system.mss|system_0||
/users/students/r0933784/DDP/sw_package_2026/sw_project/project_sw/ecc_project_wrapper/zynq_fsbl/zynq_fsbl_bsp/system.mss|system||

TRACE::2026-09-23.16:30:18::SCWMssOS::Sw design exists and opened at  /users/students/r0933784/DDP/sw_package_2026/sw_project/project_sw/ecc_project_wrapper/ps7_cortexa9_0/standalone_domain/bsp/system.mss
TRACE::2026-09-23.16:30:18::SCWPlatform::Trying to open the hw design at /users/students/r0933784/DDP/sw_package_2026/sw_project/project_sw/ecc_project_wrapper/hw/ecc_project_wrapper.xsa
TRACE::2026-09-23.16:30:18::SCWPlatform::DSA given /users/students/r0933784/DDP/sw_package_2026/sw_project/project_sw/ecc_project_wrapper/hw/ecc_project_wrapper.xsa
TRACE::2026-09-23.16:30:18::SCWPlatform::DSA absoulate path /users/students/r0933784/DDP/sw_package_2026/sw_project/project_sw/ecc_project_wrapper/hw/ecc_project_wrapper.xsa
TRACE::2026-09-23.16:30:18::SCWPlatform::DSA directory /users/students/r0933784/DDP/sw_package_2026/sw_project/project_sw/ecc_project_wrapper/hw
TRACE::2026-09-23.16:30:18::SCWPlatform:: Platform Path /users/students/r0933784/DDP/sw_package_2026/sw_project/project_sw/ecc_project_wrapper/hw/ecc_project_wrapper.xsa
TRACE::2026-09-23.16:30:18::SCWPlatform:: Unique name xilinx:pynq-z2::0.0
TRACE::2026-09-23.16:30:18::SCWPlatform::Trying to set the existing hwdb with name rsa_project_wrapper_0
TRACE::2026-09-23.16:30:18::SCWPlatform::Opened existing hwdb rsa_project_wrapper_0
TRACE::2026-09-23.16:30:18::SCWPlatform::Found the Hw Db part of the input DSA
TRACE::2026-09-23.16:30:18::SCWMssOS::Checking the sw design at  /users/students/r0933784/DDP/sw_package_2026/sw_project/project_sw/ecc_project_wrapper/ps7_cortexa9_0/standalone_domain/bsp/system.mss
TRACE::2026-09-23.16:30:18::SCWMssOS::DEBUG:  swdes dump  /users/students/r0933784/DDP/sw_package_2026/sw_project/project_sw/ecc_project_wrapper/ps7_cortexa9_0/standalone_domain/bsp/system.mss|system_0||
/users/students/r0933784/DDP/sw_package_2026/sw_project/project_sw/ecc_project_wrapper/zynq_fsbl/zynq_fsbl_bsp/system.mss|system||

TRACE::2026-09-23.16:30:18::SCWMssOS::Sw design exists and opened at  /users/students/r0933784/DDP/sw_package_2026/sw_project/project_sw/ecc_project_wrapper/ps7_cortexa9_0/standalone_domain/bsp/system.mss
TRACE::2026-09-23.16:30:18::SCWPlatform::Trying to open the hw design at /users/students/r0933784/DDP/sw_package_2026/sw_project/project_sw/ecc_project_wrapper/hw/ecc_project_wrapper.xsa
TRACE::2026-09-23.16:30:18::SCWPlatform::DSA given /users/students/r0933784/DDP/sw_package_2026/sw_project/project_sw/ecc_project_wrapper/hw/ecc_project_wrapper.xsa
TRACE::2026-09-23.16:30:18::SCWPlatform::DSA absoulate path /users/students/r0933784/DDP/sw_package_2026/sw_project/project_sw/ecc_project_wrapper/hw/ecc_project_wrapper.xsa
TRACE::2026-09-23.16:30:18::SCWPlatform::DSA directory /users/students/r0933784/DDP/sw_package_2026/sw_project/project_sw/ecc_project_wrapper/hw
TRACE::2026-09-23.16:30:18::SCWPlatform:: Platform Path /users/students/r0933784/DDP/sw_package_2026/sw_project/project_sw/ecc_project_wrapper/hw/ecc_project_wrapper.xsa
TRACE::2026-09-23.16:30:18::SCWPlatform:: Unique name xilinx:pynq-z2::0.0
TRACE::2026-09-23.16:30:18::SCWPlatform::Trying to set the existing hwdb with name rsa_project_wrapper_0
TRACE::2026-09-23.16:30:18::SCWPlatform::Opened existing hwdb rsa_project_wrapper_0
TRACE::2026-09-23.16:30:18::SCWPlatform::Found the Hw Db part of the input DSA
TRACE::2026-09-23.16:30:18::SCWMssOS::Checking the sw design at  /users/students/r0933784/DDP/sw_package_2026/sw_project/project_sw/ecc_project_wrapper/ps7_cortexa9_0/standalone_domain/bsp/system.mss
TRACE::2026-09-23.16:30:18::SCWMssOS::DEBUG:  swdes dump  /users/students/r0933784/DDP/sw_package_2026/sw_project/project_sw/ecc_project_wrapper/ps7_cortexa9_0/standalone_domain/bsp/system.mss|system_0||
/users/students/r0933784/DDP/sw_package_2026/sw_project/project_sw/ecc_project_wrapper/zynq_fsbl/zynq_fsbl_bsp/system.mss|system||

TRACE::2026-09-23.16:30:18::SCWMssOS::Sw design exists and opened at  /users/students/r0933784/DDP/sw_package_2026/sw_project/project_sw/ecc_project_wrapper/ps7_cortexa9_0/standalone_domain/bsp/system.mss
TRACE::2026-09-23.16:30:18::SCWWriter::formatted JSON is {
	"platformName":	"ecc_project_wrapper",
	"sprVersion":	"2.0",
	"mode":	"cmd",
	"dsaType":	"Fixed",
	"platformDesc":	"ecc_project_wrapper",
	"platHandOff":	"src/tcl/ecc_project_wrapper.xsa",
	"platIntHandOff":	"<platformDir>/hw/ecc_project_wrapper.xsa",
	"deviceType":	"zynq",
	"platIsPrebuiltAutogen":	"false",
	"platIsNoBootBsp":	"false",
	"platFsblTarget":	"ps7_cortexa9_0",
	"hasFsblMakeHasChanges":	"false",
	"hasPmufwMakeHasChanges":	"false",
	"fsblExtraCompilerFlags":	"-MMD -MP       -mcpu=cortex-a9 -mfpu=vfpv3 -mfloat-abi=hard ",
	"platPreBuiltFlag":	false,
	"platformSamplesDir":	"",
	"platActiveSys":	"ecc_project_wrapper",
	"systems":	[{
			"systemName":	"ecc_project_wrapper",
			"systemDesc":	"ecc_project_wrapper",
			"sysIsBootAutoGen":	"true",
			"systemDispName":	"ecc_project_wrapper",
			"sysActiveDom":	"standalone_domain",
			"sysDefaultDom":	"standalone_domain",
			"domains":	[{
					"domainName":	"zynq_fsbl",
					"domainDispName":	"zynq_fsbl",
					"domainDesc":	"FSBL Application BSP - Auto Generated.",
					"processors":	"ps7_cortexa9_0",
					"os":	"standalone",
					"sdxOs":	"standalone",
					"debugEnable":	"",
					"domRuntimes":	["cpp"],
					"swRepo":	"",
					"mssOsVer":	"8.1",
					"mssFile":	"",
					"md5Digest":	"2c92122f18c5fd40d52fe668ff4c852c",
					"compatibleApp":	"zynq_fsbl",
					"domType":	"bootDomain",
					"arch":	"32-bit",
					"appSettings":	{
						"appCompilerFlags":	"",
						"appLinkerFlags":	""
					},
					"addedLibs":	["xilffs:5.0", "xilrsa:1.6"],
					"libOptions":	{
						"libsContainingOptions":	[]
					},
					"prebuiltLibs":	{
						"prebuiltIncPath":	[],
						"prebuiltLibPath":	[]
					},
					"isolation":	{
					}
				}, {
					"domainName":	"standalone_domain",
					"domainDispName":	"standalone on ps7_cortexa9_0",
					"domainDesc":	"standalone_domain",
					"processors":	"ps7_cortexa9_0",
					"os":	"standalone",
					"sdxOs":	"standalone",
					"qemuArgs":	"<platformDir>/resources/ecc_project_wrapper/standalone_domain/qemu_args.txt",
					"qemuData":	"<platformDir>/resources/ecc_project_wrapper/standalone_domain/qemu",
					"debugEnable":	"False",
					"domRuntimes":	["cpp"],
					"swRepo":	"",
					"mssOsVer":	"8.1",
					"mssFile":	"",
					"md5Digest":	"5458ab32d357d609abddc6af46557d25",
					"compatibleApp":	"hello_world",
					"domType":	"mssDomain",
					"arch":	"32-bit",
					"appSettings":	{
						"appCompilerFlags":	"",
						"appLinkerFlags":	""
					},
					"addedLibs":	[],
					"libOptions":	{
						"libsContainingOptions":	[]
					},
					"prebuiltLibs":	{
						"prebuiltIncPath":	[],
						"prebuiltLibPath":	[]
					},
					"isolation":	{
					}
				}]
		}]
}
KEYINFO::2026-09-23.16:30:18::SCWPlatform::updated the xpfm file.
TRACE::2026-09-23.16:30:19::SCWPlatform::Trying to open the hw design at /users/students/r0933784/DDP/sw_package_2026/sw_project/project_sw/ecc_project_wrapper/hw/ecc_project_wrapper.xsa
TRACE::2026-09-23.16:30:19::SCWPlatform::DSA given /users/students/r0933784/DDP/sw_package_2026/sw_project/project_sw/ecc_project_wrapper/hw/ecc_project_wrapper.xsa
TRACE::2026-09-23.16:30:19::SCWPlatform::DSA absoulate path /users/students/r0933784/DDP/sw_package_2026/sw_project/project_sw/ecc_project_wrapper/hw/ecc_project_wrapper.xsa
TRACE::2026-09-23.16:30:19::SCWPlatform::DSA directory /users/students/r0933784/DDP/sw_package_2026/sw_project/project_sw/ecc_project_wrapper/hw
TRACE::2026-09-23.16:30:19::SCWPlatform:: Platform Path /users/students/r0933784/DDP/sw_package_2026/sw_project/project_sw/ecc_project_wrapper/hw/ecc_project_wrapper.xsa
TRACE::2026-09-23.16:30:19::SCWPlatform:: Unique name xilinx:pynq-z2::0.0
TRACE::2026-09-23.16:30:19::SCWPlatform::Trying to set the existing hwdb with name rsa_project_wrapper_0
TRACE::2026-09-23.16:30:19::SCWPlatform::Opened existing hwdb rsa_project_wrapper_0
TRACE::2026-09-23.16:30:19::SCWPlatform::Found the Hw Db part of the input DSA
TRACE::2026-09-23.16:30:19::SCWMssOS::Checking the sw design at  /users/students/r0933784/DDP/sw_package_2026/sw_project/project_sw/ecc_project_wrapper/ps7_cortexa9_0/standalone_domain/bsp/system.mss
TRACE::2026-09-23.16:30:19::SCWMssOS::DEBUG:  swdes dump  /users/students/r0933784/DDP/sw_package_2026/sw_project/project_sw/ecc_project_wrapper/ps7_cortexa9_0/standalone_domain/bsp/system.mss|system_0||
/users/students/r0933784/DDP/sw_package_2026/sw_project/project_sw/ecc_project_wrapper/zynq_fsbl/zynq_fsbl_bsp/system.mss|system||

TRACE::2026-09-23.16:30:19::SCWMssOS::Sw design exists and opened at  /users/students/r0933784/DDP/sw_package_2026/sw_project/project_sw/ecc_project_wrapper/ps7_cortexa9_0/standalone_domain/bsp/system.mss
TRACE::2026-09-23.16:33:00::SCWPlatform::Trying to open the hw design at /users/students/r0933784/DDP/sw_package_2026/sw_project/project_sw/ecc_project_wrapper/hw/ecc_project_wrapper.xsa
TRACE::2026-09-23.16:33:00::SCWPlatform::DSA given /users/students/r0933784/DDP/sw_package_2026/sw_project/project_sw/ecc_project_wrapper/hw/ecc_project_wrapper.xsa
TRACE::2026-09-23.16:33:00::SCWPlatform::DSA absoulate path /users/students/r0933784/DDP/sw_package_2026/sw_project/project_sw/ecc_project_wrapper/hw/ecc_project_wrapper.xsa
TRACE::2026-09-23.16:33:00::SCWPlatform::DSA directory /users/students/r0933784/DDP/sw_package_2026/sw_project/project_sw/ecc_project_wrapper/hw
TRACE::2026-09-23.16:33:00::SCWPlatform:: Platform Path /users/students/r0933784/DDP/sw_package_2026/sw_project/project_sw/ecc_project_wrapper/hw/ecc_project_wrapper.xsa
TRACE::2026-09-23.16:33:00::SCWPlatform:: Unique name xilinx:pynq-z2::0.0
TRACE::2026-09-23.16:33:00::SCWPlatform::Do not have an existing db opened. 
TRACE::2026-09-23.16:33:01::SCWPlatform::Opened new HwDB with name rsa_project_wrapper
TRACE::2026-09-23.16:33:01::SCWReader::Active system found as  ecc_project_wrapper
TRACE::2026-09-23.16:33:01::SCWReader::Handling sysconfig ecc_project_wrapper
TRACE::2026-09-23.16:33:01::SCWDomain::checking for install qemu data   : 
TRACE::2026-09-23.16:33:01::SCWDomain:: Using the QEMU Data from install at  : /esat/micas-data/software/Xilinx/vitis_2023.1/Vitis/2023.1/data/emulation/platforms/zynq/sw/a9_standalone/qemu/
TRACE::2026-09-23.16:33:01::SCWDomain:: Using the QEMU args  from install at  : /esat/micas-data/software/Xilinx/vitis_2023.1/Vitis/2023.1/data/emulation/platforms/zynq/sw/a9_standalone/qemu/qemu_args.txt
TRACE::2026-09-23.16:33:01::SCWPlatform::Trying to open the hw design at /users/students/r0933784/DDP/sw_package_2026/sw_project/project_sw/ecc_project_wrapper/hw/ecc_project_wrapper.xsa
TRACE::2026-09-23.16:33:01::SCWPlatform::DSA given /users/students/r0933784/DDP/sw_package_2026/sw_project/project_sw/ecc_project_wrapper/hw/ecc_project_wrapper.xsa
TRACE::2026-09-23.16:33:01::SCWPlatform::DSA absoulate path /users/students/r0933784/DDP/sw_package_2026/sw_project/project_sw/ecc_project_wrapper/hw/ecc_project_wrapper.xsa
TRACE::2026-09-23.16:33:01::SCWPlatform::DSA directory /users/students/r0933784/DDP/sw_package_2026/sw_project/project_sw/ecc_project_wrapper/hw
TRACE::2026-09-23.16:33:01::SCWPlatform:: Platform Path /users/students/r0933784/DDP/sw_package_2026/sw_project/project_sw/ecc_project_wrapper/hw/ecc_project_wrapper.xsa
TRACE::2026-09-23.16:33:01::SCWPlatform:: Unique name xilinx:pynq-z2::0.0
TRACE::2026-09-23.16:33:01::SCWPlatform::Trying to set the existing hwdb with name rsa_project_wrapper
TRACE::2026-09-23.16:33:01::SCWPlatform::Opened existing hwdb rsa_project_wrapper
TRACE::2026-09-23.16:33:01::SCWPlatform::Found the Hw Db part of the input DSA
TRACE::2026-09-23.16:33:01::SCWPlatform::Trying to open the hw design at /users/students/r0933784/DDP/sw_package_2026/sw_project/project_sw/ecc_project_wrapper/hw/ecc_project_wrapper.xsa
TRACE::2026-09-23.16:33:01::SCWPlatform::DSA given /users/students/r0933784/DDP/sw_package_2026/sw_project/project_sw/ecc_project_wrapper/hw/ecc_project_wrapper.xsa
TRACE::2026-09-23.16:33:01::SCWPlatform::DSA absoulate path /users/students/r0933784/DDP/sw_package_2026/sw_project/project_sw/ecc_project_wrapper/hw/ecc_project_wrapper.xsa
TRACE::2026-09-23.16:33:01::SCWPlatform::DSA directory /users/students/r0933784/DDP/sw_package_2026/sw_project/project_sw/ecc_project_wrapper/hw
TRACE::2026-09-23.16:33:01::SCWPlatform:: Platform Path /users/students/r0933784/DDP/sw_package_2026/sw_project/project_sw/ecc_project_wrapper/hw/ecc_project_wrapper.xsa
TRACE::2026-09-23.16:33:01::SCWPlatform:: Unique name xilinx:pynq-z2::0.0
TRACE::2026-09-23.16:33:01::SCWPlatform::Trying to set the existing hwdb with name rsa_project_wrapper
TRACE::2026-09-23.16:33:01::SCWPlatform::Opened existing hwdb rsa_project_wrapper
TRACE::2026-09-23.16:33:01::SCWPlatform::Found the Hw Db part of the input DSA
TRACE::2026-09-23.16:33:01::SCWPlatform::Trying to open the hw design at /users/students/r0933784/DDP/sw_package_2026/sw_project/project_sw/ecc_project_wrapper/hw/ecc_project_wrapper.xsa
TRACE::2026-09-23.16:33:01::SCWPlatform::DSA given /users/students/r0933784/DDP/sw_package_2026/sw_project/project_sw/ecc_project_wrapper/hw/ecc_project_wrapper.xsa
TRACE::2026-09-23.16:33:01::SCWPlatform::DSA absoulate path /users/students/r0933784/DDP/sw_package_2026/sw_project/project_sw/ecc_project_wrapper/hw/ecc_project_wrapper.xsa
TRACE::2026-09-23.16:33:01::SCWPlatform::DSA directory /users/students/r0933784/DDP/sw_package_2026/sw_project/project_sw/ecc_project_wrapper/hw
TRACE::2026-09-23.16:33:01::SCWPlatform:: Platform Path /users/students/r0933784/DDP/sw_package_2026/sw_project/project_sw/ecc_project_wrapper/hw/ecc_project_wrapper.xsa
TRACE::2026-09-23.16:33:01::SCWPlatform:: Unique name xilinx:pynq-z2::0.0
TRACE::2026-09-23.16:33:01::SCWPlatform::Trying to set the existing hwdb with name rsa_project_wrapper
TRACE::2026-09-23.16:33:01::SCWPlatform::Opened existing hwdb rsa_project_wrapper
TRACE::2026-09-23.16:33:01::SCWPlatform::Found the Hw Db part of the input DSA
TRACE::2026-09-23.16:33:01::SCWReader::Boot application domain added for zynq_fsbl
TRACE::2026-09-23.16:33:01::SCWPlatform::Trying to open the hw design at /users/students/r0933784/DDP/sw_package_2026/sw_project/project_sw/ecc_project_wrapper/hw/ecc_project_wrapper.xsa
TRACE::2026-09-23.16:33:01::SCWPlatform::DSA given /users/students/r0933784/DDP/sw_package_2026/sw_project/project_sw/ecc_project_wrapper/hw/ecc_project_wrapper.xsa
TRACE::2026-09-23.16:33:01::SCWPlatform::DSA absoulate path /users/students/r0933784/DDP/sw_package_2026/sw_project/project_sw/ecc_project_wrapper/hw/ecc_project_wrapper.xsa
TRACE::2026-09-23.16:33:01::SCWPlatform::DSA directory /users/students/r0933784/DDP/sw_package_2026/sw_project/project_sw/ecc_project_wrapper/hw
TRACE::2026-09-23.16:33:01::SCWPlatform:: Platform Path /users/students/r0933784/DDP/sw_package_2026/sw_project/project_sw/ecc_project_wrapper/hw/ecc_project_wrapper.xsa
TRACE::2026-09-23.16:33:01::SCWPlatform:: Unique name xilinx:pynq-z2::0.0
TRACE::2026-09-23.16:33:01::SCWPlatform::Trying to set the existing hwdb with name rsa_project_wrapper
TRACE::2026-09-23.16:33:01::SCWPlatform::Opened existing hwdb rsa_project_wrapper
TRACE::2026-09-23.16:33:01::SCWPlatform::Found the Hw Db part of the input DSA
TRACE::2026-09-23.16:33:01::SCWMssOS::Checking the sw design at  /users/students/r0933784/DDP/sw_package_2026/sw_project/project_sw/ecc_project_wrapper/zynq_fsbl/zynq_fsbl_bsp/system.mss
TRACE::2026-09-23.16:33:01::SCWMssOS::DEBUG:  swdes dump  
TRACE::2026-09-23.16:33:01::SCWMssOS::No sw design opened at  /users/students/r0933784/DDP/sw_package_2026/sw_project/project_sw/ecc_project_wrapper/zynq_fsbl/zynq_fsbl_bsp/system.mss
TRACE::2026-09-23.16:33:01::SCWMssOS::mss exists loading the mss file  /users/students/r0933784/DDP/sw_package_2026/sw_project/project_sw/ecc_project_wrapper/zynq_fsbl/zynq_fsbl_bsp/system.mss
TRACE::2026-09-23.16:33:01::SCWMssOS::Opened the sw design from mss  /users/students/r0933784/DDP/sw_package_2026/sw_project/project_sw/ecc_project_wrapper/zynq_fsbl/zynq_fsbl_bsp/system.mss
TRACE::2026-09-23.16:33:01::SCWMssOS::Adding the swdes entry /users/students/r0933784/DDP/sw_package_2026/sw_project/project_sw/ecc_project_wrapper/zynq_fsbl/zynq_fsbl_bsp/system.mss with des name system
TRACE::2026-09-23.16:33:01::SCWMssOS::updating the scw layer about changes
TRACE::2026-09-23.16:33:01::SCWMssOS::Opened the sw design.  /users/students/r0933784/DDP/sw_package_2026/sw_project/project_sw/ecc_project_wrapper/zynq_fsbl/zynq_fsbl_bsp/system.mss
TRACE::2026-09-23.16:33:01::SCWPlatform::Trying to open the hw design at /users/students/r0933784/DDP/sw_package_2026/sw_project/project_sw/ecc_project_wrapper/hw/ecc_project_wrapper.xsa
TRACE::2026-09-23.16:33:01::SCWPlatform::DSA given /users/students/r0933784/DDP/sw_package_2026/sw_project/project_sw/ecc_project_wrapper/hw/ecc_project_wrapper.xsa
TRACE::2026-09-23.16:33:01::SCWPlatform::DSA absoulate path /users/students/r0933784/DDP/sw_package_2026/sw_project/project_sw/ecc_project_wrapper/hw/ecc_project_wrapper.xsa
TRACE::2026-09-23.16:33:01::SCWPlatform::DSA directory /users/students/r0933784/DDP/sw_package_2026/sw_project/project_sw/ecc_project_wrapper/hw
TRACE::2026-09-23.16:33:01::SCWPlatform:: Platform Path /users/students/r0933784/DDP/sw_package_2026/sw_project/project_sw/ecc_project_wrapper/hw/ecc_project_wrapper.xsa
TRACE::2026-09-23.16:33:01::SCWPlatform:: Unique name xilinx:pynq-z2::0.0
TRACE::2026-09-23.16:33:01::SCWPlatform::Trying to set the existing hwdb with name rsa_project_wrapper
TRACE::2026-09-23.16:33:01::SCWPlatform::Opened existing hwdb rsa_project_wrapper
TRACE::2026-09-23.16:33:01::SCWPlatform::Found the Hw Db part of the input DSA
TRACE::2026-09-23.16:33:01::SCWMssOS::Checking the sw design at  /users/students/r0933784/DDP/sw_package_2026/sw_project/project_sw/ecc_project_wrapper/zynq_fsbl/zynq_fsbl_bsp/system.mss
TRACE::2026-09-23.16:33:01::SCWMssOS::DEBUG:  swdes dump  /users/students/r0933784/DDP/sw_package_2026/sw_project/project_sw/ecc_project_wrapper/zynq_fsbl/zynq_fsbl_bsp/system.mss|system||

TRACE::2026-09-23.16:33:01::SCWMssOS::Sw design exists and opened at  /users/students/r0933784/DDP/sw_package_2026/sw_project/project_sw/ecc_project_wrapper/zynq_fsbl/zynq_fsbl_bsp/system.mss
TRACE::2026-09-23.16:33:01::SCWMssOS:: library already available in sw design:  xilffs:5.0
TRACE::2026-09-23.16:33:01::SCWPlatform::Trying to open the hw design at /users/students/r0933784/DDP/sw_package_2026/sw_project/project_sw/ecc_project_wrapper/hw/ecc_project_wrapper.xsa
TRACE::2026-09-23.16:33:01::SCWPlatform::DSA given /users/students/r0933784/DDP/sw_package_2026/sw_project/project_sw/ecc_project_wrapper/hw/ecc_project_wrapper.xsa
TRACE::2026-09-23.16:33:01::SCWPlatform::DSA absoulate path /users/students/r0933784/DDP/sw_package_2026/sw_project/project_sw/ecc_project_wrapper/hw/ecc_project_wrapper.xsa
TRACE::2026-09-23.16:33:01::SCWPlatform::DSA directory /users/students/r0933784/DDP/sw_package_2026/sw_project/project_sw/ecc_project_wrapper/hw
TRACE::2026-09-23.16:33:01::SCWPlatform:: Platform Path /users/students/r0933784/DDP/sw_package_2026/sw_project/project_sw/ecc_project_wrapper/hw/ecc_project_wrapper.xsa
TRACE::2026-09-23.16:33:01::SCWPlatform:: Unique name xilinx:pynq-z2::0.0
TRACE::2026-09-23.16:33:01::SCWPlatform::Trying to set the existing hwdb with name rsa_project_wrapper
TRACE::2026-09-23.16:33:01::SCWPlatform::Opened existing hwdb rsa_project_wrapper
TRACE::2026-09-23.16:33:01::SCWPlatform::Found the Hw Db part of the input DSA
TRACE::2026-09-23.16:33:01::SCWMssOS::Checking the sw design at  /users/students/r0933784/DDP/sw_package_2026/sw_project/project_sw/ecc_project_wrapper/zynq_fsbl/zynq_fsbl_bsp/system.mss
TRACE::2026-09-23.16:33:01::SCWMssOS::DEBUG:  swdes dump  /users/students/r0933784/DDP/sw_package_2026/sw_project/project_sw/ecc_project_wrapper/zynq_fsbl/zynq_fsbl_bsp/system.mss|system||

TRACE::2026-09-23.16:33:01::SCWMssOS::Sw design exists and opened at  /users/students/r0933784/DDP/sw_package_2026/sw_project/project_sw/ecc_project_wrapper/zynq_fsbl/zynq_fsbl_bsp/system.mss
TRACE::2026-09-23.16:33:01::SCWMssOS:: library already available in sw design:  xilrsa:1.6
TRACE::2026-09-23.16:33:01::SCWMssOS::Saving the mss changes /users/students/r0933784/DDP/sw_package_2026/sw_project/project_sw/ecc_project_wrapper/zynq_fsbl/zynq_fsbl_bsp/system.mss
TRACE::2026-09-23.16:33:01::SCWMssOS::Found a swdesign opened with the mssfile.
TRACE::2026-09-23.16:33:01::SCWMssOS::Completed writemss as part of save.
TRACE::2026-09-23.16:33:01::SCWMssOS::Commit changes completed.
TRACE::2026-09-23.16:33:01::SCWReader::Adding prebuilt librarypaths as   
TRACE::2026-09-23.16:33:01::SCWReader::Adding prebuilt incpaths  as   
TRACE::2026-09-23.16:33:01::SCWPlatform::Trying to open the hw design at /users/students/r0933784/DDP/sw_package_2026/sw_project/project_sw/ecc_project_wrapper/hw/ecc_project_wrapper.xsa
TRACE::2026-09-23.16:33:01::SCWPlatform::DSA given /users/students/r0933784/DDP/sw_package_2026/sw_project/project_sw/ecc_project_wrapper/hw/ecc_project_wrapper.xsa
TRACE::2026-09-23.16:33:01::SCWPlatform::DSA absoulate path /users/students/r0933784/DDP/sw_package_2026/sw_project/project_sw/ecc_project_wrapper/hw/ecc_project_wrapper.xsa
TRACE::2026-09-23.16:33:01::SCWPlatform::DSA directory /users/students/r0933784/DDP/sw_package_2026/sw_project/project_sw/ecc_project_wrapper/hw
TRACE::2026-09-23.16:33:01::SCWPlatform:: Platform Path /users/students/r0933784/DDP/sw_package_2026/sw_project/project_sw/ecc_project_wrapper/hw/ecc_project_wrapper.xsa
TRACE::2026-09-23.16:33:01::SCWPlatform:: Unique name xilinx:pynq-z2::0.0
TRACE::2026-09-23.16:33:01::SCWPlatform::Trying to set the existing hwdb with name rsa_project_wrapper
TRACE::2026-09-23.16:33:01::SCWPlatform::Opened existing hwdb rsa_project_wrapper
TRACE::2026-09-23.16:33:01::SCWPlatform::Found the Hw Db part of the input DSA
TRACE::2026-09-23.16:33:01::SCWMssOS::Checking the sw design at  /users/students/r0933784/DDP/sw_package_2026/sw_project/project_sw/ecc_project_wrapper/zynq_fsbl/zynq_fsbl_bsp/system.mss
TRACE::2026-09-23.16:33:01::SCWMssOS::DEBUG:  swdes dump  /users/students/r0933784/DDP/sw_package_2026/sw_project/project_sw/ecc_project_wrapper/zynq_fsbl/zynq_fsbl_bsp/system.mss|system||

TRACE::2026-09-23.16:33:01::SCWMssOS::Sw design exists and opened at  /users/students/r0933784/DDP/sw_package_2026/sw_project/project_sw/ecc_project_wrapper/zynq_fsbl/zynq_fsbl_bsp/system.mss
TRACE::2026-09-23.16:33:01::SCWReader::No isolation master present  
TRACE::2026-09-23.16:33:01::SCWDomain::checking for install qemu data   : 
TRACE::2026-09-23.16:33:01::SCWDomain:: Using the QEMU Data from install at  : /esat/micas-data/software/Xilinx/vitis_2023.1/Vitis/2023.1/data/emulation/platforms/zynq/sw/a9_standalone/qemu/
TRACE::2026-09-23.16:33:01::SCWDomain:: Using the QEMU args  from install at  : /esat/micas-data/software/Xilinx/vitis_2023.1/Vitis/2023.1/data/emulation/platforms/zynq/sw/a9_standalone/qemu/qemu_args.txt
TRACE::2026-09-23.16:33:01::SCWPlatform::Trying to open the hw design at /users/students/r0933784/DDP/sw_package_2026/sw_project/project_sw/ecc_project_wrapper/hw/ecc_project_wrapper.xsa
TRACE::2026-09-23.16:33:01::SCWPlatform::DSA given /users/students/r0933784/DDP/sw_package_2026/sw_project/project_sw/ecc_project_wrapper/hw/ecc_project_wrapper.xsa
TRACE::2026-09-23.16:33:01::SCWPlatform::DSA absoulate path /users/students/r0933784/DDP/sw_package_2026/sw_project/project_sw/ecc_project_wrapper/hw/ecc_project_wrapper.xsa
TRACE::2026-09-23.16:33:02::SCWPlatform::DSA directory /users/students/r0933784/DDP/sw_package_2026/sw_project/project_sw/ecc_project_wrapper/hw
TRACE::2026-09-23.16:33:02::SCWPlatform:: Platform Path /users/students/r0933784/DDP/sw_package_2026/sw_project/project_sw/ecc_project_wrapper/hw/ecc_project_wrapper.xsa
TRACE::2026-09-23.16:33:02::SCWPlatform:: Unique name xilinx:pynq-z2::0.0
TRACE::2026-09-23.16:33:02::SCWPlatform::Trying to set the existing hwdb with name rsa_project_wrapper
TRACE::2026-09-23.16:33:02::SCWPlatform::Opened existing hwdb rsa_project_wrapper
TRACE::2026-09-23.16:33:02::SCWPlatform::Found the Hw Db part of the input DSA
TRACE::2026-09-23.16:33:02::SCWPlatform::Trying to open the hw design at /users/students/r0933784/DDP/sw_package_2026/sw_project/project_sw/ecc_project_wrapper/hw/ecc_project_wrapper.xsa
TRACE::2026-09-23.16:33:02::SCWPlatform::DSA given /users/students/r0933784/DDP/sw_package_2026/sw_project/project_sw/ecc_project_wrapper/hw/ecc_project_wrapper.xsa
TRACE::2026-09-23.16:33:02::SCWPlatform::DSA absoulate path /users/students/r0933784/DDP/sw_package_2026/sw_project/project_sw/ecc_project_wrapper/hw/ecc_project_wrapper.xsa
TRACE::2026-09-23.16:33:02::SCWPlatform::DSA directory /users/students/r0933784/DDP/sw_package_2026/sw_project/project_sw/ecc_project_wrapper/hw
TRACE::2026-09-23.16:33:02::SCWPlatform:: Platform Path /users/students/r0933784/DDP/sw_package_2026/sw_project/project_sw/ecc_project_wrapper/hw/ecc_project_wrapper.xsa
TRACE::2026-09-23.16:33:02::SCWPlatform:: Unique name xilinx:pynq-z2::0.0
TRACE::2026-09-23.16:33:02::SCWPlatform::Trying to set the existing hwdb with name rsa_project_wrapper
TRACE::2026-09-23.16:33:02::SCWPlatform::Opened existing hwdb rsa_project_wrapper
TRACE::2026-09-23.16:33:02::SCWPlatform::Found the Hw Db part of the input DSA
TRACE::2026-09-23.16:33:02::SCWPlatform::Trying to open the hw design at /users/students/r0933784/DDP/sw_package_2026/sw_project/project_sw/ecc_project_wrapper/hw/ecc_project_wrapper.xsa
TRACE::2026-09-23.16:33:02::SCWPlatform::DSA given /users/students/r0933784/DDP/sw_package_2026/sw_project/project_sw/ecc_project_wrapper/hw/ecc_project_wrapper.xsa
TRACE::2026-09-23.16:33:02::SCWPlatform::DSA absoulate path /users/students/r0933784/DDP/sw_package_2026/sw_project/project_sw/ecc_project_wrapper/hw/ecc_project_wrapper.xsa
TRACE::2026-09-23.16:33:02::SCWPlatform::DSA directory /users/students/r0933784/DDP/sw_package_2026/sw_project/project_sw/ecc_project_wrapper/hw
TRACE::2026-09-23.16:33:02::SCWPlatform:: Platform Path /users/students/r0933784/DDP/sw_package_2026/sw_project/project_sw/ecc_project_wrapper/hw/ecc_project_wrapper.xsa
TRACE::2026-09-23.16:33:02::SCWPlatform:: Unique name xilinx:pynq-z2::0.0
TRACE::2026-09-23.16:33:02::SCWPlatform::Trying to set the existing hwdb with name rsa_project_wrapper
TRACE::2026-09-23.16:33:02::SCWPlatform::Opened existing hwdb rsa_project_wrapper
TRACE::2026-09-23.16:33:02::SCWPlatform::Found the Hw Db part of the input DSA
TRACE::2026-09-23.16:33:02::SCWMssOS::Checking the sw design at  /users/students/r0933784/DDP/sw_package_2026/sw_project/project_sw/ecc_project_wrapper/ps7_cortexa9_0/standalone_domain/bsp/system.mss
TRACE::2026-09-23.16:33:02::SCWMssOS::DEBUG:  swdes dump  /users/students/r0933784/DDP/sw_package_2026/sw_project/project_sw/ecc_project_wrapper/zynq_fsbl/zynq_fsbl_bsp/system.mss|system||

TRACE::2026-09-23.16:33:02::SCWMssOS::No sw design opened at  /users/students/r0933784/DDP/sw_package_2026/sw_project/project_sw/ecc_project_wrapper/ps7_cortexa9_0/standalone_domain/bsp/system.mss
TRACE::2026-09-23.16:33:02::SCWMssOS::mss exists loading the mss file  /users/students/r0933784/DDP/sw_package_2026/sw_project/project_sw/ecc_project_wrapper/ps7_cortexa9_0/standalone_domain/bsp/system.mss
TRACE::2026-09-23.16:33:02::SCWMssOS::Opened the sw design from mss  /users/students/r0933784/DDP/sw_package_2026/sw_project/project_sw/ecc_project_wrapper/ps7_cortexa9_0/standalone_domain/bsp/system.mss
TRACE::2026-09-23.16:33:02::SCWMssOS::Adding the swdes entry /users/students/r0933784/DDP/sw_package_2026/sw_project/project_sw/ecc_project_wrapper/ps7_cortexa9_0/standalone_domain/bsp/system.mss with des name system_0
TRACE::2026-09-23.16:33:02::SCWMssOS::updating the scw layer about changes
TRACE::2026-09-23.16:33:02::SCWMssOS::Opened the sw design.  /users/students/r0933784/DDP/sw_package_2026/sw_project/project_sw/ecc_project_wrapper/ps7_cortexa9_0/standalone_domain/bsp/system.mss
TRACE::2026-09-23.16:33:02::SCWMssOS::Saving the mss changes /users/students/r0933784/DDP/sw_package_2026/sw_project/project_sw/ecc_project_wrapper/ps7_cortexa9_0/standalone_domain/bsp/system.mss
TRACE::2026-09-23.16:33:02::SCWMssOS::Found a swdesign opened with the mssfile.
TRACE::2026-09-23.16:33:02::SCWMssOS::Completed writemss as part of save.
TRACE::2026-09-23.16:33:02::SCWMssOS::Commit changes completed.
TRACE::2026-09-23.16:33:02::SCWReader::Adding prebuilt librarypaths as   
TRACE::2026-09-23.16:33:02::SCWReader::Adding prebuilt incpaths  as   
TRACE::2026-09-23.16:33:02::SCWPlatform::Trying to open the hw design at /users/students/r0933784/DDP/sw_package_2026/sw_project/project_sw/ecc_project_wrapper/hw/ecc_project_wrapper.xsa
TRACE::2026-09-23.16:33:02::SCWPlatform::DSA given /users/students/r0933784/DDP/sw_package_2026/sw_project/project_sw/ecc_project_wrapper/hw/ecc_project_wrapper.xsa
TRACE::2026-09-23.16:33:02::SCWPlatform::DSA absoulate path /users/students/r0933784/DDP/sw_package_2026/sw_project/project_sw/ecc_project_wrapper/hw/ecc_project_wrapper.xsa
TRACE::2026-09-23.16:33:02::SCWPlatform::DSA directory /users/students/r0933784/DDP/sw_package_2026/sw_project/project_sw/ecc_project_wrapper/hw
TRACE::2026-09-23.16:33:02::SCWPlatform:: Platform Path /users/students/r0933784/DDP/sw_package_2026/sw_project/project_sw/ecc_project_wrapper/hw/ecc_project_wrapper.xsa
TRACE::2026-09-23.16:33:02::SCWPlatform:: Unique name xilinx:pynq-z2::0.0
TRACE::2026-09-23.16:33:02::SCWPlatform::Trying to set the existing hwdb with name rsa_project_wrapper
TRACE::2026-09-23.16:33:02::SCWPlatform::Opened existing hwdb rsa_project_wrapper
TRACE::2026-09-23.16:33:02::SCWPlatform::Found the Hw Db part of the input DSA
TRACE::2026-09-23.16:33:02::SCWMssOS::Checking the sw design at  /users/students/r0933784/DDP/sw_package_2026/sw_project/project_sw/ecc_project_wrapper/ps7_cortexa9_0/standalone_domain/bsp/system.mss
TRACE::2026-09-23.16:33:02::SCWMssOS::DEBUG:  swdes dump  /users/students/r0933784/DDP/sw_package_2026/sw_project/project_sw/ecc_project_wrapper/ps7_cortexa9_0/standalone_domain/bsp/system.mss|system_0||
/users/students/r0933784/DDP/sw_package_2026/sw_project/project_sw/ecc_project_wrapper/zynq_fsbl/zynq_fsbl_bsp/system.mss|system||

TRACE::2026-09-23.16:33:02::SCWMssOS::Sw design exists and opened at  /users/students/r0933784/DDP/sw_package_2026/sw_project/project_sw/ecc_project_wrapper/ps7_cortexa9_0/standalone_domain/bsp/system.mss
TRACE::2026-09-23.16:33:02::SCWReader::No isolation master present  
LOG::2026-09-23.16:33:02::SCWPlatform::Started generating the artifacts platform ecc_project_wrapper
TRACE::2026-09-23.16:33:02::SCWPlatform::Sanity checking of platform is completed
LOG::2026-09-23.16:33:02::SCWPlatform::Started generating the artifacts for system configuration ecc_project_wrapper
LOG::2026-09-23.16:33:02::SCWSystem::Checking the domain zynq_fsbl
LOG::2026-09-23.16:33:02::SCWSystem::Doing application build for :  zynq_fsbl
TRACE::2026-09-23.16:33:02::SCWBDomain::Not a forced makefile updation, No changes are present. 
TRACE::2026-09-23.16:33:02::SCWDomain::Building the domain as part of full build :  zynq_fsbl
TRACE::2026-09-23.16:33:02::SCWPlatform::Trying to open the hw design at /users/students/r0933784/DDP/sw_package_2026/sw_project/project_sw/ecc_project_wrapper/hw/ecc_project_wrapper.xsa
TRACE::2026-09-23.16:33:02::SCWPlatform::DSA given /users/students/r0933784/DDP/sw_package_2026/sw_project/project_sw/ecc_project_wrapper/hw/ecc_project_wrapper.xsa
TRACE::2026-09-23.16:33:02::SCWPlatform::DSA absoulate path /users/students/r0933784/DDP/sw_package_2026/sw_project/project_sw/ecc_project_wrapper/hw/ecc_project_wrapper.xsa
TRACE::2026-09-23.16:33:02::SCWPlatform::DSA directory /users/students/r0933784/DDP/sw_package_2026/sw_project/project_sw/ecc_project_wrapper/hw
TRACE::2026-09-23.16:33:02::SCWPlatform:: Platform Path /users/students/r0933784/DDP/sw_package_2026/sw_project/project_sw/ecc_project_wrapper/hw/ecc_project_wrapper.xsa
TRACE::2026-09-23.16:33:02::SCWPlatform:: Unique name xilinx:pynq-z2::0.0
TRACE::2026-09-23.16:33:02::SCWPlatform::Trying to set the existing hwdb with name rsa_project_wrapper
TRACE::2026-09-23.16:33:02::SCWPlatform::Opened existing hwdb rsa_project_wrapper
TRACE::2026-09-23.16:33:02::SCWPlatform::Found the Hw Db part of the input DSA
TRACE::2026-09-23.16:33:02::SCWMssOS::Checking the sw design at  /users/students/r0933784/DDP/sw_package_2026/sw_project/project_sw/ecc_project_wrapper/zynq_fsbl/zynq_fsbl_bsp/system.mss
TRACE::2026-09-23.16:33:02::SCWMssOS::DEBUG:  swdes dump  /users/students/r0933784/DDP/sw_package_2026/sw_project/project_sw/ecc_project_wrapper/ps7_cortexa9_0/standalone_domain/bsp/system.mss|system_0||
/users/students/r0933784/DDP/sw_package_2026/sw_project/project_sw/ecc_project_wrapper/zynq_fsbl/zynq_fsbl_bsp/system.mss|system||

TRACE::2026-09-23.16:33:02::SCWMssOS::Sw design exists and opened at  /users/students/r0933784/DDP/sw_package_2026/sw_project/project_sw/ecc_project_wrapper/zynq_fsbl/zynq_fsbl_bsp/system.mss
TRACE::2026-09-23.16:33:02::SCWBDomain::Completed writing the mss file at /users/students/r0933784/DDP/sw_package_2026/sw_project/project_sw/ecc_project_wrapper/zynq_fsbl/zynq_fsbl_bsp
TRACE::2026-09-23.16:33:02::SCWBDomain::bsp generated is upto date with the mss file. Skipping bsp generation.
TRACE::2026-09-23.16:33:02::SCWBDomain::Not a forced makefile updation, No changes are present. 
TRACE::2026-09-23.16:33:02::SCWBDomain::System Command Ran  cd  /users/students/r0933784/DDP/sw_package_2026/sw_project/project_sw/ecc_project_wrapper/zynq_fsbl ; bash -c " make -C zynq_fsbl_bsp ; make  " 
TRACE::2026-09-23.16:33:02::SCWBDomain::make[1]: Entering directory '/users/students/r0933784/DDP/sw_package_2026/sw_project/project_sw/ecc_project_wrapper/zynq_fsbl/z
TRACE::2026-09-23.16:33:02::SCWBDomain::ynq_fsbl_bsp'

TRACE::2026-09-23.16:33:02::SCWBDomain::make --no-print-directory seq_libs

TRACE::2026-09-23.16:33:02::SCWBDomain::Running Make include in ps7_cortexa9_0/libsrc/axidma_v9_16/src

TRACE::2026-09-23.16:33:02::SCWBDomain::make -C ps7_cortexa9_0/libsrc/axidma_v9_16/src -s include  "SHELL=/bin/sh" "COMPILER=arm-none-eabi-gcc" "ASSEMBLER=arm-none-eab
TRACE::2026-09-23.16:33:02::SCWBDomain::i-as" "ARCHIVER=arm-none-eabi-ar" "COMPILER_FLAGS=  -O2 -c" "EXTRA_COMPILER_FLAGS=-mcpu=cortex-a9 -mfpu=vfpv3 -mfloat-abi=hard 
TRACE::2026-09-23.16:33:02::SCWBDomain::-nostartfiles -g -Wall -Wextra -fno-tree-loop-distribute-patterns"

TRACE::2026-09-23.16:33:02::SCWBDomain::Running Make include in ps7_cortexa9_0/libsrc/coresightps_dcc_v1_8/src

TRACE::2026-09-23.16:33:02::SCWBDomain::make -C ps7_cortexa9_0/libsrc/coresightps_dcc_v1_8/src -s include  "SHELL=/bin/sh" "COMPILER=arm-none-eabi-gcc" "ASSEMBLER=arm-
TRACE::2026-09-23.16:33:02::SCWBDomain::none-eabi-as" "ARCHIVER=arm-none-eabi-ar" "COMPILER_FLAGS=  -O2 -c" "EXTRA_COMPILER_FLAGS=-mcpu=cortex-a9 -mfpu=vfpv3 -mfloat-a
TRACE::2026-09-23.16:33:02::SCWBDomain::bi=hard -nostartfiles -g -Wall -Wextra -fno-tree-loop-distribute-patterns"

TRACE::2026-09-23.16:33:02::SCWBDomain::Running Make include in ps7_cortexa9_0/libsrc/cpu_cortexa9_v2_11/src

TRACE::2026-09-23.16:33:02::SCWBDomain::make -C ps7_cortexa9_0/libsrc/cpu_cortexa9_v2_11/src -s include  "SHELL=/bin/sh" "COMPILER=arm-none-eabi-gcc" "ASSEMBLER=arm-no
TRACE::2026-09-23.16:33:02::SCWBDomain::ne-eabi-as" "ARCHIVER=arm-none-eabi-ar" "COMPILER_FLAGS=  -O2 -c" "EXTRA_COMPILER_FLAGS=-mcpu=cortex-a9 -mfpu=vfpv3 -mfloat-abi
TRACE::2026-09-23.16:33:02::SCWBDomain::=hard -nostartfiles -g -Wall -Wextra -fno-tree-loop-distribute-patterns"

TRACE::2026-09-23.16:33:02::SCWBDomain::Running Make include in ps7_cortexa9_0/libsrc/ddrps_v1_2/src

TRACE::2026-09-23.16:33:02::SCWBDomain::make -C ps7_cortexa9_0/libsrc/ddrps_v1_2/src -s include  "SHELL=/bin/sh" "COMPILER=arm-none-eabi-gcc" "ASSEMBLER=arm-none-eabi-
TRACE::2026-09-23.16:33:02::SCWBDomain::as" "ARCHIVER=arm-none-eabi-ar" "COMPILER_FLAGS=  -O2 -c" "EXTRA_COMPILER_FLAGS=-mcpu=cortex-a9 -mfpu=vfpv3 -mfloat-abi=hard -n
TRACE::2026-09-23.16:33:02::SCWBDomain::ostartfiles -g -Wall -Wextra -fno-tree-loop-distribute-patterns"

TRACE::2026-09-23.16:33:02::SCWBDomain::Running Make include in ps7_cortexa9_0/libsrc/devcfg_v3_7/src

TRACE::2026-09-23.16:33:02::SCWBDomain::make -C ps7_cortexa9_0/libsrc/devcfg_v3_7/src -s include  "SHELL=/bin/sh" "COMPILER=arm-none-eabi-gcc" "ASSEMBLER=arm-none-eabi
TRACE::2026-09-23.16:33:02::SCWBDomain::-as" "ARCHIVER=arm-none-eabi-ar" "COMPILER_FLAGS=  -O2 -c" "EXTRA_COMPILER_FLAGS=-mcpu=cortex-a9 -mfpu=vfpv3 -mfloat-abi=hard -
TRACE::2026-09-23.16:33:02::SCWBDomain::nostartfiles -g -Wall -Wextra -fno-tree-loop-distribute-patterns"

TRACE::2026-09-23.16:33:02::SCWBDomain::Running Make include in ps7_cortexa9_0/libsrc/dmaps_v2_8/src

TRACE::2026-09-23.16:33:02::SCWBDomain::make -C ps7_cortexa9_0/libsrc/dmaps_v2_8/src -s include  "SHELL=/bin/sh" "COMPILER=arm-none-eabi-gcc" "ASSEMBLER=arm-none-eabi-
TRACE::2026-09-23.16:33:02::SCWBDomain::as" "ARCHIVER=arm-none-eabi-ar" "COMPILER_FLAGS=  -O2 -c" "EXTRA_COMPILER_FLAGS=-mcpu=cortex-a9 -mfpu=vfpv3 -mfloat-abi=hard -n
TRACE::2026-09-23.16:33:02::SCWBDomain::ostartfiles -g -Wall -Wextra -fno-tree-loop-distribute-patterns"

TRACE::2026-09-23.16:33:02::SCWBDomain::Running Make include in ps7_cortexa9_0/libsrc/emacps_v3_18/src

TRACE::2026-09-23.16:33:02::SCWBDomain::make -C ps7_cortexa9_0/libsrc/emacps_v3_18/src -s include  "SHELL=/bin/sh" "COMPILER=arm-none-eabi-gcc" "ASSEMBLER=arm-none-eab
TRACE::2026-09-23.16:33:02::SCWBDomain::i-as" "ARCHIVER=arm-none-eabi-ar" "COMPILER_FLAGS=  -O2 -c" "EXTRA_COMPILER_FLAGS=-mcpu=cortex-a9 -mfpu=vfpv3 -mfloat-abi=hard 
TRACE::2026-09-23.16:33:02::SCWBDomain::-nostartfiles -g -Wall -Wextra -fno-tree-loop-distribute-patterns"

TRACE::2026-09-23.16:33:02::SCWBDomain::Running Make include in ps7_cortexa9_0/libsrc/gpiops_v3_11/src

TRACE::2026-09-23.16:33:02::SCWBDomain::make -C ps7_cortexa9_0/libsrc/gpiops_v3_11/src -s include  "SHELL=/bin/sh" "COMPILER=arm-none-eabi-gcc" "ASSEMBLER=arm-none-eab
TRACE::2026-09-23.16:33:02::SCWBDomain::i-as" "ARCHIVER=arm-none-eabi-ar" "COMPILER_FLAGS=  -O2 -c" "EXTRA_COMPILER_FLAGS=-mcpu=cortex-a9 -mfpu=vfpv3 -mfloat-abi=hard 
TRACE::2026-09-23.16:33:02::SCWBDomain::-nostartfiles -g -Wall -Wextra -fno-tree-loop-distribute-patterns"

TRACE::2026-09-23.16:33:02::SCWBDomain::Running Make include in ps7_cortexa9_0/libsrc/qspips_v3_10/src

TRACE::2026-09-23.16:33:02::SCWBDomain::make -C ps7_cortexa9_0/libsrc/qspips_v3_10/src -s include  "SHELL=/bin/sh" "COMPILER=arm-none-eabi-gcc" "ASSEMBLER=arm-none-eab
TRACE::2026-09-23.16:33:02::SCWBDomain::i-as" "ARCHIVER=arm-none-eabi-ar" "COMPILER_FLAGS=  -O2 -c" "EXTRA_COMPILER_FLAGS=-mcpu=cortex-a9 -mfpu=vfpv3 -mfloat-abi=hard 
TRACE::2026-09-23.16:33:02::SCWBDomain::-nostartfiles -g -Wall -Wextra -fno-tree-loop-distribute-patterns"

TRACE::2026-09-23.16:33:02::SCWBDomain::Running Make include in ps7_cortexa9_0/libsrc/scugic_v5_1/src

TRACE::2026-09-23.16:33:02::SCWBDomain::make -C ps7_cortexa9_0/libsrc/scugic_v5_1/src -s include  "SHELL=/bin/sh" "COMPILER=arm-none-eabi-gcc" "ASSEMBLER=arm-none-eabi
TRACE::2026-09-23.16:33:02::SCWBDomain::-as" "ARCHIVER=arm-none-eabi-ar" "COMPILER_FLAGS=  -O2 -c" "EXTRA_COMPILER_FLAGS=-mcpu=cortex-a9 -mfpu=vfpv3 -mfloat-abi=hard -
TRACE::2026-09-23.16:33:02::SCWBDomain::nostartfiles -g -Wall -Wextra -fno-tree-loop-distribute-patterns"

TRACE::2026-09-23.16:33:02::SCWBDomain::Running Make include in ps7_cortexa9_0/libsrc/scutimer_v2_4/src

TRACE::2026-09-23.16:33:02::SCWBDomain::make -C ps7_cortexa9_0/libsrc/scutimer_v2_4/src -s include  "SHELL=/bin/sh" "COMPILER=arm-none-eabi-gcc" "ASSEMBLER=arm-none-ea
TRACE::2026-09-23.16:33:02::SCWBDomain::bi-as" "ARCHIVER=arm-none-eabi-ar" "COMPILER_FLAGS=  -O2 -c" "EXTRA_COMPILER_FLAGS=-mcpu=cortex-a9 -mfpu=vfpv3 -mfloat-abi=hard
TRACE::2026-09-23.16:33:02::SCWBDomain:: -nostartfiles -g -Wall -Wextra -fno-tree-loop-distribute-patterns"

TRACE::2026-09-23.16:33:02::SCWBDomain::Running Make include in ps7_cortexa9_0/libsrc/scuwdt_v2_4/src

TRACE::2026-09-23.16:33:02::SCWBDomain::make -C ps7_cortexa9_0/libsrc/scuwdt_v2_4/src -s include  "SHELL=/bin/sh" "COMPILER=arm-none-eabi-gcc" "ASSEMBLER=arm-none-eabi
TRACE::2026-09-23.16:33:02::SCWBDomain::-as" "ARCHIVER=arm-none-eabi-ar" "COMPILER_FLAGS=  -O2 -c" "EXTRA_COMPILER_FLAGS=-mcpu=cortex-a9 -mfpu=vfpv3 -mfloat-abi=hard -
TRACE::2026-09-23.16:33:02::SCWBDomain::nostartfiles -g -Wall -Wextra -fno-tree-loop-distribute-patterns"

TRACE::2026-09-23.16:33:02::SCWBDomain::Running Make include in ps7_cortexa9_0/libsrc/sdps_v4_1/src

TRACE::2026-09-23.16:33:02::SCWBDomain::make -C ps7_cortexa9_0/libsrc/sdps_v4_1/src -s include  "SHELL=/bin/sh" "COMPILER=arm-none-eabi-gcc" "ASSEMBLER=arm-none-eabi-a
TRACE::2026-09-23.16:33:02::SCWBDomain::s" "ARCHIVER=arm-none-eabi-ar" "COMPILER_FLAGS=  -O2 -c" "EXTRA_COMPILER_FLAGS=-mcpu=cortex-a9 -mfpu=vfpv3 -mfloat-abi=hard -no
TRACE::2026-09-23.16:33:02::SCWBDomain::startfiles -g -Wall -Wextra -fno-tree-loop-distribute-patterns"

TRACE::2026-09-23.16:33:02::SCWBDomain::Running Make include in ps7_cortexa9_0/libsrc/standalone_v8_1/src

TRACE::2026-09-23.16:33:02::SCWBDomain::make -C ps7_cortexa9_0/libsrc/standalone_v8_1/src -s include  "SHELL=/bin/sh" "COMPILER=arm-none-eabi-gcc" "ASSEMBLER=arm-none-
TRACE::2026-09-23.16:33:02::SCWBDomain::eabi-as" "ARCHIVER=arm-none-eabi-ar" "COMPILER_FLAGS=  -O2 -c" "EXTRA_COMPILER_FLAGS=-mcpu=cortex-a9 -mfpu=vfpv3 -mfloat-abi=ha
TRACE::2026-09-23.16:33:02::SCWBDomain::rd -nostartfiles -g -Wall -Wextra -fno-tree-loop-distribute-patterns"

TRACE::2026-09-23.16:33:02::SCWBDomain::Running Make include in ps7_cortexa9_0/libsrc/uartps_v3_12/src

TRACE::2026-09-23.16:33:02::SCWBDomain::make -C ps7_cortexa9_0/libsrc/uartps_v3_12/src -s include  "SHELL=/bin/sh" "COMPILER=arm-none-eabi-gcc" "ASSEMBLER=arm-none-eab
TRACE::2026-09-23.16:33:02::SCWBDomain::i-as" "ARCHIVER=arm-none-eabi-ar" "COMPILER_FLAGS=  -O2 -c" "EXTRA_COMPILER_FLAGS=-mcpu=cortex-a9 -mfpu=vfpv3 -mfloat-abi=hard 
TRACE::2026-09-23.16:33:03::SCWBDomain::-nostartfiles -g -Wall -Wextra -fno-tree-loop-distribute-patterns"

TRACE::2026-09-23.16:33:03::SCWBDomain::Running Make include in ps7_cortexa9_0/libsrc/usbps_v2_7/src

TRACE::2026-09-23.16:33:03::SCWBDomain::make -C ps7_cortexa9_0/libsrc/usbps_v2_7/src -s include  "SHELL=/bin/sh" "COMPILER=arm-none-eabi-gcc" "ASSEMBLER=arm-none-eabi-
TRACE::2026-09-23.16:33:03::SCWBDomain::as" "ARCHIVER=arm-none-eabi-ar" "COMPILER_FLAGS=  -O2 -c" "EXTRA_COMPILER_FLAGS=-mcpu=cortex-a9 -mfpu=vfpv3 -mfloat-abi=hard -n
TRACE::2026-09-23.16:33:03::SCWBDomain::ostartfiles -g -Wall -Wextra -fno-tree-loop-distribute-patterns"

TRACE::2026-09-23.16:33:03::SCWBDomain::Running Make include in ps7_cortexa9_0/libsrc/xadcps_v2_6/src

TRACE::2026-09-23.16:33:03::SCWBDomain::make -C ps7_cortexa9_0/libsrc/xadcps_v2_6/src -s include  "SHELL=/bin/sh" "COMPILER=arm-none-eabi-gcc" "ASSEMBLER=arm-none-eabi
TRACE::2026-09-23.16:33:03::SCWBDomain::-as" "ARCHIVER=arm-none-eabi-ar" "COMPILER_FLAGS=  -O2 -c" "EXTRA_COMPILER_FLAGS=-mcpu=cortex-a9 -mfpu=vfpv3 -mfloat-abi=hard -
TRACE::2026-09-23.16:33:03::SCWBDomain::nostartfiles -g -Wall -Wextra -fno-tree-loop-distribute-patterns"

TRACE::2026-09-23.16:33:03::SCWBDomain::Running Make include in ps7_cortexa9_0/libsrc/xilffs_v5_0/src

TRACE::2026-09-23.16:33:03::SCWBDomain::make -C ps7_cortexa9_0/libsrc/xilffs_v5_0/src -s include  "SHELL=/bin/sh" "COMPILER=arm-none-eabi-gcc" "ASSEMBLER=arm-none-eabi
TRACE::2026-09-23.16:33:03::SCWBDomain::-as" "ARCHIVER=arm-none-eabi-ar" "COMPILER_FLAGS=  -O2 -c" "EXTRA_COMPILER_FLAGS=-mcpu=cortex-a9 -mfpu=vfpv3 -mfloat-abi=hard -
TRACE::2026-09-23.16:33:03::SCWBDomain::nostartfiles -g -Wall -Wextra -fno-tree-loop-distribute-patterns"

TRACE::2026-09-23.16:33:03::SCWBDomain::Running Make include in ps7_cortexa9_0/libsrc/xilrsa_v1_6/src

TRACE::2026-09-23.16:33:03::SCWBDomain::make -C ps7_cortexa9_0/libsrc/xilrsa_v1_6/src -s include  "SHELL=/bin/sh" "COMPILER=arm-none-eabi-gcc" "ASSEMBLER=arm-none-eabi
TRACE::2026-09-23.16:33:03::SCWBDomain::-as" "ARCHIVER=arm-none-eabi-ar" "COMPILER_FLAGS=  -O2 -c" "EXTRA_COMPILER_FLAGS=-mcpu=cortex-a9 -mfpu=vfpv3 -mfloat-abi=hard -
TRACE::2026-09-23.16:33:03::SCWBDomain::nostartfiles -g -Wall -Wextra -fno-tree-loop-distribute-patterns"

TRACE::2026-09-23.16:33:03::SCWBDomain::Running Make libs in ps7_cortexa9_0/libsrc/xilrsa_v1_6/src

TRACE::2026-09-23.16:33:03::SCWBDomain::make -C ps7_cortexa9_0/libsrc/xilrsa_v1_6/src -s libs  "SHELL=/bin/sh" "COMPILER=arm-none-eabi-gcc" "ASSEMBLER=arm-none-eabi-as
TRACE::2026-09-23.16:33:03::SCWBDomain::" "ARCHIVER=arm-none-eabi-ar" "COMPILER_FLAGS=  -O2 -c" "EXTRA_COMPILER_FLAGS=-mcpu=cortex-a9 -mfpu=vfpv3 -mfloat-abi=hard -nos
TRACE::2026-09-23.16:33:03::SCWBDomain::tartfiles -g -Wall -Wextra -fno-tree-loop-distribute-patterns"

TRACE::2026-09-23.16:33:03::SCWBDomain::Finished building libraries sequentially.

TRACE::2026-09-23.16:33:03::SCWBDomain::make -j 10 --no-print-directory par_libs

TRACE::2026-09-23.16:33:03::SCWBDomain::Running Make include in ps7_cortexa9_0/libsrc/axidma_v9_16/src

TRACE::2026-09-23.16:33:03::SCWBDomain::make -C ps7_cortexa9_0/libsrc/axidma_v9_16/src -s include  "SHELL=/bin/sh" "COMPILER=arm-none-eabi-gcc" "ASSEMBLER=arm-none-eab
TRACE::2026-09-23.16:33:03::SCWBDomain::i-as" "ARCHIVER=arm-none-eabi-ar" "COMPILER_FLAGS=  -O2 -c" "EXTRA_COMPILER_FLAGS=-mcpu=cortex-a9 -mfpu=vfpv3 -mfloat-abi=hard 
TRACE::2026-09-23.16:33:03::SCWBDomain::-nostartfiles -g -Wall -Wextra -fno-tree-loop-distribute-patterns"

TRACE::2026-09-23.16:33:03::SCWBDomain::Running Make include in ps7_cortexa9_0/libsrc/coresightps_dcc_v1_8/src

TRACE::2026-09-23.16:33:03::SCWBDomain::make -C ps7_cortexa9_0/libsrc/coresightps_dcc_v1_8/src -s include  "SHELL=/bin/sh" "COMPILER=arm-none-eabi-gcc" "ASSEMBLER=arm-
TRACE::2026-09-23.16:33:03::SCWBDomain::none-eabi-as" "ARCHIVER=arm-none-eabi-ar" "COMPILER_FLAGS=  -O2 -c" "EXTRA_COMPILER_FLAGS=-mcpu=cortex-a9 -mfpu=vfpv3 -mfloat-a
TRACE::2026-09-23.16:33:03::SCWBDomain::bi=hard -nostartfiles -g -Wall -Wextra -fno-tree-loop-distribute-patterns"

TRACE::2026-09-23.16:33:03::SCWBDomain::Running Make include in ps7_cortexa9_0/libsrc/cpu_cortexa9_v2_11/src

TRACE::2026-09-23.16:33:03::SCWBDomain::Running Make include in ps7_cortexa9_0/libsrc/ddrps_v1_2/src

TRACE::2026-09-23.16:33:03::SCWBDomain::make -C ps7_cortexa9_0/libsrc/cpu_cortexa9_v2_11/src -s include  "SHELL=/bin/sh" "COMPILER=arm-none-eabi-gcc" "ASSEMBLER=arm-no
TRACE::2026-09-23.16:33:03::SCWBDomain::ne-eabi-as" "ARCHIVER=arm-none-eabi-ar" "COMPILER_FLAGS=  -O2 -c" "EXTRA_COMPILER_FLAGS=-mcpu=cortex-a9 -mfpu=vfpv3 -mfloat-abi
TRACE::2026-09-23.16:33:03::SCWBDomain::=hard -nostartfiles -g -Wall -Wextra -fno-tree-loop-distribute-patterns"

TRACE::2026-09-23.16:33:03::SCWBDomain::Running Make include in ps7_cortexa9_0/libsrc/devcfg_v3_7/src

TRACE::2026-09-23.16:33:03::SCWBDomain::make -C ps7_cortexa9_0/libsrc/ddrps_v1_2/src -s include  "SHELL=/bin/sh" "COMPILER=arm-none-eabi-gcc" "ASSEMBLER=arm-none-eabi-
TRACE::2026-09-23.16:33:03::SCWBDomain::as" "ARCHIVER=arm-none-eabi-ar" "COMPILER_FLAGS=  -O2 -c" "EXTRA_COMPILER_FLAGS=-mcpu=cortex-a9 -mfpu=vfpv3 -mfloat-abi=hard -n
TRACE::2026-09-23.16:33:03::SCWBDomain::ostartfiles -g -Wall -Wextra -fno-tree-loop-distribute-patterns"

TRACE::2026-09-23.16:33:03::SCWBDomain::Running Make include in ps7_cortexa9_0/libsrc/dmaps_v2_8/src

TRACE::2026-09-23.16:33:03::SCWBDomain::make -C ps7_cortexa9_0/libsrc/devcfg_v3_7/src -s include  "SHELL=/bin/sh" "COMPILER=arm-none-eabi-gcc" "ASSEMBLER=arm-none-eabi
TRACE::2026-09-23.16:33:03::SCWBDomain::-as" "ARCHIVER=arm-none-eabi-ar" "COMPILER_FLAGS=  -O2 -c" "EXTRA_COMPILER_FLAGS=-mcpu=cortex-a9 -mfpu=vfpv3 -mfloat-abi=hard -
TRACE::2026-09-23.16:33:03::SCWBDomain::nostartfiles -g -Wall -Wextra -fno-tree-loop-distribute-patterns"

TRACE::2026-09-23.16:33:03::SCWBDomain::make -C ps7_cortexa9_0/libsrc/dmaps_v2_8/src -s include  "SHELL=/bin/sh" "COMPILER=arm-none-eabi-gcc" "ASSEMBLER=arm-none-eabi-
TRACE::2026-09-23.16:33:03::SCWBDomain::as" "ARCHIVER=arm-none-eabi-ar" "COMPILER_FLAGS=  -O2 -c" "EXTRA_COMPILER_FLAGS=-mcpu=cortex-a9 -mfpu=vfpv3 -mfloat-abi=hard -n
TRACE::2026-09-23.16:33:03::SCWBDomain::ostartfiles -g -Wall -Wextra -fno-tree-loop-distribute-patterns"

TRACE::2026-09-23.16:33:03::SCWBDomain::Running Make include in ps7_cortexa9_0/libsrc/emacps_v3_18/src

TRACE::2026-09-23.16:33:03::SCWBDomain::Running Make include in ps7_cortexa9_0/libsrc/gpiops_v3_11/src

TRACE::2026-09-23.16:33:03::SCWBDomain::make -C ps7_cortexa9_0/libsrc/emacps_v3_18/src -s include  "SHELL=/bin/sh" "COMPILER=arm-none-eabi-gcc" "ASSEMBLER=arm-none-eab
TRACE::2026-09-23.16:33:03::SCWBDomain::i-as" "ARCHIVER=arm-none-eabi-ar" "COMPILER_FLAGS=  -O2 -c" "EXTRA_COMPILER_FLAGS=-mcpu=cortex-a9 -mfpu=vfpv3 -mfloat-abi=hard 
TRACE::2026-09-23.16:33:03::SCWBDomain::-nostartfiles -g -Wall -Wextra -fno-tree-loop-distribute-patterns"

TRACE::2026-09-23.16:33:03::SCWBDomain::make -C ps7_cortexa9_0/libsrc/gpiops_v3_11/src -s include  "SHELL=/bin/sh" "COMPILER=arm-none-eabi-gcc" "ASSEMBLER=arm-none-eab
TRACE::2026-09-23.16:33:03::SCWBDomain::i-as" "ARCHIVER=arm-none-eabi-ar" "COMPILER_FLAGS=  -O2 -c" "EXTRA_COMPILER_FLAGS=-mcpu=cortex-a9 -mfpu=vfpv3 -mfloat-abi=hard 
TRACE::2026-09-23.16:33:03::SCWBDomain::-nostartfiles -g -Wall -Wextra -fno-tree-loop-distribute-patterns"

TRACE::2026-09-23.16:33:03::SCWBDomain::Running Make include in ps7_cortexa9_0/libsrc/qspips_v3_10/src

TRACE::2026-09-23.16:33:03::SCWBDomain::make -C ps7_cortexa9_0/libsrc/qspips_v3_10/src -s include  "SHELL=/bin/sh" "COMPILER=arm-none-eabi-gcc" "ASSEMBLER=arm-none-eab
TRACE::2026-09-23.16:33:03::SCWBDomain::i-as" "ARCHIVER=arm-none-eabi-ar" "COMPILER_FLAGS=  -O2 -c" "EXTRA_COMPILER_FLAGS=-mcpu=cortex-a9 -mfpu=vfpv3 -mfloat-abi=hard 
TRACE::2026-09-23.16:33:03::SCWBDomain::-nostartfiles -g -Wall -Wextra -fno-tree-loop-distribute-patterns"

TRACE::2026-09-23.16:33:03::SCWBDomain::Running Make include in ps7_cortexa9_0/libsrc/scugic_v5_1/src

TRACE::2026-09-23.16:33:03::SCWBDomain::make -C ps7_cortexa9_0/libsrc/scugic_v5_1/src -s include  "SHELL=/bin/sh" "COMPILER=arm-none-eabi-gcc" "ASSEMBLER=arm-none-eabi
TRACE::2026-09-23.16:33:03::SCWBDomain::-as" "ARCHIVER=arm-none-eabi-ar" "COMPILER_FLAGS=  -O2 -c" "EXTRA_COMPILER_FLAGS=-mcpu=cortex-a9 -mfpu=vfpv3 -mfloat-abi=hard -
TRACE::2026-09-23.16:33:03::SCWBDomain::nostartfiles -g -Wall -Wextra -fno-tree-loop-distribute-patterns"

TRACE::2026-09-23.16:33:03::SCWBDomain::Running Make include in ps7_cortexa9_0/libsrc/scutimer_v2_4/src

TRACE::2026-09-23.16:33:03::SCWBDomain::Running Make include in ps7_cortexa9_0/libsrc/scuwdt_v2_4/src

TRACE::2026-09-23.16:33:03::SCWBDomain::Running Make include in ps7_cortexa9_0/libsrc/sdps_v4_1/src

TRACE::2026-09-23.16:33:03::SCWBDomain::make -C ps7_cortexa9_0/libsrc/scutimer_v2_4/src -s include  "SHELL=/bin/sh" "COMPILER=arm-none-eabi-gcc" "ASSEMBLER=arm-none-ea
TRACE::2026-09-23.16:33:03::SCWBDomain::bi-as" "ARCHIVER=arm-none-eabi-ar" "COMPILER_FLAGS=  -O2 -c" "EXTRA_COMPILER_FLAGS=-mcpu=cortex-a9 -mfpu=vfpv3 -mfloat-abi=hard
TRACE::2026-09-23.16:33:03::SCWBDomain:: -nostartfiles -g -Wall -Wextra -fno-tree-loop-distribute-patterns"

TRACE::2026-09-23.16:33:03::SCWBDomain::make -C ps7_cortexa9_0/libsrc/scuwdt_v2_4/src -s include  "SHELL=/bin/sh" "COMPILER=arm-none-eabi-gcc" "ASSEMBLER=arm-none-eabi
TRACE::2026-09-23.16:33:03::SCWBDomain::-as" "ARCHIVER=arm-none-eabi-ar" "COMPILER_FLAGS=  -O2 -c" "EXTRA_COMPILER_FLAGS=-mcpu=cortex-a9 -mfpu=vfpv3 -mfloat-abi=hard -
TRACE::2026-09-23.16:33:03::SCWBDomain::nostartfiles -g -Wall -Wextra -fno-tree-loop-distribute-patterns"

TRACE::2026-09-23.16:33:03::SCWBDomain::make -C ps7_cortexa9_0/libsrc/sdps_v4_1/src -s include  "SHELL=/bin/sh" "COMPILER=arm-none-eabi-gcc" "ASSEMBLER=arm-none-eabi-a
TRACE::2026-09-23.16:33:03::SCWBDomain::s" "ARCHIVER=arm-none-eabi-ar" "COMPILER_FLAGS=  -O2 -c" "EXTRA_COMPILER_FLAGS=-mcpu=cortex-a9 -mfpu=vfpv3 -mfloat-abi=hard -no
TRACE::2026-09-23.16:33:03::SCWBDomain::startfiles -g -Wall -Wextra -fno-tree-loop-distribute-patterns"

TRACE::2026-09-23.16:33:03::SCWBDomain::Running Make include in ps7_cortexa9_0/libsrc/standalone_v8_1/src

TRACE::2026-09-23.16:33:03::SCWBDomain::make -C ps7_cortexa9_0/libsrc/standalone_v8_1/src -s include  "SHELL=/bin/sh" "COMPILER=arm-none-eabi-gcc" "ASSEMBLER=arm-none-
TRACE::2026-09-23.16:33:03::SCWBDomain::eabi-as" "ARCHIVER=arm-none-eabi-ar" "COMPILER_FLAGS=  -O2 -c" "EXTRA_COMPILER_FLAGS=-mcpu=cortex-a9 -mfpu=vfpv3 -mfloat-abi=ha
TRACE::2026-09-23.16:33:03::SCWBDomain::rd -nostartfiles -g -Wall -Wextra -fno-tree-loop-distribute-patterns"

TRACE::2026-09-23.16:33:03::SCWBDomain::Running Make include in ps7_cortexa9_0/libsrc/uartps_v3_12/src

TRACE::2026-09-23.16:33:03::SCWBDomain::make -C ps7_cortexa9_0/libsrc/uartps_v3_12/src -s include  "SHELL=/bin/sh" "COMPILER=arm-none-eabi-gcc" "ASSEMBLER=arm-none-eab
TRACE::2026-09-23.16:33:03::SCWBDomain::i-as" "ARCHIVER=arm-none-eabi-ar" "COMPILER_FLAGS=  -O2 -c" "EXTRA_COMPILER_FLAGS=-mcpu=cortex-a9 -mfpu=vfpv3 -mfloat-abi=hard 
TRACE::2026-09-23.16:33:03::SCWBDomain::-nostartfiles -g -Wall -Wextra -fno-tree-loop-distribute-patterns"

TRACE::2026-09-23.16:33:03::SCWBDomain::Running Make include in ps7_cortexa9_0/libsrc/usbps_v2_7/src

TRACE::2026-09-23.16:33:03::SCWBDomain::make -C ps7_cortexa9_0/libsrc/usbps_v2_7/src -s include  "SHELL=/bin/sh" "COMPILER=arm-none-eabi-gcc" "ASSEMBLER=arm-none-eabi-
TRACE::2026-09-23.16:33:03::SCWBDomain::as" "ARCHIVER=arm-none-eabi-ar" "COMPILER_FLAGS=  -O2 -c" "EXTRA_COMPILER_FLAGS=-mcpu=cortex-a9 -mfpu=vfpv3 -mfloat-abi=hard -n
TRACE::2026-09-23.16:33:03::SCWBDomain::ostartfiles -g -Wall -Wextra -fno-tree-loop-distribute-patterns"

TRACE::2026-09-23.16:33:03::SCWBDomain::Running Make include in ps7_cortexa9_0/libsrc/xadcps_v2_6/src

TRACE::2026-09-23.16:33:03::SCWBDomain::make -C ps7_cortexa9_0/libsrc/xadcps_v2_6/src -s include  "SHELL=/bin/sh" "COMPILER=arm-none-eabi-gcc" "ASSEMBLER=arm-none-eabi
TRACE::2026-09-23.16:33:03::SCWBDomain::-as" "ARCHIVER=arm-none-eabi-ar" "COMPILER_FLAGS=  -O2 -c" "EXTRA_COMPILER_FLAGS=-mcpu=cortex-a9 -mfpu=vfpv3 -mfloat-abi=hard -
TRACE::2026-09-23.16:33:03::SCWBDomain::nostartfiles -g -Wall -Wextra -fno-tree-loop-distribute-patterns"

TRACE::2026-09-23.16:33:03::SCWBDomain::Running Make include in ps7_cortexa9_0/libsrc/xilffs_v5_0/src

TRACE::2026-09-23.16:33:03::SCWBDomain::make -C ps7_cortexa9_0/libsrc/xilffs_v5_0/src -s include  "SHELL=/bin/sh" "COMPILER=arm-none-eabi-gcc" "ASSEMBLER=arm-none-eabi
TRACE::2026-09-23.16:33:03::SCWBDomain::-as" "ARCHIVER=arm-none-eabi-ar" "COMPILER_FLAGS=  -O2 -c" "EXTRA_COMPILER_FLAGS=-mcpu=cortex-a9 -mfpu=vfpv3 -mfloat-abi=hard -
TRACE::2026-09-23.16:33:03::SCWBDomain::nostartfiles -g -Wall -Wextra -fno-tree-loop-distribute-patterns"

TRACE::2026-09-23.16:33:03::SCWBDomain::Running Make include in ps7_cortexa9_0/libsrc/xilrsa_v1_6/src

TRACE::2026-09-23.16:33:03::SCWBDomain::make -C ps7_cortexa9_0/libsrc/xilrsa_v1_6/src -s include  "SHELL=/bin/sh" "COMPILER=arm-none-eabi-gcc" "ASSEMBLER=arm-none-eabi
TRACE::2026-09-23.16:33:03::SCWBDomain::-as" "ARCHIVER=arm-none-eabi-ar" "COMPILER_FLAGS=  -O2 -c" "EXTRA_COMPILER_FLAGS=-mcpu=cortex-a9 -mfpu=vfpv3 -mfloat-abi=hard -
TRACE::2026-09-23.16:33:03::SCWBDomain::nostartfiles -g -Wall -Wextra -fno-tree-loop-distribute-patterns"

TRACE::2026-09-23.16:33:03::SCWBDomain::Running Make libs in ps7_cortexa9_0/libsrc/axidma_v9_16/src

TRACE::2026-09-23.16:33:03::SCWBDomain::make -C ps7_cortexa9_0/libsrc/axidma_v9_16/src -s libs  "SHELL=/bin/sh" "COMPILER=arm-none-eabi-gcc" "ASSEMBLER=arm-none-eabi-a
TRACE::2026-09-23.16:33:03::SCWBDomain::s" "ARCHIVER=arm-none-eabi-ar" "COMPILER_FLAGS=  -O2 -c" "EXTRA_COMPILER_FLAGS=-mcpu=cortex-a9 -mfpu=vfpv3 -mfloat-abi=hard -no
TRACE::2026-09-23.16:33:03::SCWBDomain::startfiles -g -Wall -Wextra -fno-tree-loop-distribute-patterns"

TRACE::2026-09-23.16:33:03::SCWBDomain::Running Make libs in ps7_cortexa9_0/libsrc/coresightps_dcc_v1_8/src

TRACE::2026-09-23.16:33:03::SCWBDomain::Running Make libs in ps7_cortexa9_0/libsrc/cpu_cortexa9_v2_11/src

TRACE::2026-09-23.16:33:03::SCWBDomain::Running Make libs in ps7_cortexa9_0/libsrc/ddrps_v1_2/src

TRACE::2026-09-23.16:33:03::SCWBDomain::make -C ps7_cortexa9_0/libsrc/coresightps_dcc_v1_8/src -s libs  "SHELL=/bin/sh" "COMPILER=arm-none-eabi-gcc" "ASSEMBLER=arm-non
TRACE::2026-09-23.16:33:03::SCWBDomain::e-eabi-as" "ARCHIVER=arm-none-eabi-ar" "COMPILER_FLAGS=  -O2 -c" "EXTRA_COMPILER_FLAGS=-mcpu=cortex-a9 -mfpu=vfpv3 -mfloat-abi=
TRACE::2026-09-23.16:33:03::SCWBDomain::hard -nostartfiles -g -Wall -Wextra -fno-tree-loop-distribute-patterns"

TRACE::2026-09-23.16:33:03::SCWBDomain::make -C ps7_cortexa9_0/libsrc/cpu_cortexa9_v2_11/src -s libs  "SHELL=/bin/sh" "COMPILER=arm-none-eabi-gcc" "ASSEMBLER=arm-none-
TRACE::2026-09-23.16:33:03::SCWBDomain::eabi-as" "ARCHIVER=arm-none-eabi-ar" "COMPILER_FLAGS=  -O2 -c" "EXTRA_COMPILER_FLAGS=-mcpu=cortex-a9 -mfpu=vfpv3 -mfloat-abi=ha
TRACE::2026-09-23.16:33:03::SCWBDomain::rd -nostartfiles -g -Wall -Wextra -fno-tree-loop-distribute-patterns"

TRACE::2026-09-23.16:33:03::SCWBDomain::Running Make libs in ps7_cortexa9_0/libsrc/dmaps_v2_8/src

TRACE::2026-09-23.16:33:03::SCWBDomain::Running Make libs in ps7_cortexa9_0/libsrc/devcfg_v3_7/src

TRACE::2026-09-23.16:33:03::SCWBDomain::make -C ps7_cortexa9_0/libsrc/ddrps_v1_2/src -s libs  "SHELL=/bin/sh" "COMPILER=arm-none-eabi-gcc" "ASSEMBLER=arm-none-eabi-as"
TRACE::2026-09-23.16:33:03::SCWBDomain:: "ARCHIVER=arm-none-eabi-ar" "COMPILER_FLAGS=  -O2 -c" "EXTRA_COMPILER_FLAGS=-mcpu=cortex-a9 -mfpu=vfpv3 -mfloat-abi=hard -nost
TRACE::2026-09-23.16:33:03::SCWBDomain::artfiles -g -Wall -Wextra -fno-tree-loop-distribute-patterns"

TRACE::2026-09-23.16:33:03::SCWBDomain::make -C ps7_cortexa9_0/libsrc/devcfg_v3_7/src -s libs  "SHELL=/bin/sh" "COMPILER=arm-none-eabi-gcc" "ASSEMBLER=arm-none-eabi-as
TRACE::2026-09-23.16:33:03::SCWBDomain::" "ARCHIVER=arm-none-eabi-ar" "COMPILER_FLAGS=  -O2 -c" "EXTRA_COMPILER_FLAGS=-mcpu=cortex-a9 -mfpu=vfpv3 -mfloat-abi=hard -nos
TRACE::2026-09-23.16:33:03::SCWBDomain::tartfiles -g -Wall -Wextra -fno-tree-loop-distribute-patterns"

TRACE::2026-09-23.16:33:03::SCWBDomain::Running Make libs in ps7_cortexa9_0/libsrc/emacps_v3_18/src

TRACE::2026-09-23.16:33:03::SCWBDomain::make -C ps7_cortexa9_0/libsrc/dmaps_v2_8/src -s libs  "SHELL=/bin/sh" "COMPILER=arm-none-eabi-gcc" "ASSEMBLER=arm-none-eabi-as"
TRACE::2026-09-23.16:33:03::SCWBDomain:: "ARCHIVER=arm-none-eabi-ar" "COMPILER_FLAGS=  -O2 -c" "EXTRA_COMPILER_FLAGS=-mcpu=cortex-a9 -mfpu=vfpv3 -mfloat-abi=hard -nost
TRACE::2026-09-23.16:33:03::SCWBDomain::artfiles -g -Wall -Wextra -fno-tree-loop-distribute-patterns"

TRACE::2026-09-23.16:33:03::SCWBDomain::make -C ps7_cortexa9_0/libsrc/emacps_v3_18/src -s libs  "SHELL=/bin/sh" "COMPILER=arm-none-eabi-gcc" "ASSEMBLER=arm-none-eabi-a
TRACE::2026-09-23.16:33:03::SCWBDomain::s" "ARCHIVER=arm-none-eabi-ar" "COMPILER_FLAGS=  -O2 -c" "EXTRA_COMPILER_FLAGS=-mcpu=cortex-a9 -mfpu=vfpv3 -mfloat-abi=hard -no
TRACE::2026-09-23.16:33:03::SCWBDomain::startfiles -g -Wall -Wextra -fno-tree-loop-distribute-patterns"

TRACE::2026-09-23.16:33:03::SCWBDomain::Running Make libs in ps7_cortexa9_0/libsrc/gpiops_v3_11/src

TRACE::2026-09-23.16:33:03::SCWBDomain::Running Make libs in ps7_cortexa9_0/libsrc/qspips_v3_10/src

TRACE::2026-09-23.16:33:03::SCWBDomain::make -C ps7_cortexa9_0/libsrc/gpiops_v3_11/src -s libs  "SHELL=/bin/sh" "COMPILER=arm-none-eabi-gcc" "ASSEMBLER=arm-none-eabi-a
TRACE::2026-09-23.16:33:03::SCWBDomain::s" "ARCHIVER=arm-none-eabi-ar" "COMPILER_FLAGS=  -O2 -c" "EXTRA_COMPILER_FLAGS=-mcpu=cortex-a9 -mfpu=vfpv3 -mfloat-abi=hard -no
TRACE::2026-09-23.16:33:03::SCWBDomain::startfiles -g -Wall -Wextra -fno-tree-loop-distribute-patterns"

TRACE::2026-09-23.16:33:03::SCWBDomain::make -C ps7_cortexa9_0/libsrc/qspips_v3_10/src -s libs  "SHELL=/bin/sh" "COMPILER=arm-none-eabi-gcc" "ASSEMBLER=arm-none-eabi-a
TRACE::2026-09-23.16:33:03::SCWBDomain::s" "ARCHIVER=arm-none-eabi-ar" "COMPILER_FLAGS=  -O2 -c" "EXTRA_COMPILER_FLAGS=-mcpu=cortex-a9 -mfpu=vfpv3 -mfloat-abi=hard -no
TRACE::2026-09-23.16:33:03::SCWBDomain::startfiles -g -Wall -Wextra -fno-tree-loop-distribute-patterns"

TRACE::2026-09-23.16:33:03::SCWBDomain::Running Make libs in ps7_cortexa9_0/libsrc/scugic_v5_1/src

TRACE::2026-09-23.16:33:03::SCWBDomain::make -C ps7_cortexa9_0/libsrc/scugic_v5_1/src -s libs  "SHELL=/bin/sh" "COMPILER=arm-none-eabi-gcc" "ASSEMBLER=arm-none-eabi-as
TRACE::2026-09-23.16:33:03::SCWBDomain::" "ARCHIVER=arm-none-eabi-ar" "COMPILER_FLAGS=  -O2 -c" "EXTRA_COMPILER_FLAGS=-mcpu=cortex-a9 -mfpu=vfpv3 -mfloat-abi=hard -nos
TRACE::2026-09-23.16:33:03::SCWBDomain::tartfiles -g -Wall -Wextra -fno-tree-loop-distribute-patterns"

TRACE::2026-09-23.16:33:03::SCWBDomain::Running Make libs in ps7_cortexa9_0/libsrc/scutimer_v2_4/src

TRACE::2026-09-23.16:33:03::SCWBDomain::make -C ps7_cortexa9_0/libsrc/scutimer_v2_4/src -s libs  "SHELL=/bin/sh" "COMPILER=arm-none-eabi-gcc" "ASSEMBLER=arm-none-eabi-
TRACE::2026-09-23.16:33:03::SCWBDomain::as" "ARCHIVER=arm-none-eabi-ar" "COMPILER_FLAGS=  -O2 -c" "EXTRA_COMPILER_FLAGS=-mcpu=cortex-a9 -mfpu=vfpv3 -mfloat-abi=hard -n
TRACE::2026-09-23.16:33:03::SCWBDomain::ostartfiles -g -Wall -Wextra -fno-tree-loop-distribute-patterns"

TRACE::2026-09-23.16:33:03::SCWBDomain::Running Make libs in ps7_cortexa9_0/libsrc/scuwdt_v2_4/src

TRACE::2026-09-23.16:33:03::SCWBDomain::make -C ps7_cortexa9_0/libsrc/scuwdt_v2_4/src -s libs  "SHELL=/bin/sh" "COMPILER=arm-none-eabi-gcc" "ASSEMBLER=arm-none-eabi-as
TRACE::2026-09-23.16:33:03::SCWBDomain::" "ARCHIVER=arm-none-eabi-ar" "COMPILER_FLAGS=  -O2 -c" "EXTRA_COMPILER_FLAGS=-mcpu=cortex-a9 -mfpu=vfpv3 -mfloat-abi=hard -nos
TRACE::2026-09-23.16:33:03::SCWBDomain::tartfiles -g -Wall -Wextra -fno-tree-loop-distribute-patterns"

TRACE::2026-09-23.16:33:03::SCWBDomain::Running Make libs in ps7_cortexa9_0/libsrc/sdps_v4_1/src

TRACE::2026-09-23.16:33:03::SCWBDomain::make -C ps7_cortexa9_0/libsrc/sdps_v4_1/src -s libs  "SHELL=/bin/sh" "COMPILER=arm-none-eabi-gcc" "ASSEMBLER=arm-none-eabi-as" 
TRACE::2026-09-23.16:33:03::SCWBDomain::"ARCHIVER=arm-none-eabi-ar" "COMPILER_FLAGS=  -O2 -c" "EXTRA_COMPILER_FLAGS=-mcpu=cortex-a9 -mfpu=vfpv3 -mfloat-abi=hard -nosta
TRACE::2026-09-23.16:33:03::SCWBDomain::rtfiles -g -Wall -Wextra -fno-tree-loop-distribute-patterns"

TRACE::2026-09-23.16:33:03::SCWBDomain::Running Make libs in ps7_cortexa9_0/libsrc/standalone_v8_1/src

TRACE::2026-09-23.16:33:03::SCWBDomain::make -C ps7_cortexa9_0/libsrc/standalone_v8_1/src -s libs  "SHELL=/bin/sh" "COMPILER=arm-none-eabi-gcc" "ASSEMBLER=arm-none-eab
TRACE::2026-09-23.16:33:03::SCWBDomain::i-as" "ARCHIVER=arm-none-eabi-ar" "COMPILER_FLAGS=  -O2 -c" "EXTRA_COMPILER_FLAGS=-mcpu=cortex-a9 -mfpu=vfpv3 -mfloat-abi=hard 
TRACE::2026-09-23.16:33:03::SCWBDomain::-nostartfiles -g -Wall -Wextra -fno-tree-loop-distribute-patterns"

TRACE::2026-09-23.16:33:03::SCWBDomain::Running Make libs in ps7_cortexa9_0/libsrc/uartps_v3_12/src

TRACE::2026-09-23.16:33:03::SCWBDomain::make -C ps7_cortexa9_0/libsrc/uartps_v3_12/src -s libs  "SHELL=/bin/sh" "COMPILER=arm-none-eabi-gcc" "ASSEMBLER=arm-none-eabi-a
TRACE::2026-09-23.16:33:03::SCWBDomain::s" "ARCHIVER=arm-none-eabi-ar" "COMPILER_FLAGS=  -O2 -c" "EXTRA_COMPILER_FLAGS=-mcpu=cortex-a9 -mfpu=vfpv3 -mfloat-abi=hard -no
TRACE::2026-09-23.16:33:03::SCWBDomain::startfiles -g -Wall -Wextra -fno-tree-loop-distribute-patterns"

TRACE::2026-09-23.16:33:03::SCWBDomain::Running Make libs in ps7_cortexa9_0/libsrc/usbps_v2_7/src

TRACE::2026-09-23.16:33:03::SCWBDomain::Running Make libs in ps7_cortexa9_0/libsrc/xilffs_v5_0/src

TRACE::2026-09-23.16:33:03::SCWBDomain::make -C ps7_cortexa9_0/libsrc/usbps_v2_7/src -s libs  "SHELL=/bin/sh" "COMPILER=arm-none-eabi-gcc" "ASSEMBLER=arm-none-eabi-as"
TRACE::2026-09-23.16:33:03::SCWBDomain:: "ARCHIVER=arm-none-eabi-ar" "COMPILER_FLAGS=  -O2 -c" "EXTRA_COMPILER_FLAGS=-mcpu=cortex-a9 -mfpu=vfpv3 -mfloat-abi=hard -nost
TRACE::2026-09-23.16:33:03::SCWBDomain::artfiles -g -Wall -Wextra -fno-tree-loop-distribute-patterns"

TRACE::2026-09-23.16:33:03::SCWBDomain::Running Make libs in ps7_cortexa9_0/libsrc/xadcps_v2_6/src

TRACE::2026-09-23.16:33:03::SCWBDomain::make -C ps7_cortexa9_0/libsrc/xilffs_v5_0/src -s libs  "SHELL=/bin/sh" "COMPILER=arm-none-eabi-gcc" "ASSEMBLER=arm-none-eabi-as
TRACE::2026-09-23.16:33:03::SCWBDomain::" "ARCHIVER=arm-none-eabi-ar" "COMPILER_FLAGS=  -O2 -c" "EXTRA_COMPILER_FLAGS=-mcpu=cortex-a9 -mfpu=vfpv3 -mfloat-abi=hard -nos
TRACE::2026-09-23.16:33:03::SCWBDomain::tartfiles -g -Wall -Wextra -fno-tree-loop-distribute-patterns"

TRACE::2026-09-23.16:33:03::SCWBDomain::make -C ps7_cortexa9_0/libsrc/xadcps_v2_6/src -s libs  "SHELL=/bin/sh" "COMPILER=arm-none-eabi-gcc" "ASSEMBLER=arm-none-eabi-as
TRACE::2026-09-23.16:33:03::SCWBDomain::" "ARCHIVER=arm-none-eabi-ar" "COMPILER_FLAGS=  -O2 -c" "EXTRA_COMPILER_FLAGS=-mcpu=cortex-a9 -mfpu=vfpv3 -mfloat-abi=hard -nos
TRACE::2026-09-23.16:33:03::SCWBDomain::tartfiles -g -Wall -Wextra -fno-tree-loop-distribute-patterns"

TRACE::2026-09-23.16:33:03::SCWBDomain::Finished building libraries parallelly.

TRACE::2026-09-23.16:33:03::SCWBDomain::make --no-print-directory archive

TRACE::2026-09-23.16:33:03::SCWBDomain::arm-none-eabi-ar -r  ps7_cortexa9_0/lib/libxil.a ps7_cortexa9_0/lib/_exit.o ps7_cortexa9_0/lib/_open.o ps7_cortexa9_0/lib/_sbrk
TRACE::2026-09-23.16:33:03::SCWBDomain::.o ps7_cortexa9_0/lib/abort.o ps7_cortexa9_0/lib/asm_vectors.o ps7_cortexa9_0/lib/boot.o ps7_cortexa9_0/lib/close.o ps7_cortexa
TRACE::2026-09-23.16:33:03::SCWBDomain::9_0/lib/cpputest_time.o ps7_cortexa9_0/lib/cpu_init.o ps7_cortexa9_0/lib/errno.o ps7_cortexa9_0/lib/fcntl.o ps7_cortexa9_0/lib/
TRACE::2026-09-23.16:33:03::SCWBDomain::fstat.o ps7_cortexa9_0/lib/getentropy.o ps7_cortexa9_0/lib/getpid.o ps7_cortexa9_0/lib/inbyte.o ps7_cortexa9_0/lib/isatty.o ps7
TRACE::2026-09-23.16:33:03::SCWBDomain::_cortexa9_0/lib/kill.o ps7_cortexa9_0/lib/lseek.o ps7_cortexa9_0/lib/open.o ps7_cortexa9_0/lib/outbyte.o ps7_cortexa9_0/lib/pri
TRACE::2026-09-23.16:33:03::SCWBDomain::nt.o ps7_cortexa9_0/lib/putnum.o ps7_cortexa9_0/lib/read.o ps7_cortexa9_0/lib/sbrk.o ps7_cortexa9_0/lib/sleep.o ps7_cortexa9_0/
TRACE::2026-09-23.16:33:03::SCWBDomain::lib/time.o ps7_cortexa9_0/lib/translation_table.o ps7_cortexa9_0/lib/unlink.o ps7_cortexa9_0/lib/usleep.o ps7_cortexa9_0/lib/ve
TRACE::2026-09-23.16:33:03::SCWBDomain::ctors.o ps7_cortexa9_0/lib/write.o ps7_cortexa9_0/lib/xadcps.o ps7_cortexa9_0/lib/xadcps_g.o ps7_cortexa9_0/lib/xadcps_intr.o p
TRACE::2026-09-23.16:33:03::SCWBDomain::s7_cortexa9_0/lib/xadcps_selftest.o ps7_cortexa9_0/lib/xadcps_sinit.o ps7_cortexa9_0/lib/xaxidma.o ps7_cortexa9_0/lib/xaxidma_b
TRACE::2026-09-23.16:33:03::SCWBDomain::d.o ps7_cortexa9_0/lib/xaxidma_bdring.o ps7_cortexa9_0/lib/xaxidma_g.o ps7_cortexa9_0/lib/xaxidma_selftest.o ps7_cortexa9_0/lib
TRACE::2026-09-23.16:33:03::SCWBDomain::/xaxidma_sinit.o ps7_cortexa9_0/lib/xcoresightpsdcc.o ps7_cortexa9_0/lib/xdevcfg.o ps7_cortexa9_0/lib/xdevcfg_g.o ps7_cortexa9_
TRACE::2026-09-23.16:33:03::SCWBDomain::0/lib/xdevcfg_hw.o ps7_cortexa9_0/lib/xdevcfg_intr.o ps7_cortexa9_0/lib/xdevcfg_selftest.o ps7_cortexa9_0/lib/xdevcfg_sinit.o p
TRACE::2026-09-23.16:33:03::SCWBDomain::s7_cortexa9_0/lib/xdmaps.o ps7_cortexa9_0/lib/xdmaps_g.o ps7_cortexa9_0/lib/xdmaps_hw.o ps7_cortexa9_0/lib/xdmaps_selftest.o ps
TRACE::2026-09-23.16:33:03::SCWBDomain::7_cortexa9_0/lib/xdmaps_sinit.o ps7_cortexa9_0/lib/xemacps.o ps7_cortexa9_0/lib/xemacps_bdring.o ps7_cortexa9_0/lib/xemacps_con
TRACE::2026-09-23.16:33:03::SCWBDomain::trol.o ps7_cortexa9_0/lib/xemacps_g.o ps7_cortexa9_0/lib/xemacps_hw.o ps7_cortexa9_0/lib/xemacps_intr.o ps7_cortexa9_0/lib/xema
TRACE::2026-09-23.16:33:03::SCWBDomain::cps_sinit.o ps7_cortexa9_0/lib/xgpiops.o ps7_cortexa9_0/lib/xgpiops_g.o ps7_cortexa9_0/lib/xgpiops_hw.o ps7_cortexa9_0/lib/xgpi
TRACE::2026-09-23.16:33:03::SCWBDomain::ops_intr.o ps7_cortexa9_0/lib/xgpiops_selftest.o ps7_cortexa9_0/lib/xgpiops_sinit.o ps7_cortexa9_0/lib/xil-crt0.o ps7_cortexa9_
TRACE::2026-09-23.16:33:03::SCWBDomain::0/lib/xil_assert.o ps7_cortexa9_0/lib/xil_cache.o ps7_cortexa9_0/lib/xil_clocking.o ps7_cortexa9_0/lib/xil_exception.o ps7_cort
TRACE::2026-09-23.16:33:03::SCWBDomain::exa9_0/lib/xil_mem.o ps7_cortexa9_0/lib/xil_misc_psreset_api.o ps7_cortexa9_0/lib/xil_mmu.o ps7_cortexa9_0/lib/xil_printf.o ps7
TRACE::2026-09-23.16:33:03::SCWBDomain::_cortexa9_0/lib/xil_sleepcommon.o ps7_cortexa9_0/lib/xil_sleeptimer.o ps7_cortexa9_0/lib/xil_spinlock.o ps7_cortexa9_0/lib/xil_
TRACE::2026-09-23.16:33:03::SCWBDomain::testcache.o ps7_cortexa9_0/lib/xil_testio.o ps7_cortexa9_0/lib/xil_testmem.o ps7_cortexa9_0/lib/xil_util.o ps7_cortexa9_0/lib/x
TRACE::2026-09-23.16:33:03::SCWBDomain::interrupt_wrap.o ps7_cortexa9_0/lib/xl2cc_counter.o ps7_cortexa9_0/lib/xplatform_info.o ps7_cortexa9_0/lib/xpm_counter.o ps7_co
TRACE::2026-09-23.16:33:03::SCWBDomain::rtexa9_0/lib/xqspips.o ps7_cortexa9_0/lib/xqspips_g.o ps7_cortexa9_0/lib/xqspips_hw.o ps7_cortexa9_0/lib/xqspips_options.o ps7_
TRACE::2026-09-23.16:33:03::SCWBDomain::cortexa9_0/lib/xqspips_selftest.o ps7_cortexa9_0/lib/xqspips_sinit.o ps7_cortexa9_0/lib/xscugic.o ps7_cortexa9_0/lib/xscugic_g.
TRACE::2026-09-23.16:33:03::SCWBDomain::o ps7_cortexa9_0/lib/xscugic_hw.o ps7_cortexa9_0/lib/xscugic_intr.o ps7_cortexa9_0/lib/xscugic_selftest.o ps7_cortexa9_0/lib/xs
TRACE::2026-09-23.16:33:03::SCWBDomain::cugic_sinit.o ps7_cortexa9_0/lib/xscutimer.o ps7_cortexa9_0/lib/xscutimer_g.o ps7_cortexa9_0/lib/xscutimer_selftest.o ps7_corte
TRACE::2026-09-23.16:33:03::SCWBDomain::xa9_0/lib/xscutimer_sinit.o ps7_cortexa9_0/lib/xscuwdt.o ps7_cortexa9_0/lib/xscuwdt_g.o ps7_cortexa9_0/lib/xscuwdt_selftest.o p
TRACE::2026-09-23.16:33:03::SCWBDomain::s7_cortexa9_0/lib/xscuwdt_sinit.o ps7_cortexa9_0/lib/xsdps.o ps7_cortexa9_0/lib/xsdps_card.o ps7_cortexa9_0/lib/xsdps_g.o ps7_c
TRACE::2026-09-23.16:33:03::SCWBDomain::ortexa9_0/lib/xsdps_host.o ps7_cortexa9_0/lib/xsdps_options.o ps7_cortexa9_0/lib/xsdps_sinit.o ps7_cortexa9_0/lib/xtime_l.o ps7
TRACE::2026-09-23.16:33:03::SCWBDomain::_cortexa9_0/lib/xuartps.o ps7_cortexa9_0/lib/xuartps_g.o ps7_cortexa9_0/lib/xuartps_hw.o ps7_cortexa9_0/lib/xuartps_intr.o ps7_
TRACE::2026-09-23.16:33:03::SCWBDomain::cortexa9_0/lib/xuartps_options.o ps7_cortexa9_0/lib/xuartps_selftest.o ps7_cortexa9_0/lib/xuartps_sinit.o ps7_cortexa9_0/lib/xu
TRACE::2026-09-23.16:33:03::SCWBDomain::sbps.o ps7_cortexa9_0/lib/xusbps_endpoint.o ps7_cortexa9_0/lib/xusbps_g.o ps7_cortexa9_0/lib/xusbps_hw.o ps7_cortexa9_0/lib/xus
TRACE::2026-09-23.16:33:03::SCWBDomain::bps_intr.o ps7_cortexa9_0/lib/xusbps_sinit.o

TRACE::2026-09-23.16:33:03::SCWBDomain::Finished building libraries

TRACE::2026-09-23.16:33:03::SCWBDomain::make[1]: Leaving directory '/users/students/r0933784/DDP/sw_package_2026/sw_project/project_sw/ecc_project_wrapper/zynq_fsbl/zy
TRACE::2026-09-23.16:33:03::SCWBDomain::nq_fsbl_bsp'

TRACE::2026-09-23.16:33:03::SCWBDomain::make[1]: Entering directory '/users/students/r0933784/DDP/sw_package_2026/sw_project/project_sw/ecc_project_wrapper/zynq_fsbl'

TRACE::2026-09-23.16:33:03::SCWBDomain::arm-none-eabi-gcc -o fsbl.elf fsbl_handoff.o fsbl_hooks.o image_mover.o main.o md5.o nand.o nor.o pcap.o ps7_init.o qspi.o rsa.
TRACE::2026-09-23.16:33:03::SCWBDomain::o sd.o -MMD -MP       -mcpu=cortex-a9 -mfpu=vfpv3 -mfloat-abi=hard   -mcpu=cortex-a9 -mfpu=vfpv3 -mfloat-abi=hard -Wl,-build-id
TRACE::2026-09-23.16:33:03::SCWBDomain::=none -specs=Xilinx.spec  -lrsa -Wl,--start-group,-lxil,-lgcc,-lc,--end-group -Wl,--start-group,-lxilffs,-lxil,-lgcc,-lc,--end-
TRACE::2026-09-23.16:33:03::SCWBDomain::group -Wl,--start-group,-lrsa,-lxil,-lgcc,-lc,--end-group                                     -Wl,--gc-sections -Lzynq_fsbl_bsp
TRACE::2026-09-23.16:33:03::SCWBDomain::/ps7_cortexa9_0/lib -L./ -Tlscript.ld

TRACE::2026-09-23.16:33:03::SCWBDomain::make[1]: Leaving directory '/users/students/r0933784/DDP/sw_package_2026/sw_project/project_sw/ecc_project_wrapper/zynq_fsbl'

LOG::2026-09-23.16:33:03::SCWSystem::Checking the domain standalone_domain
LOG::2026-09-23.16:33:03::SCWSystem::Not a boot domain 
LOG::2026-09-23.16:33:03::SCWSystem::Started Processing the domain standalone_domain
TRACE::2026-09-23.16:33:03::SCWDomain::Generating domain artifcats
TRACE::2026-09-23.16:33:03::SCWMssOS::Generating standalone artifcats
TRACE::2026-09-23.16:33:03::SCWMssOS::Copying the qemu file from  /users/students/r0933784/DDP/sw_package_2026/sw_project/project_sw/ecc_project_wrapper/resources/ecc_project_wrapper/standalone_domain/qemu_args.txt To /users/students/r0933784/DDP/sw_package_2026/sw_project/project_sw/ecc_project_wrapper/export/ecc_project_wrapper/sw/ecc_project_wrapper/qemu/
TRACE::2026-09-23.16:33:03::SCWMssOS::Copying the qemu file from  /users/students/r0933784/DDP/sw_package_2026/sw_project/project_sw/ecc_project_wrapper/resources/ecc_project_wrapper/standalone_domain/qemu_args.txt To /users/students/r0933784/DDP/sw_package_2026/sw_project/project_sw/ecc_project_wrapper/export/ecc_project_wrapper/sw/ecc_project_wrapper/standalone_domain/qemu/
TRACE::2026-09-23.16:33:03::SCWMssOS:: Copying the user libraries. 
TRACE::2026-09-23.16:33:03::SCWPlatform::Trying to open the hw design at /users/students/r0933784/DDP/sw_package_2026/sw_project/project_sw/ecc_project_wrapper/hw/ecc_project_wrapper.xsa
TRACE::2026-09-23.16:33:03::SCWPlatform::DSA given /users/students/r0933784/DDP/sw_package_2026/sw_project/project_sw/ecc_project_wrapper/hw/ecc_project_wrapper.xsa
TRACE::2026-09-23.16:33:03::SCWPlatform::DSA absoulate path /users/students/r0933784/DDP/sw_package_2026/sw_project/project_sw/ecc_project_wrapper/hw/ecc_project_wrapper.xsa
TRACE::2026-09-23.16:33:03::SCWPlatform::DSA directory /users/students/r0933784/DDP/sw_package_2026/sw_project/project_sw/ecc_project_wrapper/hw
TRACE::2026-09-23.16:33:03::SCWPlatform:: Platform Path /users/students/r0933784/DDP/sw_package_2026/sw_project/project_sw/ecc_project_wrapper/hw/ecc_project_wrapper.xsa
TRACE::2026-09-23.16:33:03::SCWPlatform:: Unique name xilinx:pynq-z2::0.0
TRACE::2026-09-23.16:33:03::SCWPlatform::Trying to set the existing hwdb with name rsa_project_wrapper
TRACE::2026-09-23.16:33:03::SCWPlatform::Opened existing hwdb rsa_project_wrapper
TRACE::2026-09-23.16:33:03::SCWPlatform::Found the Hw Db part of the input DSA
TRACE::2026-09-23.16:33:03::SCWMssOS::Checking the sw design at  /users/students/r0933784/DDP/sw_package_2026/sw_project/project_sw/ecc_project_wrapper/ps7_cortexa9_0/standalone_domain/bsp/system.mss
TRACE::2026-09-23.16:33:03::SCWMssOS::DEBUG:  swdes dump  /users/students/r0933784/DDP/sw_package_2026/sw_project/project_sw/ecc_project_wrapper/ps7_cortexa9_0/standalone_domain/bsp/system.mss|system_0||
/users/students/r0933784/DDP/sw_package_2026/sw_project/project_sw/ecc_project_wrapper/zynq_fsbl/zynq_fsbl_bsp/system.mss|system||

TRACE::2026-09-23.16:33:03::SCWMssOS::Sw design exists and opened at  /users/students/r0933784/DDP/sw_package_2026/sw_project/project_sw/ecc_project_wrapper/ps7_cortexa9_0/standalone_domain/bsp/system.mss
TRACE::2026-09-23.16:33:03::SCWMssOS::Completed writing the mss file at /users/students/r0933784/DDP/sw_package_2026/sw_project/project_sw/ecc_project_wrapper/ps7_cortexa9_0/standalone_domain/bsp
TRACE::2026-09-23.16:33:03::SCWMssOS::Mss edits present, copying mssfile into export location /users/students/r0933784/DDP/sw_package_2026/sw_project/project_sw/ecc_project_wrapper/ps7_cortexa9_0/standalone_domain/bsp/system.mss
TRACE::2026-09-23.16:33:03::SCWMssOS::bsp generated is upto date with the mss file. Skipping bsp generation.
TRACE::2026-09-23.16:33:03::SCWMssOS::BSP is already built. skipping the bsp build ... 
TRACE::2026-09-23.16:33:03::SCWDomain::Building the domain as part of full build :  standalone_domain
TRACE::2026-09-23.16:33:03::SCWMssOS::doing bsp build ... 
TRACE::2026-09-23.16:33:03::SCWMssOS::System Command Ran  cd  /users/students/r0933784/DDP/sw_package_2026/sw_project/project_sw/ecc_project_wrapper/ps7_cortexa9_0/standalone_domain/bsp ; bash -c "make  " 
TRACE::2026-09-23.16:33:03::SCWMssOS::make[1]: Entering directory '/users/students/r0933784/DDP/sw_package_2026/sw_project/project_sw/ecc_project_wrapper/ps7_cortexa
TRACE::2026-09-23.16:33:03::SCWMssOS::9_0/standalone_domain/bsp'

TRACE::2026-09-23.16:33:03::SCWMssOS::make --no-print-directory seq_libs

TRACE::2026-09-23.16:33:03::SCWMssOS::Finished building libraries sequentially.

TRACE::2026-09-23.16:33:03::SCWMssOS::make -j 10 --no-print-directory par_libs

TRACE::2026-09-23.16:33:03::SCWMssOS::Running Make include in ps7_cortexa9_0/libsrc/axidma_v9_16/src

TRACE::2026-09-23.16:33:03::SCWMssOS::Running Make include in ps7_cortexa9_0/libsrc/coresightps_dcc_v1_8/src

TRACE::2026-09-23.16:33:03::SCWMssOS::make -C ps7_cortexa9_0/libsrc/axidma_v9_16/src -s include  "SHELL=/bin/sh" "COMPILER=arm-none-eabi-gcc" "ASSEMBLER=arm-none-eab
TRACE::2026-09-23.16:33:03::SCWMssOS::i-as" "ARCHIVER=arm-none-eabi-ar" "COMPILER_FLAGS=  -O2 -c" "EXTRA_COMPILER_FLAGS=-mcpu=cortex-a9 -mfpu=vfpv3 -mfloat-abi=hard 
TRACE::2026-09-23.16:33:03::SCWMssOS::-nostartfiles -g -Wall -Wextra -fno-tree-loop-distribute-patterns"

TRACE::2026-09-23.16:33:03::SCWMssOS::Running Make include in ps7_cortexa9_0/libsrc/cpu_cortexa9_v2_11/src

TRACE::2026-09-23.16:33:03::SCWMssOS::make -C ps7_cortexa9_0/libsrc/coresightps_dcc_v1_8/src -s include  "SHELL=/bin/sh" "COMPILER=arm-none-eabi-gcc" "ASSEMBLER=arm-
TRACE::2026-09-23.16:33:03::SCWMssOS::none-eabi-as" "ARCHIVER=arm-none-eabi-ar" "COMPILER_FLAGS=  -O2 -c" "EXTRA_COMPILER_FLAGS=-mcpu=cortex-a9 -mfpu=vfpv3 -mfloat-a
TRACE::2026-09-23.16:33:04::SCWMssOS::bi=hard -nostartfiles -g -Wall -Wextra -fno-tree-loop-distribute-patterns"

TRACE::2026-09-23.16:33:04::SCWMssOS::Running Make include in ps7_cortexa9_0/libsrc/ddrps_v1_2/src

TRACE::2026-09-23.16:33:04::SCWMssOS::Running Make include in ps7_cortexa9_0/libsrc/devcfg_v3_7/src

TRACE::2026-09-23.16:33:04::SCWMssOS::make -C ps7_cortexa9_0/libsrc/cpu_cortexa9_v2_11/src -s include  "SHELL=/bin/sh" "COMPILER=arm-none-eabi-gcc" "ASSEMBLER=arm-no
TRACE::2026-09-23.16:33:04::SCWMssOS::ne-eabi-as" "ARCHIVER=arm-none-eabi-ar" "COMPILER_FLAGS=  -O2 -c" "EXTRA_COMPILER_FLAGS=-mcpu=cortex-a9 -mfpu=vfpv3 -mfloat-abi
TRACE::2026-09-23.16:33:04::SCWMssOS::=hard -nostartfiles -g -Wall -Wextra -fno-tree-loop-distribute-patterns"

TRACE::2026-09-23.16:33:04::SCWMssOS::make -C ps7_cortexa9_0/libsrc/ddrps_v1_2/src -s include  "SHELL=/bin/sh" "COMPILER=arm-none-eabi-gcc" "ASSEMBLER=arm-none-eabi-
TRACE::2026-09-23.16:33:04::SCWMssOS::as" "ARCHIVER=arm-none-eabi-ar" "COMPILER_FLAGS=  -O2 -c" "EXTRA_COMPILER_FLAGS=-mcpu=cortex-a9 -mfpu=vfpv3 -mfloat-abi=hard -n
TRACE::2026-09-23.16:33:04::SCWMssOS::ostartfiles -g -Wall -Wextra -fno-tree-loop-distribute-patterns"

TRACE::2026-09-23.16:33:04::SCWMssOS::Running Make include in ps7_cortexa9_0/libsrc/dmaps_v2_8/src

TRACE::2026-09-23.16:33:04::SCWMssOS::make -C ps7_cortexa9_0/libsrc/devcfg_v3_7/src -s include  "SHELL=/bin/sh" "COMPILER=arm-none-eabi-gcc" "ASSEMBLER=arm-none-eabi
TRACE::2026-09-23.16:33:04::SCWMssOS::-as" "ARCHIVER=arm-none-eabi-ar" "COMPILER_FLAGS=  -O2 -c" "EXTRA_COMPILER_FLAGS=-mcpu=cortex-a9 -mfpu=vfpv3 -mfloat-abi=hard -
TRACE::2026-09-23.16:33:04::SCWMssOS::nostartfiles -g -Wall -Wextra -fno-tree-loop-distribute-patterns"

TRACE::2026-09-23.16:33:04::SCWMssOS::make -C ps7_cortexa9_0/libsrc/dmaps_v2_8/src -s include  "SHELL=/bin/sh" "COMPILER=arm-none-eabi-gcc" "ASSEMBLER=arm-none-eabi-
TRACE::2026-09-23.16:33:04::SCWMssOS::as" "ARCHIVER=arm-none-eabi-ar" "COMPILER_FLAGS=  -O2 -c" "EXTRA_COMPILER_FLAGS=-mcpu=cortex-a9 -mfpu=vfpv3 -mfloat-abi=hard -n
TRACE::2026-09-23.16:33:04::SCWMssOS::ostartfiles -g -Wall -Wextra -fno-tree-loop-distribute-patterns"

TRACE::2026-09-23.16:33:04::SCWMssOS::Running Make include in ps7_cortexa9_0/libsrc/emacps_v3_18/src

TRACE::2026-09-23.16:33:04::SCWMssOS::Running Make include in ps7_cortexa9_0/libsrc/gpiops_v3_11/src

TRACE::2026-09-23.16:33:04::SCWMssOS::make -C ps7_cortexa9_0/libsrc/emacps_v3_18/src -s include  "SHELL=/bin/sh" "COMPILER=arm-none-eabi-gcc" "ASSEMBLER=arm-none-eab
TRACE::2026-09-23.16:33:04::SCWMssOS::i-as" "ARCHIVER=arm-none-eabi-ar" "COMPILER_FLAGS=  -O2 -c" "EXTRA_COMPILER_FLAGS=-mcpu=cortex-a9 -mfpu=vfpv3 -mfloat-abi=hard 
TRACE::2026-09-23.16:33:04::SCWMssOS::-nostartfiles -g -Wall -Wextra -fno-tree-loop-distribute-patterns"

TRACE::2026-09-23.16:33:04::SCWMssOS::Running Make include in ps7_cortexa9_0/libsrc/qspips_v3_10/src

TRACE::2026-09-23.16:33:04::SCWMssOS::make -C ps7_cortexa9_0/libsrc/gpiops_v3_11/src -s include  "SHELL=/bin/sh" "COMPILER=arm-none-eabi-gcc" "ASSEMBLER=arm-none-eab
TRACE::2026-09-23.16:33:04::SCWMssOS::i-as" "ARCHIVER=arm-none-eabi-ar" "COMPILER_FLAGS=  -O2 -c" "EXTRA_COMPILER_FLAGS=-mcpu=cortex-a9 -mfpu=vfpv3 -mfloat-abi=hard 
TRACE::2026-09-23.16:33:04::SCWMssOS::-nostartfiles -g -Wall -Wextra -fno-tree-loop-distribute-patterns"

TRACE::2026-09-23.16:33:04::SCWMssOS::make -C ps7_cortexa9_0/libsrc/qspips_v3_10/src -s include  "SHELL=/bin/sh" "COMPILER=arm-none-eabi-gcc" "ASSEMBLER=arm-none-eab
TRACE::2026-09-23.16:33:04::SCWMssOS::i-as" "ARCHIVER=arm-none-eabi-ar" "COMPILER_FLAGS=  -O2 -c" "EXTRA_COMPILER_FLAGS=-mcpu=cortex-a9 -mfpu=vfpv3 -mfloat-abi=hard 
TRACE::2026-09-23.16:33:04::SCWMssOS::-nostartfiles -g -Wall -Wextra -fno-tree-loop-distribute-patterns"

TRACE::2026-09-23.16:33:04::SCWMssOS::Running Make include in ps7_cortexa9_0/libsrc/scugic_v5_1/src

TRACE::2026-09-23.16:33:04::SCWMssOS::make -C ps7_cortexa9_0/libsrc/scugic_v5_1/src -s include  "SHELL=/bin/sh" "COMPILER=arm-none-eabi-gcc" "ASSEMBLER=arm-none-eabi
TRACE::2026-09-23.16:33:04::SCWMssOS::-as" "ARCHIVER=arm-none-eabi-ar" "COMPILER_FLAGS=  -O2 -c" "EXTRA_COMPILER_FLAGS=-mcpu=cortex-a9 -mfpu=vfpv3 -mfloat-abi=hard -
TRACE::2026-09-23.16:33:04::SCWMssOS::nostartfiles -g -Wall -Wextra -fno-tree-loop-distribute-patterns"

TRACE::2026-09-23.16:33:04::SCWMssOS::Running Make include in ps7_cortexa9_0/libsrc/scutimer_v2_4/src

TRACE::2026-09-23.16:33:04::SCWMssOS::make -C ps7_cortexa9_0/libsrc/scutimer_v2_4/src -s include  "SHELL=/bin/sh" "COMPILER=arm-none-eabi-gcc" "ASSEMBLER=arm-none-ea
TRACE::2026-09-23.16:33:04::SCWMssOS::bi-as" "ARCHIVER=arm-none-eabi-ar" "COMPILER_FLAGS=  -O2 -c" "EXTRA_COMPILER_FLAGS=-mcpu=cortex-a9 -mfpu=vfpv3 -mfloat-abi=hard
TRACE::2026-09-23.16:33:04::SCWMssOS:: -nostartfiles -g -Wall -Wextra -fno-tree-loop-distribute-patterns"

TRACE::2026-09-23.16:33:04::SCWMssOS::Running Make include in ps7_cortexa9_0/libsrc/scuwdt_v2_4/src

TRACE::2026-09-23.16:33:04::SCWMssOS::make -C ps7_cortexa9_0/libsrc/scuwdt_v2_4/src -s include  "SHELL=/bin/sh" "COMPILER=arm-none-eabi-gcc" "ASSEMBLER=arm-none-eabi
TRACE::2026-09-23.16:33:04::SCWMssOS::-as" "ARCHIVER=arm-none-eabi-ar" "COMPILER_FLAGS=  -O2 -c" "EXTRA_COMPILER_FLAGS=-mcpu=cortex-a9 -mfpu=vfpv3 -mfloat-abi=hard -
TRACE::2026-09-23.16:33:04::SCWMssOS::nostartfiles -g -Wall -Wextra -fno-tree-loop-distribute-patterns"

TRACE::2026-09-23.16:33:04::SCWMssOS::Running Make include in ps7_cortexa9_0/libsrc/sdps_v4_1/src

TRACE::2026-09-23.16:33:04::SCWMssOS::make -C ps7_cortexa9_0/libsrc/sdps_v4_1/src -s include  "SHELL=/bin/sh" "COMPILER=arm-none-eabi-gcc" "ASSEMBLER=arm-none-eabi-a
TRACE::2026-09-23.16:33:04::SCWMssOS::s" "ARCHIVER=arm-none-eabi-ar" "COMPILER_FLAGS=  -O2 -c" "EXTRA_COMPILER_FLAGS=-mcpu=cortex-a9 -mfpu=vfpv3 -mfloat-abi=hard -no
TRACE::2026-09-23.16:33:04::SCWMssOS::startfiles -g -Wall -Wextra -fno-tree-loop-distribute-patterns"

TRACE::2026-09-23.16:33:04::SCWMssOS::Running Make include in ps7_cortexa9_0/libsrc/standalone_v8_1/src

TRACE::2026-09-23.16:33:04::SCWMssOS::make -C ps7_cortexa9_0/libsrc/standalone_v8_1/src -s include  "SHELL=/bin/sh" "COMPILER=arm-none-eabi-gcc" "ASSEMBLER=arm-none-
TRACE::2026-09-23.16:33:04::SCWMssOS::eabi-as" "ARCHIVER=arm-none-eabi-ar" "COMPILER_FLAGS=  -O2 -c" "EXTRA_COMPILER_FLAGS=-mcpu=cortex-a9 -mfpu=vfpv3 -mfloat-abi=ha
TRACE::2026-09-23.16:33:04::SCWMssOS::rd -nostartfiles -g -Wall -Wextra -fno-tree-loop-distribute-patterns"

TRACE::2026-09-23.16:33:04::SCWMssOS::Running Make include in ps7_cortexa9_0/libsrc/uartps_v3_12/src

TRACE::2026-09-23.16:33:04::SCWMssOS::make -C ps7_cortexa9_0/libsrc/uartps_v3_12/src -s include  "SHELL=/bin/sh" "COMPILER=arm-none-eabi-gcc" "ASSEMBLER=arm-none-eab
TRACE::2026-09-23.16:33:04::SCWMssOS::i-as" "ARCHIVER=arm-none-eabi-ar" "COMPILER_FLAGS=  -O2 -c" "EXTRA_COMPILER_FLAGS=-mcpu=cortex-a9 -mfpu=vfpv3 -mfloat-abi=hard 
TRACE::2026-09-23.16:33:04::SCWMssOS::-nostartfiles -g -Wall -Wextra -fno-tree-loop-distribute-patterns"

TRACE::2026-09-23.16:33:04::SCWMssOS::Running Make include in ps7_cortexa9_0/libsrc/usbps_v2_7/src

TRACE::2026-09-23.16:33:04::SCWMssOS::make -C ps7_cortexa9_0/libsrc/usbps_v2_7/src -s include  "SHELL=/bin/sh" "COMPILER=arm-none-eabi-gcc" "ASSEMBLER=arm-none-eabi-
TRACE::2026-09-23.16:33:04::SCWMssOS::as" "ARCHIVER=arm-none-eabi-ar" "COMPILER_FLAGS=  -O2 -c" "EXTRA_COMPILER_FLAGS=-mcpu=cortex-a9 -mfpu=vfpv3 -mfloat-abi=hard -n
TRACE::2026-09-23.16:33:04::SCWMssOS::ostartfiles -g -Wall -Wextra -fno-tree-loop-distribute-patterns"

TRACE::2026-09-23.16:33:04::SCWMssOS::Running Make include in ps7_cortexa9_0/libsrc/xadcps_v2_6/src

TRACE::2026-09-23.16:33:04::SCWMssOS::make -C ps7_cortexa9_0/libsrc/xadcps_v2_6/src -s include  "SHELL=/bin/sh" "COMPILER=arm-none-eabi-gcc" "ASSEMBLER=arm-none-eabi
TRACE::2026-09-23.16:33:04::SCWMssOS::-as" "ARCHIVER=arm-none-eabi-ar" "COMPILER_FLAGS=  -O2 -c" "EXTRA_COMPILER_FLAGS=-mcpu=cortex-a9 -mfpu=vfpv3 -mfloat-abi=hard -
TRACE::2026-09-23.16:33:04::SCWMssOS::nostartfiles -g -Wall -Wextra -fno-tree-loop-distribute-patterns"

TRACE::2026-09-23.16:33:04::SCWMssOS::Running Make libs in ps7_cortexa9_0/libsrc/axidma_v9_16/src

TRACE::2026-09-23.16:33:04::SCWMssOS::make -C ps7_cortexa9_0/libsrc/axidma_v9_16/src -s libs  "SHELL=/bin/sh" "COMPILER=arm-none-eabi-gcc" "ASSEMBLER=arm-none-eabi-a
TRACE::2026-09-23.16:33:04::SCWMssOS::s" "ARCHIVER=arm-none-eabi-ar" "COMPILER_FLAGS=  -O2 -c" "EXTRA_COMPILER_FLAGS=-mcpu=cortex-a9 -mfpu=vfpv3 -mfloat-abi=hard -no
TRACE::2026-09-23.16:33:04::SCWMssOS::startfiles -g -Wall -Wextra -fno-tree-loop-distribute-patterns"

TRACE::2026-09-23.16:33:04::SCWMssOS::Running Make libs in ps7_cortexa9_0/libsrc/coresightps_dcc_v1_8/src

TRACE::2026-09-23.16:33:04::SCWMssOS::make -C ps7_cortexa9_0/libsrc/coresightps_dcc_v1_8/src -s libs  "SHELL=/bin/sh" "COMPILER=arm-none-eabi-gcc" "ASSEMBLER=arm-non
TRACE::2026-09-23.16:33:04::SCWMssOS::e-eabi-as" "ARCHIVER=arm-none-eabi-ar" "COMPILER_FLAGS=  -O2 -c" "EXTRA_COMPILER_FLAGS=-mcpu=cortex-a9 -mfpu=vfpv3 -mfloat-abi=
TRACE::2026-09-23.16:33:04::SCWMssOS::hard -nostartfiles -g -Wall -Wextra -fno-tree-loop-distribute-patterns"

TRACE::2026-09-23.16:33:04::SCWMssOS::Running Make libs in ps7_cortexa9_0/libsrc/cpu_cortexa9_v2_11/src

TRACE::2026-09-23.16:33:04::SCWMssOS::make -C ps7_cortexa9_0/libsrc/cpu_cortexa9_v2_11/src -s libs  "SHELL=/bin/sh" "COMPILER=arm-none-eabi-gcc" "ASSEMBLER=arm-none-
TRACE::2026-09-23.16:33:04::SCWMssOS::eabi-as" "ARCHIVER=arm-none-eabi-ar" "COMPILER_FLAGS=  -O2 -c" "EXTRA_COMPILER_FLAGS=-mcpu=cortex-a9 -mfpu=vfpv3 -mfloat-abi=ha
TRACE::2026-09-23.16:33:04::SCWMssOS::rd -nostartfiles -g -Wall -Wextra -fno-tree-loop-distribute-patterns"

TRACE::2026-09-23.16:33:04::SCWMssOS::Running Make libs in ps7_cortexa9_0/libsrc/ddrps_v1_2/src

TRACE::2026-09-23.16:33:04::SCWMssOS::Running Make libs in ps7_cortexa9_0/libsrc/devcfg_v3_7/src

TRACE::2026-09-23.16:33:04::SCWMssOS::make -C ps7_cortexa9_0/libsrc/ddrps_v1_2/src -s libs  "SHELL=/bin/sh" "COMPILER=arm-none-eabi-gcc" "ASSEMBLER=arm-none-eabi-as"
TRACE::2026-09-23.16:33:04::SCWMssOS:: "ARCHIVER=arm-none-eabi-ar" "COMPILER_FLAGS=  -O2 -c" "EXTRA_COMPILER_FLAGS=-mcpu=cortex-a9 -mfpu=vfpv3 -mfloat-abi=hard -nost
TRACE::2026-09-23.16:33:04::SCWMssOS::artfiles -g -Wall -Wextra -fno-tree-loop-distribute-patterns"

TRACE::2026-09-23.16:33:04::SCWMssOS::Running Make libs in ps7_cortexa9_0/libsrc/dmaps_v2_8/src

TRACE::2026-09-23.16:33:04::SCWMssOS::make -C ps7_cortexa9_0/libsrc/devcfg_v3_7/src -s libs  "SHELL=/bin/sh" "COMPILER=arm-none-eabi-gcc" "ASSEMBLER=arm-none-eabi-as
TRACE::2026-09-23.16:33:04::SCWMssOS::" "ARCHIVER=arm-none-eabi-ar" "COMPILER_FLAGS=  -O2 -c" "EXTRA_COMPILER_FLAGS=-mcpu=cortex-a9 -mfpu=vfpv3 -mfloat-abi=hard -nos
TRACE::2026-09-23.16:33:04::SCWMssOS::tartfiles -g -Wall -Wextra -fno-tree-loop-distribute-patterns"

TRACE::2026-09-23.16:33:04::SCWMssOS::make -C ps7_cortexa9_0/libsrc/dmaps_v2_8/src -s libs  "SHELL=/bin/sh" "COMPILER=arm-none-eabi-gcc" "ASSEMBLER=arm-none-eabi-as"
TRACE::2026-09-23.16:33:04::SCWMssOS:: "ARCHIVER=arm-none-eabi-ar" "COMPILER_FLAGS=  -O2 -c" "EXTRA_COMPILER_FLAGS=-mcpu=cortex-a9 -mfpu=vfpv3 -mfloat-abi=hard -nost
TRACE::2026-09-23.16:33:04::SCWMssOS::artfiles -g -Wall -Wextra -fno-tree-loop-distribute-patterns"

TRACE::2026-09-23.16:33:04::SCWMssOS::Running Make libs in ps7_cortexa9_0/libsrc/emacps_v3_18/src

TRACE::2026-09-23.16:33:04::SCWMssOS::make -C ps7_cortexa9_0/libsrc/emacps_v3_18/src -s libs  "SHELL=/bin/sh" "COMPILER=arm-none-eabi-gcc" "ASSEMBLER=arm-none-eabi-a
TRACE::2026-09-23.16:33:04::SCWMssOS::s" "ARCHIVER=arm-none-eabi-ar" "COMPILER_FLAGS=  -O2 -c" "EXTRA_COMPILER_FLAGS=-mcpu=cortex-a9 -mfpu=vfpv3 -mfloat-abi=hard -no
TRACE::2026-09-23.16:33:04::SCWMssOS::startfiles -g -Wall -Wextra -fno-tree-loop-distribute-patterns"

TRACE::2026-09-23.16:33:04::SCWMssOS::Running Make libs in ps7_cortexa9_0/libsrc/qspips_v3_10/src

TRACE::2026-09-23.16:33:04::SCWMssOS::Running Make libs in ps7_cortexa9_0/libsrc/gpiops_v3_11/src

TRACE::2026-09-23.16:33:04::SCWMssOS::make -C ps7_cortexa9_0/libsrc/gpiops_v3_11/src -s libs  "SHELL=/bin/sh" "COMPILER=arm-none-eabi-gcc" "ASSEMBLER=arm-none-eabi-a
TRACE::2026-09-23.16:33:04::SCWMssOS::s" "ARCHIVER=arm-none-eabi-ar" "COMPILER_FLAGS=  -O2 -c" "EXTRA_COMPILER_FLAGS=-mcpu=cortex-a9 -mfpu=vfpv3 -mfloat-abi=hard -no
TRACE::2026-09-23.16:33:04::SCWMssOS::startfiles -g -Wall -Wextra -fno-tree-loop-distribute-patterns"

TRACE::2026-09-23.16:33:04::SCWMssOS::make -C ps7_cortexa9_0/libsrc/qspips_v3_10/src -s libs  "SHELL=/bin/sh" "COMPILER=arm-none-eabi-gcc" "ASSEMBLER=arm-none-eabi-a
TRACE::2026-09-23.16:33:04::SCWMssOS::s" "ARCHIVER=arm-none-eabi-ar" "COMPILER_FLAGS=  -O2 -c" "EXTRA_COMPILER_FLAGS=-mcpu=cortex-a9 -mfpu=vfpv3 -mfloat-abi=hard -no
TRACE::2026-09-23.16:33:04::SCWMssOS::startfiles -g -Wall -Wextra -fno-tree-loop-distribute-patterns"

TRACE::2026-09-23.16:33:04::SCWMssOS::Running Make libs in ps7_cortexa9_0/libsrc/scugic_v5_1/src

TRACE::2026-09-23.16:33:04::SCWMssOS::make -C ps7_cortexa9_0/libsrc/scugic_v5_1/src -s libs  "SHELL=/bin/sh" "COMPILER=arm-none-eabi-gcc" "ASSEMBLER=arm-none-eabi-as
TRACE::2026-09-23.16:33:04::SCWMssOS::" "ARCHIVER=arm-none-eabi-ar" "COMPILER_FLAGS=  -O2 -c" "EXTRA_COMPILER_FLAGS=-mcpu=cortex-a9 -mfpu=vfpv3 -mfloat-abi=hard -nos
TRACE::2026-09-23.16:33:04::SCWMssOS::tartfiles -g -Wall -Wextra -fno-tree-loop-distribute-patterns"

TRACE::2026-09-23.16:33:04::SCWMssOS::Running Make libs in ps7_cortexa9_0/libsrc/scutimer_v2_4/src

TRACE::2026-09-23.16:33:04::SCWMssOS::make -C ps7_cortexa9_0/libsrc/scutimer_v2_4/src -s libs  "SHELL=/bin/sh" "COMPILER=arm-none-eabi-gcc" "ASSEMBLER=arm-none-eabi-
TRACE::2026-09-23.16:33:04::SCWMssOS::as" "ARCHIVER=arm-none-eabi-ar" "COMPILER_FLAGS=  -O2 -c" "EXTRA_COMPILER_FLAGS=-mcpu=cortex-a9 -mfpu=vfpv3 -mfloat-abi=hard -n
TRACE::2026-09-23.16:33:04::SCWMssOS::ostartfiles -g -Wall -Wextra -fno-tree-loop-distribute-patterns"

TRACE::2026-09-23.16:33:04::SCWMssOS::Running Make libs in ps7_cortexa9_0/libsrc/scuwdt_v2_4/src

TRACE::2026-09-23.16:33:04::SCWMssOS::make -C ps7_cortexa9_0/libsrc/scuwdt_v2_4/src -s libs  "SHELL=/bin/sh" "COMPILER=arm-none-eabi-gcc" "ASSEMBLER=arm-none-eabi-as
TRACE::2026-09-23.16:33:04::SCWMssOS::" "ARCHIVER=arm-none-eabi-ar" "COMPILER_FLAGS=  -O2 -c" "EXTRA_COMPILER_FLAGS=-mcpu=cortex-a9 -mfpu=vfpv3 -mfloat-abi=hard -nos
TRACE::2026-09-23.16:33:04::SCWMssOS::tartfiles -g -Wall -Wextra -fno-tree-loop-distribute-patterns"

TRACE::2026-09-23.16:33:04::SCWMssOS::Running Make libs in ps7_cortexa9_0/libsrc/sdps_v4_1/src

TRACE::2026-09-23.16:33:04::SCWMssOS::make -C ps7_cortexa9_0/libsrc/sdps_v4_1/src -s libs  "SHELL=/bin/sh" "COMPILER=arm-none-eabi-gcc" "ASSEMBLER=arm-none-eabi-as" 
TRACE::2026-09-23.16:33:04::SCWMssOS::"ARCHIVER=arm-none-eabi-ar" "COMPILER_FLAGS=  -O2 -c" "EXTRA_COMPILER_FLAGS=-mcpu=cortex-a9 -mfpu=vfpv3 -mfloat-abi=hard -nosta
TRACE::2026-09-23.16:33:04::SCWMssOS::rtfiles -g -Wall -Wextra -fno-tree-loop-distribute-patterns"

TRACE::2026-09-23.16:33:04::SCWMssOS::Running Make libs in ps7_cortexa9_0/libsrc/standalone_v8_1/src

TRACE::2026-09-23.16:33:04::SCWMssOS::make -C ps7_cortexa9_0/libsrc/standalone_v8_1/src -s libs  "SHELL=/bin/sh" "COMPILER=arm-none-eabi-gcc" "ASSEMBLER=arm-none-eab
TRACE::2026-09-23.16:33:04::SCWMssOS::i-as" "ARCHIVER=arm-none-eabi-ar" "COMPILER_FLAGS=  -O2 -c" "EXTRA_COMPILER_FLAGS=-mcpu=cortex-a9 -mfpu=vfpv3 -mfloat-abi=hard 
TRACE::2026-09-23.16:33:04::SCWMssOS::-nostartfiles -g -Wall -Wextra -fno-tree-loop-distribute-patterns"

TRACE::2026-09-23.16:33:04::SCWMssOS::Running Make libs in ps7_cortexa9_0/libsrc/usbps_v2_7/src

TRACE::2026-09-23.16:33:04::SCWMssOS::make -C ps7_cortexa9_0/libsrc/usbps_v2_7/src -s libs  "SHELL=/bin/sh" "COMPILER=arm-none-eabi-gcc" "ASSEMBLER=arm-none-eabi-as"
TRACE::2026-09-23.16:33:04::SCWMssOS:: "ARCHIVER=arm-none-eabi-ar" "COMPILER_FLAGS=  -O2 -c" "EXTRA_COMPILER_FLAGS=-mcpu=cortex-a9 -mfpu=vfpv3 -mfloat-abi=hard -nost
TRACE::2026-09-23.16:33:04::SCWMssOS::artfiles -g -Wall -Wextra -fno-tree-loop-distribute-patterns"

TRACE::2026-09-23.16:33:04::SCWMssOS::Running Make libs in ps7_cortexa9_0/libsrc/xadcps_v2_6/src

TRACE::2026-09-23.16:33:04::SCWMssOS::Running Make libs in ps7_cortexa9_0/libsrc/uartps_v3_12/src

TRACE::2026-09-23.16:33:04::SCWMssOS::make -C ps7_cortexa9_0/libsrc/uartps_v3_12/src -s libs  "SHELL=/bin/sh" "COMPILER=arm-none-eabi-gcc" "ASSEMBLER=arm-none-eabi-a
TRACE::2026-09-23.16:33:04::SCWMssOS::s" "ARCHIVER=arm-none-eabi-ar" "COMPILER_FLAGS=  -O2 -c" "EXTRA_COMPILER_FLAGS=-mcpu=cortex-a9 -mfpu=vfpv3 -mfloat-abi=hard -no
TRACE::2026-09-23.16:33:04::SCWMssOS::startfiles -g -Wall -Wextra -fno-tree-loop-distribute-patterns"

TRACE::2026-09-23.16:33:04::SCWMssOS::make -C ps7_cortexa9_0/libsrc/xadcps_v2_6/src -s libs  "SHELL=/bin/sh" "COMPILER=arm-none-eabi-gcc" "ASSEMBLER=arm-none-eabi-as
TRACE::2026-09-23.16:33:04::SCWMssOS::" "ARCHIVER=arm-none-eabi-ar" "COMPILER_FLAGS=  -O2 -c" "EXTRA_COMPILER_FLAGS=-mcpu=cortex-a9 -mfpu=vfpv3 -mfloat-abi=hard -nos
TRACE::2026-09-23.16:33:04::SCWMssOS::tartfiles -g -Wall -Wextra -fno-tree-loop-distribute-patterns"

TRACE::2026-09-23.16:33:04::SCWMssOS::Finished building libraries parallelly.

TRACE::2026-09-23.16:33:04::SCWMssOS::make --no-print-directory archive

TRACE::2026-09-23.16:33:04::SCWMssOS::arm-none-eabi-ar -r  ps7_cortexa9_0/lib/libxil.a ps7_cortexa9_0/lib/_exit.o ps7_cortexa9_0/lib/_open.o ps7_cortexa9_0/lib/_sbrk
TRACE::2026-09-23.16:33:04::SCWMssOS::.o ps7_cortexa9_0/lib/abort.o ps7_cortexa9_0/lib/asm_vectors.o ps7_cortexa9_0/lib/boot.o ps7_cortexa9_0/lib/close.o ps7_cortexa
TRACE::2026-09-23.16:33:04::SCWMssOS::9_0/lib/cpputest_time.o ps7_cortexa9_0/lib/cpu_init.o ps7_cortexa9_0/lib/errno.o ps7_cortexa9_0/lib/fcntl.o ps7_cortexa9_0/lib/
TRACE::2026-09-23.16:33:04::SCWMssOS::fstat.o ps7_cortexa9_0/lib/getentropy.o ps7_cortexa9_0/lib/getpid.o ps7_cortexa9_0/lib/inbyte.o ps7_cortexa9_0/lib/isatty.o ps7
TRACE::2026-09-23.16:33:04::SCWMssOS::_cortexa9_0/lib/kill.o ps7_cortexa9_0/lib/lseek.o ps7_cortexa9_0/lib/open.o ps7_cortexa9_0/lib/outbyte.o ps7_cortexa9_0/lib/pri
TRACE::2026-09-23.16:33:04::SCWMssOS::nt.o ps7_cortexa9_0/lib/putnum.o ps7_cortexa9_0/lib/read.o ps7_cortexa9_0/lib/sbrk.o ps7_cortexa9_0/lib/sleep.o ps7_cortexa9_0/
TRACE::2026-09-23.16:33:04::SCWMssOS::lib/time.o ps7_cortexa9_0/lib/translation_table.o ps7_cortexa9_0/lib/unlink.o ps7_cortexa9_0/lib/usleep.o ps7_cortexa9_0/lib/ve
TRACE::2026-09-23.16:33:04::SCWMssOS::ctors.o ps7_cortexa9_0/lib/write.o ps7_cortexa9_0/lib/xadcps.o ps7_cortexa9_0/lib/xadcps_g.o ps7_cortexa9_0/lib/xadcps_intr.o p
TRACE::2026-09-23.16:33:04::SCWMssOS::s7_cortexa9_0/lib/xadcps_selftest.o ps7_cortexa9_0/lib/xadcps_sinit.o ps7_cortexa9_0/lib/xaxidma.o ps7_cortexa9_0/lib/xaxidma_b
TRACE::2026-09-23.16:33:04::SCWMssOS::d.o ps7_cortexa9_0/lib/xaxidma_bdring.o ps7_cortexa9_0/lib/xaxidma_g.o ps7_cortexa9_0/lib/xaxidma_selftest.o ps7_cortexa9_0/lib
TRACE::2026-09-23.16:33:04::SCWMssOS::/xaxidma_sinit.o ps7_cortexa9_0/lib/xcoresightpsdcc.o ps7_cortexa9_0/lib/xdevcfg.o ps7_cortexa9_0/lib/xdevcfg_g.o ps7_cortexa9_
TRACE::2026-09-23.16:33:04::SCWMssOS::0/lib/xdevcfg_hw.o ps7_cortexa9_0/lib/xdevcfg_intr.o ps7_cortexa9_0/lib/xdevcfg_selftest.o ps7_cortexa9_0/lib/xdevcfg_sinit.o p
TRACE::2026-09-23.16:33:04::SCWMssOS::s7_cortexa9_0/lib/xdmaps.o ps7_cortexa9_0/lib/xdmaps_g.o ps7_cortexa9_0/lib/xdmaps_hw.o ps7_cortexa9_0/lib/xdmaps_selftest.o ps
TRACE::2026-09-23.16:33:04::SCWMssOS::7_cortexa9_0/lib/xdmaps_sinit.o ps7_cortexa9_0/lib/xemacps.o ps7_cortexa9_0/lib/xemacps_bdring.o ps7_cortexa9_0/lib/xemacps_con
TRACE::2026-09-23.16:33:04::SCWMssOS::trol.o ps7_cortexa9_0/lib/xemacps_g.o ps7_cortexa9_0/lib/xemacps_hw.o ps7_cortexa9_0/lib/xemacps_intr.o ps7_cortexa9_0/lib/xema
TRACE::2026-09-23.16:33:04::SCWMssOS::cps_sinit.o ps7_cortexa9_0/lib/xgpiops.o ps7_cortexa9_0/lib/xgpiops_g.o ps7_cortexa9_0/lib/xgpiops_hw.o ps7_cortexa9_0/lib/xgpi
TRACE::2026-09-23.16:33:04::SCWMssOS::ops_intr.o ps7_cortexa9_0/lib/xgpiops_selftest.o ps7_cortexa9_0/lib/xgpiops_sinit.o ps7_cortexa9_0/lib/xil-crt0.o ps7_cortexa9_
TRACE::2026-09-23.16:33:04::SCWMssOS::0/lib/xil_assert.o ps7_cortexa9_0/lib/xil_cache.o ps7_cortexa9_0/lib/xil_clocking.o ps7_cortexa9_0/lib/xil_exception.o ps7_cort
TRACE::2026-09-23.16:33:04::SCWMssOS::exa9_0/lib/xil_mem.o ps7_cortexa9_0/lib/xil_misc_psreset_api.o ps7_cortexa9_0/lib/xil_mmu.o ps7_cortexa9_0/lib/xil_printf.o ps7
TRACE::2026-09-23.16:33:04::SCWMssOS::_cortexa9_0/lib/xil_sleepcommon.o ps7_cortexa9_0/lib/xil_sleeptimer.o ps7_cortexa9_0/lib/xil_spinlock.o ps7_cortexa9_0/lib/xil_
TRACE::2026-09-23.16:33:04::SCWMssOS::testcache.o ps7_cortexa9_0/lib/xil_testio.o ps7_cortexa9_0/lib/xil_testmem.o ps7_cortexa9_0/lib/xil_util.o ps7_cortexa9_0/lib/x
TRACE::2026-09-23.16:33:04::SCWMssOS::interrupt_wrap.o ps7_cortexa9_0/lib/xl2cc_counter.o ps7_cortexa9_0/lib/xplatform_info.o ps7_cortexa9_0/lib/xpm_counter.o ps7_co
TRACE::2026-09-23.16:33:04::SCWMssOS::rtexa9_0/lib/xqspips.o ps7_cortexa9_0/lib/xqspips_g.o ps7_cortexa9_0/lib/xqspips_hw.o ps7_cortexa9_0/lib/xqspips_options.o ps7_
TRACE::2026-09-23.16:33:04::SCWMssOS::cortexa9_0/lib/xqspips_selftest.o ps7_cortexa9_0/lib/xqspips_sinit.o ps7_cortexa9_0/lib/xscugic.o ps7_cortexa9_0/lib/xscugic_g.
TRACE::2026-09-23.16:33:04::SCWMssOS::o ps7_cortexa9_0/lib/xscugic_hw.o ps7_cortexa9_0/lib/xscugic_intr.o ps7_cortexa9_0/lib/xscugic_selftest.o ps7_cortexa9_0/lib/xs
TRACE::2026-09-23.16:33:04::SCWMssOS::cugic_sinit.o ps7_cortexa9_0/lib/xscutimer.o ps7_cortexa9_0/lib/xscutimer_g.o ps7_cortexa9_0/lib/xscutimer_selftest.o ps7_corte
TRACE::2026-09-23.16:33:04::SCWMssOS::xa9_0/lib/xscutimer_sinit.o ps7_cortexa9_0/lib/xscuwdt.o ps7_cortexa9_0/lib/xscuwdt_g.o ps7_cortexa9_0/lib/xscuwdt_selftest.o p
TRACE::2026-09-23.16:33:04::SCWMssOS::s7_cortexa9_0/lib/xscuwdt_sinit.o ps7_cortexa9_0/lib/xsdps.o ps7_cortexa9_0/lib/xsdps_card.o ps7_cortexa9_0/lib/xsdps_g.o ps7_c
TRACE::2026-09-23.16:33:04::SCWMssOS::ortexa9_0/lib/xsdps_host.o ps7_cortexa9_0/lib/xsdps_options.o ps7_cortexa9_0/lib/xsdps_sinit.o ps7_cortexa9_0/lib/xtime_l.o ps7
TRACE::2026-09-23.16:33:04::SCWMssOS::_cortexa9_0/lib/xuartps.o ps7_cortexa9_0/lib/xuartps_g.o ps7_cortexa9_0/lib/xuartps_hw.o ps7_cortexa9_0/lib/xuartps_intr.o ps7_
TRACE::2026-09-23.16:33:04::SCWMssOS::cortexa9_0/lib/xuartps_options.o ps7_cortexa9_0/lib/xuartps_selftest.o ps7_cortexa9_0/lib/xuartps_sinit.o ps7_cortexa9_0/lib/xu
TRACE::2026-09-23.16:33:04::SCWMssOS::sbps.o ps7_cortexa9_0/lib/xusbps_endpoint.o ps7_cortexa9_0/lib/xusbps_g.o ps7_cortexa9_0/lib/xusbps_hw.o ps7_cortexa9_0/lib/xus
TRACE::2026-09-23.16:33:04::SCWMssOS::bps_intr.o ps7_cortexa9_0/lib/xusbps_sinit.o

TRACE::2026-09-23.16:33:04::SCWMssOS::Finished building libraries

TRACE::2026-09-23.16:33:04::SCWMssOS::make[1]: Leaving directory '/users/students/r0933784/DDP/sw_package_2026/sw_project/project_sw/ecc_project_wrapper/ps7_cortexa9
TRACE::2026-09-23.16:33:04::SCWMssOS::_0/standalone_domain/bsp'

TRACE::2026-09-23.16:33:05::SCWMssOS::Copying to export directory.
TRACE::2026-09-23.16:33:08::SCWMssOS:: Checking if to create the Supporting Applications
TRACE::2026-09-23.16:33:08::SCWMssOS:: No Linux domain exists, trying to generate FSBL 
LOG::2026-09-23.16:33:08::SCWSystem::Completed Processing the domain standalone_domain
LOG::2026-09-23.16:33:08::SCWSystem::Completed Processing the sysconfig ecc_project_wrapper
LOG::2026-09-23.16:33:08::SCWPlatform::Completed generating the artifacts for system configuration ecc_project_wrapper
TRACE::2026-09-23.16:33:08::SCWPlatform::Started preparing the platform 
TRACE::2026-09-23.16:33:08::SCWSystem::Writing the bif file for system config ecc_project_wrapper
TRACE::2026-09-23.16:33:08::SCWSystem::dir created 
TRACE::2026-09-23.16:33:08::SCWSystem::Writing the bif 
TRACE::2026-09-23.16:33:08::SCWPlatform::Started writing the spfm file 
TRACE::2026-09-23.16:33:08::SCWPlatform::Started writing the xpfm file 
TRACE::2026-09-23.16:33:08::SCWPlatform::Completed generating the platform
TRACE::2026-09-23.16:33:08::SCWMssOS::Saving the mss changes /users/students/r0933784/DDP/sw_package_2026/sw_project/project_sw/ecc_project_wrapper/zynq_fsbl/zynq_fsbl_bsp/system.mss
TRACE::2026-09-23.16:33:08::SCWMssOS::Found a swdesign opened with the mssfile.
TRACE::2026-09-23.16:33:08::SCWMssOS::Completed writemss as part of save.
TRACE::2026-09-23.16:33:08::SCWMssOS::Commit changes completed.
TRACE::2026-09-23.16:33:08::SCWMssOS::Saving the mss changes /users/students/r0933784/DDP/sw_package_2026/sw_project/project_sw/ecc_project_wrapper/ps7_cortexa9_0/standalone_domain/bsp/system.mss
TRACE::2026-09-23.16:33:08::SCWMssOS::Found a swdesign opened with the mssfile.
TRACE::2026-09-23.16:33:08::SCWMssOS::Completed writemss as part of save.
TRACE::2026-09-23.16:33:08::SCWMssOS::Commit changes completed.
TRACE::2026-09-23.16:33:08::SCWPlatform::Trying to open the hw design at /users/students/r0933784/DDP/sw_package_2026/sw_project/project_sw/ecc_project_wrapper/hw/ecc_project_wrapper.xsa
TRACE::2026-09-23.16:33:08::SCWPlatform::DSA given /users/students/r0933784/DDP/sw_package_2026/sw_project/project_sw/ecc_project_wrapper/hw/ecc_project_wrapper.xsa
TRACE::2026-09-23.16:33:08::SCWPlatform::DSA absoulate path /users/students/r0933784/DDP/sw_package_2026/sw_project/project_sw/ecc_project_wrapper/hw/ecc_project_wrapper.xsa
TRACE::2026-09-23.16:33:08::SCWPlatform::DSA directory /users/students/r0933784/DDP/sw_package_2026/sw_project/project_sw/ecc_project_wrapper/hw
TRACE::2026-09-23.16:33:08::SCWPlatform:: Platform Path /users/students/r0933784/DDP/sw_package_2026/sw_project/project_sw/ecc_project_wrapper/hw/ecc_project_wrapper.xsa
TRACE::2026-09-23.16:33:08::SCWPlatform:: Unique name xilinx:pynq-z2::0.0
TRACE::2026-09-23.16:33:08::SCWPlatform::Trying to set the existing hwdb with name rsa_project_wrapper
TRACE::2026-09-23.16:33:08::SCWPlatform::Opened existing hwdb rsa_project_wrapper
TRACE::2026-09-23.16:33:08::SCWPlatform::Found the Hw Db part of the input DSA
TRACE::2026-09-23.16:33:08::SCWMssOS::Checking the sw design at  /users/students/r0933784/DDP/sw_package_2026/sw_project/project_sw/ecc_project_wrapper/zynq_fsbl/zynq_fsbl_bsp/system.mss
TRACE::2026-09-23.16:33:08::SCWMssOS::DEBUG:  swdes dump  /users/students/r0933784/DDP/sw_package_2026/sw_project/project_sw/ecc_project_wrapper/ps7_cortexa9_0/standalone_domain/bsp/system.mss|system_0||
/users/students/r0933784/DDP/sw_package_2026/sw_project/project_sw/ecc_project_wrapper/zynq_fsbl/zynq_fsbl_bsp/system.mss|system||

TRACE::2026-09-23.16:33:08::SCWMssOS::Sw design exists and opened at  /users/students/r0933784/DDP/sw_package_2026/sw_project/project_sw/ecc_project_wrapper/zynq_fsbl/zynq_fsbl_bsp/system.mss
TRACE::2026-09-23.16:33:08::SCWPlatform::Trying to open the hw design at /users/students/r0933784/DDP/sw_package_2026/sw_project/project_sw/ecc_project_wrapper/hw/ecc_project_wrapper.xsa
TRACE::2026-09-23.16:33:08::SCWPlatform::DSA given /users/students/r0933784/DDP/sw_package_2026/sw_project/project_sw/ecc_project_wrapper/hw/ecc_project_wrapper.xsa
TRACE::2026-09-23.16:33:08::SCWPlatform::DSA absoulate path /users/students/r0933784/DDP/sw_package_2026/sw_project/project_sw/ecc_project_wrapper/hw/ecc_project_wrapper.xsa
TRACE::2026-09-23.16:33:08::SCWPlatform::DSA directory /users/students/r0933784/DDP/sw_package_2026/sw_project/project_sw/ecc_project_wrapper/hw
TRACE::2026-09-23.16:33:08::SCWPlatform:: Platform Path /users/students/r0933784/DDP/sw_package_2026/sw_project/project_sw/ecc_project_wrapper/hw/ecc_project_wrapper.xsa
TRACE::2026-09-23.16:33:08::SCWPlatform:: Unique name xilinx:pynq-z2::0.0
TRACE::2026-09-23.16:33:08::SCWPlatform::Trying to set the existing hwdb with name rsa_project_wrapper
TRACE::2026-09-23.16:33:08::SCWPlatform::Opened existing hwdb rsa_project_wrapper
TRACE::2026-09-23.16:33:08::SCWPlatform::Found the Hw Db part of the input DSA
TRACE::2026-09-23.16:33:08::SCWMssOS::Checking the sw design at  /users/students/r0933784/DDP/sw_package_2026/sw_project/project_sw/ecc_project_wrapper/ps7_cortexa9_0/standalone_domain/bsp/system.mss
TRACE::2026-09-23.16:33:08::SCWMssOS::DEBUG:  swdes dump  /users/students/r0933784/DDP/sw_package_2026/sw_project/project_sw/ecc_project_wrapper/ps7_cortexa9_0/standalone_domain/bsp/system.mss|system_0||
/users/students/r0933784/DDP/sw_package_2026/sw_project/project_sw/ecc_project_wrapper/zynq_fsbl/zynq_fsbl_bsp/system.mss|system||

TRACE::2026-09-23.16:33:08::SCWMssOS::Sw design exists and opened at  /users/students/r0933784/DDP/sw_package_2026/sw_project/project_sw/ecc_project_wrapper/ps7_cortexa9_0/standalone_domain/bsp/system.mss
TRACE::2026-09-23.16:33:08::SCWWriter::formatted JSON is {
	"platformName":	"ecc_project_wrapper",
	"sprVersion":	"2.0",
	"mode":	"gui",
	"dsaType":	"Fixed",
	"platformDesc":	"ecc_project_wrapper",
	"platHandOff":	"src/tcl/ecc_project_wrapper.xsa",
	"platIntHandOff":	"<platformDir>/hw/ecc_project_wrapper.xsa",
	"deviceType":	"zynq",
	"platIsPrebuiltAutogen":	"false",
	"platIsNoBootBsp":	"false",
	"hasFsblMakeHasChanges":	"false",
	"hasPmufwMakeHasChanges":	"false",
	"fsblExtraCompilerFlags":	"-MMD -MP       -mcpu=cortex-a9 -mfpu=vfpv3 -mfloat-abi=hard ",
	"platPreBuiltFlag":	false,
	"platformSamplesDir":	"",
	"platActiveSys":	"ecc_project_wrapper",
	"systems":	[{
			"systemName":	"ecc_project_wrapper",
			"systemDesc":	"ecc_project_wrapper",
			"sysIsBootAutoGen":	"true",
			"systemDispName":	"ecc_project_wrapper",
			"sysActiveDom":	"standalone_domain",
			"sysDefaultDom":	"standalone_domain",
			"domains":	[{
					"domainName":	"zynq_fsbl",
					"domainDispName":	"zynq_fsbl",
					"domainDesc":	"FSBL Application BSP - Auto Generated.",
					"processors":	"ps7_cortexa9_0",
					"os":	"standalone",
					"sdxOs":	"standalone",
					"debugEnable":	"",
					"domRuntimes":	["cpp"],
					"swRepo":	"",
					"mssOsVer":	"8.1",
					"mssFile":	"",
					"md5Digest":	"2c92122f18c5fd40d52fe668ff4c852c",
					"compatibleApp":	"zynq_fsbl",
					"domType":	"bootDomain",
					"arch":	"32-bit",
					"appSettings":	{
						"appCompilerFlags":	"",
						"appLinkerFlags":	""
					},
					"addedLibs":	["xilffs:5.0", "xilrsa:1.6"],
					"libOptions":	{
						"libsContainingOptions":	[]
					},
					"prebuiltLibs":	{
						"prebuiltIncPath":	[],
						"prebuiltLibPath":	[]
					},
					"isolation":	{
					}
				}, {
					"domainName":	"standalone_domain",
					"domainDispName":	"standalone on ps7_cortexa9_0",
					"domainDesc":	"standalone_domain",
					"processors":	"ps7_cortexa9_0",
					"os":	"standalone",
					"sdxOs":	"standalone",
					"qemuArgs":	"<platformDir>/resources/ecc_project_wrapper/standalone_domain/qemu_args.txt",
					"qemuData":	"<platformDir>/resources/ecc_project_wrapper/standalone_domain/qemu",
					"debugEnable":	"False",
					"domRuntimes":	["cpp"],
					"swRepo":	"",
					"mssOsVer":	"8.1",
					"mssFile":	"",
					"md5Digest":	"5458ab32d357d609abddc6af46557d25",
					"compatibleApp":	"",
					"domType":	"mssDomain",
					"arch":	"32-bit",
					"appSettings":	{
						"appCompilerFlags":	"",
						"appLinkerFlags":	""
					},
					"addedLibs":	[],
					"libOptions":	{
						"libsContainingOptions":	[]
					},
					"prebuiltLibs":	{
						"prebuiltIncPath":	[],
						"prebuiltLibPath":	[]
					},
					"isolation":	{
					}
				}]
		}]
}
KEYINFO::2026-09-23.16:33:08::SCWPlatform::updated the xpfm file.
TRACE::2026-09-23.16:33:09::SCWPlatform::Trying to open the hw design at /users/students/r0933784/DDP/sw_package_2026/sw_project/project_sw/ecc_project_wrapper/hw/ecc_project_wrapper.xsa
TRACE::2026-09-23.16:33:09::SCWPlatform::DSA given /users/students/r0933784/DDP/sw_package_2026/sw_project/project_sw/ecc_project_wrapper/hw/ecc_project_wrapper.xsa
TRACE::2026-09-23.16:33:09::SCWPlatform::DSA absoulate path /users/students/r0933784/DDP/sw_package_2026/sw_project/project_sw/ecc_project_wrapper/hw/ecc_project_wrapper.xsa
TRACE::2026-09-23.16:33:09::SCWPlatform::DSA directory /users/students/r0933784/DDP/sw_package_2026/sw_project/project_sw/ecc_project_wrapper/hw
TRACE::2026-09-23.16:33:09::SCWPlatform:: Platform Path /users/students/r0933784/DDP/sw_package_2026/sw_project/project_sw/ecc_project_wrapper/hw/ecc_project_wrapper.xsa
TRACE::2026-09-23.16:33:09::SCWPlatform:: Unique name xilinx:pynq-z2::0.0
TRACE::2026-09-23.16:33:09::SCWPlatform::Trying to set the existing hwdb with name rsa_project_wrapper
TRACE::2026-09-23.16:33:09::SCWPlatform::Opened existing hwdb rsa_project_wrapper
TRACE::2026-09-23.16:33:09::SCWPlatform::Found the Hw Db part of the input DSA
TRACE::2026-09-23.16:33:09::SCWMssOS::Checking the sw design at  /users/students/r0933784/DDP/sw_package_2026/sw_project/project_sw/ecc_project_wrapper/ps7_cortexa9_0/standalone_domain/bsp/system.mss
TRACE::2026-09-23.16:33:09::SCWMssOS::DEBUG:  swdes dump  /users/students/r0933784/DDP/sw_package_2026/sw_project/project_sw/ecc_project_wrapper/ps7_cortexa9_0/standalone_domain/bsp/system.mss|system_0||
/users/students/r0933784/DDP/sw_package_2026/sw_project/project_sw/ecc_project_wrapper/zynq_fsbl/zynq_fsbl_bsp/system.mss|system||

TRACE::2026-09-23.16:33:09::SCWMssOS::Sw design exists and opened at  /users/students/r0933784/DDP/sw_package_2026/sw_project/project_sw/ecc_project_wrapper/ps7_cortexa9_0/standalone_domain/bsp/system.mss
TRACE::2026-09-30.17:12:57::SCWPlatform::Trying to open the hw design at /users/students/r0933784/DDP/sw_package_2026/sw_project/project_sw/ecc_project_wrapper/hw/ecc_project_wrapper.xsa
TRACE::2026-09-30.17:12:57::SCWPlatform::DSA given /users/students/r0933784/DDP/sw_package_2026/sw_project/project_sw/ecc_project_wrapper/hw/ecc_project_wrapper.xsa
TRACE::2026-09-30.17:12:57::SCWPlatform::DSA absoulate path /users/students/r0933784/DDP/sw_package_2026/sw_project/project_sw/ecc_project_wrapper/hw/ecc_project_wrapper.xsa
TRACE::2026-09-30.17:12:57::SCWPlatform::DSA directory /users/students/r0933784/DDP/sw_package_2026/sw_project/project_sw/ecc_project_wrapper/hw
TRACE::2026-09-30.17:12:57::SCWPlatform:: Platform Path /users/students/r0933784/DDP/sw_package_2026/sw_project/project_sw/ecc_project_wrapper/hw/ecc_project_wrapper.xsa
TRACE::2026-09-30.17:12:57::SCWPlatform:: Unique name xilinx:pynq-z2::0.0
TRACE::2026-09-30.17:12:57::SCWPlatform::Do not have an existing db opened. 
TRACE::2026-09-30.17:12:59::SCWPlatform::Opened new HwDB with name rsa_project_wrapper_5
TRACE::2026-09-30.17:12:59::SCWReader::Active system found as  ecc_project_wrapper
TRACE::2026-09-30.17:12:59::SCWReader::Handling sysconfig ecc_project_wrapper
TRACE::2026-09-30.17:12:59::SCWDomain::checking for install qemu data   : 
TRACE::2026-09-30.17:12:59::SCWDomain:: Using the QEMU Data from install at  : /esat/micas-data/software/Xilinx/vitis_2023.1/Vitis/2023.1/data/emulation/platforms/zynq/sw/a9_standalone/qemu/
TRACE::2026-09-30.17:12:59::SCWDomain:: Using the QEMU args  from install at  : /esat/micas-data/software/Xilinx/vitis_2023.1/Vitis/2023.1/data/emulation/platforms/zynq/sw/a9_standalone/qemu/qemu_args.txt
TRACE::2026-09-30.17:12:59::SCWPlatform::Trying to open the hw design at /users/students/r0933784/DDP/sw_package_2026/sw_project/project_sw/ecc_project_wrapper/hw/ecc_project_wrapper.xsa
TRACE::2026-09-30.17:12:59::SCWPlatform::DSA given /users/students/r0933784/DDP/sw_package_2026/sw_project/project_sw/ecc_project_wrapper/hw/ecc_project_wrapper.xsa
TRACE::2026-09-30.17:12:59::SCWPlatform::DSA absoulate path /users/students/r0933784/DDP/sw_package_2026/sw_project/project_sw/ecc_project_wrapper/hw/ecc_project_wrapper.xsa
TRACE::2026-09-30.17:12:59::SCWPlatform::DSA directory /users/students/r0933784/DDP/sw_package_2026/sw_project/project_sw/ecc_project_wrapper/hw
TRACE::2026-09-30.17:12:59::SCWPlatform:: Platform Path /users/students/r0933784/DDP/sw_package_2026/sw_project/project_sw/ecc_project_wrapper/hw/ecc_project_wrapper.xsa
TRACE::2026-09-30.17:12:59::SCWPlatform:: Unique name xilinx:pynq-z2::0.0
TRACE::2026-09-30.17:12:59::SCWPlatform::Trying to set the existing hwdb with name rsa_project_wrapper_5
TRACE::2026-09-30.17:12:59::SCWPlatform::Opened existing hwdb rsa_project_wrapper_5
TRACE::2026-09-30.17:12:59::SCWPlatform::Found the Hw Db part of the input DSA
TRACE::2026-09-30.17:12:59::SCWPlatform::Trying to open the hw design at /users/students/r0933784/DDP/sw_package_2026/sw_project/project_sw/ecc_project_wrapper/hw/ecc_project_wrapper.xsa
TRACE::2026-09-30.17:12:59::SCWPlatform::DSA given /users/students/r0933784/DDP/sw_package_2026/sw_project/project_sw/ecc_project_wrapper/hw/ecc_project_wrapper.xsa
TRACE::2026-09-30.17:12:59::SCWPlatform::DSA absoulate path /users/students/r0933784/DDP/sw_package_2026/sw_project/project_sw/ecc_project_wrapper/hw/ecc_project_wrapper.xsa
TRACE::2026-09-30.17:12:59::SCWPlatform::DSA directory /users/students/r0933784/DDP/sw_package_2026/sw_project/project_sw/ecc_project_wrapper/hw
TRACE::2026-09-30.17:12:59::SCWPlatform:: Platform Path /users/students/r0933784/DDP/sw_package_2026/sw_project/project_sw/ecc_project_wrapper/hw/ecc_project_wrapper.xsa
TRACE::2026-09-30.17:12:59::SCWPlatform:: Unique name xilinx:pynq-z2::0.0
TRACE::2026-09-30.17:12:59::SCWPlatform::Trying to set the existing hwdb with name rsa_project_wrapper_5
TRACE::2026-09-30.17:12:59::SCWPlatform::Opened existing hwdb rsa_project_wrapper_5
TRACE::2026-09-30.17:12:59::SCWPlatform::Found the Hw Db part of the input DSA
TRACE::2026-09-30.17:12:59::SCWPlatform::Trying to open the hw design at /users/students/r0933784/DDP/sw_package_2026/sw_project/project_sw/ecc_project_wrapper/hw/ecc_project_wrapper.xsa
TRACE::2026-09-30.17:12:59::SCWPlatform::DSA given /users/students/r0933784/DDP/sw_package_2026/sw_project/project_sw/ecc_project_wrapper/hw/ecc_project_wrapper.xsa
TRACE::2026-09-30.17:12:59::SCWPlatform::DSA absoulate path /users/students/r0933784/DDP/sw_package_2026/sw_project/project_sw/ecc_project_wrapper/hw/ecc_project_wrapper.xsa
TRACE::2026-09-30.17:12:59::SCWPlatform::DSA directory /users/students/r0933784/DDP/sw_package_2026/sw_project/project_sw/ecc_project_wrapper/hw
TRACE::2026-09-30.17:12:59::SCWPlatform:: Platform Path /users/students/r0933784/DDP/sw_package_2026/sw_project/project_sw/ecc_project_wrapper/hw/ecc_project_wrapper.xsa
TRACE::2026-09-30.17:12:59::SCWPlatform:: Unique name xilinx:pynq-z2::0.0
TRACE::2026-09-30.17:12:59::SCWPlatform::Trying to set the existing hwdb with name rsa_project_wrapper_5
TRACE::2026-09-30.17:12:59::SCWPlatform::Opened existing hwdb rsa_project_wrapper_5
TRACE::2026-09-30.17:12:59::SCWPlatform::Found the Hw Db part of the input DSA
TRACE::2026-09-30.17:12:59::SCWReader::Boot application domain added for zynq_fsbl
TRACE::2026-09-30.17:12:59::SCWPlatform::Trying to open the hw design at /users/students/r0933784/DDP/sw_package_2026/sw_project/project_sw/ecc_project_wrapper/hw/ecc_project_wrapper.xsa
TRACE::2026-09-30.17:12:59::SCWPlatform::DSA given /users/students/r0933784/DDP/sw_package_2026/sw_project/project_sw/ecc_project_wrapper/hw/ecc_project_wrapper.xsa
TRACE::2026-09-30.17:12:59::SCWPlatform::DSA absoulate path /users/students/r0933784/DDP/sw_package_2026/sw_project/project_sw/ecc_project_wrapper/hw/ecc_project_wrapper.xsa
TRACE::2026-09-30.17:12:59::SCWPlatform::DSA directory /users/students/r0933784/DDP/sw_package_2026/sw_project/project_sw/ecc_project_wrapper/hw
TRACE::2026-09-30.17:12:59::SCWPlatform:: Platform Path /users/students/r0933784/DDP/sw_package_2026/sw_project/project_sw/ecc_project_wrapper/hw/ecc_project_wrapper.xsa
TRACE::2026-09-30.17:12:59::SCWPlatform:: Unique name xilinx:pynq-z2::0.0
TRACE::2026-09-30.17:12:59::SCWPlatform::Trying to set the existing hwdb with name rsa_project_wrapper_5
TRACE::2026-09-30.17:12:59::SCWPlatform::Opened existing hwdb rsa_project_wrapper_5
TRACE::2026-09-30.17:12:59::SCWPlatform::Found the Hw Db part of the input DSA
TRACE::2026-09-30.17:12:59::SCWMssOS::Checking the sw design at  /users/students/r0933784/DDP/sw_package_2026/sw_project/project_sw/ecc_project_wrapper/zynq_fsbl/zynq_fsbl_bsp/system.mss
TRACE::2026-09-30.17:12:59::SCWMssOS::DEBUG:  swdes dump  
TRACE::2026-09-30.17:12:59::SCWMssOS::No sw design opened at  /users/students/r0933784/DDP/sw_package_2026/sw_project/project_sw/ecc_project_wrapper/zynq_fsbl/zynq_fsbl_bsp/system.mss
TRACE::2026-09-30.17:12:59::SCWMssOS::mss exists loading the mss file  /users/students/r0933784/DDP/sw_package_2026/sw_project/project_sw/ecc_project_wrapper/zynq_fsbl/zynq_fsbl_bsp/system.mss
TRACE::2026-09-30.17:12:59::SCWMssOS::Opened the sw design from mss  /users/students/r0933784/DDP/sw_package_2026/sw_project/project_sw/ecc_project_wrapper/zynq_fsbl/zynq_fsbl_bsp/system.mss
TRACE::2026-09-30.17:12:59::SCWMssOS::Adding the swdes entry /users/students/r0933784/DDP/sw_package_2026/sw_project/project_sw/ecc_project_wrapper/zynq_fsbl/zynq_fsbl_bsp/system.mss with des name system
TRACE::2026-09-30.17:12:59::SCWMssOS::updating the scw layer about changes
TRACE::2026-09-30.17:12:59::SCWMssOS::Opened the sw design.  /users/students/r0933784/DDP/sw_package_2026/sw_project/project_sw/ecc_project_wrapper/zynq_fsbl/zynq_fsbl_bsp/system.mss
TRACE::2026-09-30.17:12:59::SCWPlatform::Trying to open the hw design at /users/students/r0933784/DDP/sw_package_2026/sw_project/project_sw/ecc_project_wrapper/hw/ecc_project_wrapper.xsa
TRACE::2026-09-30.17:12:59::SCWPlatform::DSA given /users/students/r0933784/DDP/sw_package_2026/sw_project/project_sw/ecc_project_wrapper/hw/ecc_project_wrapper.xsa
TRACE::2026-09-30.17:12:59::SCWPlatform::DSA absoulate path /users/students/r0933784/DDP/sw_package_2026/sw_project/project_sw/ecc_project_wrapper/hw/ecc_project_wrapper.xsa
TRACE::2026-09-30.17:12:59::SCWPlatform::DSA directory /users/students/r0933784/DDP/sw_package_2026/sw_project/project_sw/ecc_project_wrapper/hw
TRACE::2026-09-30.17:12:59::SCWPlatform:: Platform Path /users/students/r0933784/DDP/sw_package_2026/sw_project/project_sw/ecc_project_wrapper/hw/ecc_project_wrapper.xsa
TRACE::2026-09-30.17:12:59::SCWPlatform:: Unique name xilinx:pynq-z2::0.0
TRACE::2026-09-30.17:12:59::SCWPlatform::Trying to set the existing hwdb with name rsa_project_wrapper_5
TRACE::2026-09-30.17:12:59::SCWPlatform::Opened existing hwdb rsa_project_wrapper_5
TRACE::2026-09-30.17:12:59::SCWPlatform::Found the Hw Db part of the input DSA
TRACE::2026-09-30.17:12:59::SCWMssOS::Checking the sw design at  /users/students/r0933784/DDP/sw_package_2026/sw_project/project_sw/ecc_project_wrapper/zynq_fsbl/zynq_fsbl_bsp/system.mss
TRACE::2026-09-30.17:12:59::SCWMssOS::DEBUG:  swdes dump  /users/students/r0933784/DDP/sw_package_2026/sw_project/project_sw/ecc_project_wrapper/zynq_fsbl/zynq_fsbl_bsp/system.mss|system||

TRACE::2026-09-30.17:12:59::SCWMssOS::Sw design exists and opened at  /users/students/r0933784/DDP/sw_package_2026/sw_project/project_sw/ecc_project_wrapper/zynq_fsbl/zynq_fsbl_bsp/system.mss
TRACE::2026-09-30.17:12:59::SCWMssOS:: library already available in sw design:  xilffs:5.0
TRACE::2026-09-30.17:12:59::SCWPlatform::Trying to open the hw design at /users/students/r0933784/DDP/sw_package_2026/sw_project/project_sw/ecc_project_wrapper/hw/ecc_project_wrapper.xsa
TRACE::2026-09-30.17:12:59::SCWPlatform::DSA given /users/students/r0933784/DDP/sw_package_2026/sw_project/project_sw/ecc_project_wrapper/hw/ecc_project_wrapper.xsa
TRACE::2026-09-30.17:12:59::SCWPlatform::DSA absoulate path /users/students/r0933784/DDP/sw_package_2026/sw_project/project_sw/ecc_project_wrapper/hw/ecc_project_wrapper.xsa
TRACE::2026-09-30.17:12:59::SCWPlatform::DSA directory /users/students/r0933784/DDP/sw_package_2026/sw_project/project_sw/ecc_project_wrapper/hw
TRACE::2026-09-30.17:12:59::SCWPlatform:: Platform Path /users/students/r0933784/DDP/sw_package_2026/sw_project/project_sw/ecc_project_wrapper/hw/ecc_project_wrapper.xsa
TRACE::2026-09-30.17:12:59::SCWPlatform:: Unique name xilinx:pynq-z2::0.0
TRACE::2026-09-30.17:12:59::SCWPlatform::Trying to set the existing hwdb with name rsa_project_wrapper_5
TRACE::2026-09-30.17:12:59::SCWPlatform::Opened existing hwdb rsa_project_wrapper_5
TRACE::2026-09-30.17:12:59::SCWPlatform::Found the Hw Db part of the input DSA
TRACE::2026-09-30.17:12:59::SCWMssOS::Checking the sw design at  /users/students/r0933784/DDP/sw_package_2026/sw_project/project_sw/ecc_project_wrapper/zynq_fsbl/zynq_fsbl_bsp/system.mss
TRACE::2026-09-30.17:12:59::SCWMssOS::DEBUG:  swdes dump  /users/students/r0933784/DDP/sw_package_2026/sw_project/project_sw/ecc_project_wrapper/zynq_fsbl/zynq_fsbl_bsp/system.mss|system||

TRACE::2026-09-30.17:12:59::SCWMssOS::Sw design exists and opened at  /users/students/r0933784/DDP/sw_package_2026/sw_project/project_sw/ecc_project_wrapper/zynq_fsbl/zynq_fsbl_bsp/system.mss
TRACE::2026-09-30.17:12:59::SCWMssOS:: library already available in sw design:  xilrsa:1.6
TRACE::2026-09-30.17:12:59::SCWMssOS::Saving the mss changes /users/students/r0933784/DDP/sw_package_2026/sw_project/project_sw/ecc_project_wrapper/zynq_fsbl/zynq_fsbl_bsp/system.mss
TRACE::2026-09-30.17:12:59::SCWMssOS::Found a swdesign opened with the mssfile.
TRACE::2026-09-30.17:12:59::SCWMssOS::Completed writemss as part of save.
TRACE::2026-09-30.17:12:59::SCWMssOS::Commit changes completed.
TRACE::2026-09-30.17:12:59::SCWReader::Adding prebuilt librarypaths as   
TRACE::2026-09-30.17:12:59::SCWReader::Adding prebuilt incpaths  as   
TRACE::2026-09-30.17:12:59::SCWPlatform::Trying to open the hw design at /users/students/r0933784/DDP/sw_package_2026/sw_project/project_sw/ecc_project_wrapper/hw/ecc_project_wrapper.xsa
TRACE::2026-09-30.17:12:59::SCWPlatform::DSA given /users/students/r0933784/DDP/sw_package_2026/sw_project/project_sw/ecc_project_wrapper/hw/ecc_project_wrapper.xsa
TRACE::2026-09-30.17:12:59::SCWPlatform::DSA absoulate path /users/students/r0933784/DDP/sw_package_2026/sw_project/project_sw/ecc_project_wrapper/hw/ecc_project_wrapper.xsa
TRACE::2026-09-30.17:12:59::SCWPlatform::DSA directory /users/students/r0933784/DDP/sw_package_2026/sw_project/project_sw/ecc_project_wrapper/hw
TRACE::2026-09-30.17:12:59::SCWPlatform:: Platform Path /users/students/r0933784/DDP/sw_package_2026/sw_project/project_sw/ecc_project_wrapper/hw/ecc_project_wrapper.xsa
TRACE::2026-09-30.17:12:59::SCWPlatform:: Unique name xilinx:pynq-z2::0.0
TRACE::2026-09-30.17:12:59::SCWPlatform::Trying to set the existing hwdb with name rsa_project_wrapper_5
TRACE::2026-09-30.17:12:59::SCWPlatform::Opened existing hwdb rsa_project_wrapper_5
TRACE::2026-09-30.17:12:59::SCWPlatform::Found the Hw Db part of the input DSA
TRACE::2026-09-30.17:12:59::SCWMssOS::Checking the sw design at  /users/students/r0933784/DDP/sw_package_2026/sw_project/project_sw/ecc_project_wrapper/zynq_fsbl/zynq_fsbl_bsp/system.mss
TRACE::2026-09-30.17:12:59::SCWMssOS::DEBUG:  swdes dump  /users/students/r0933784/DDP/sw_package_2026/sw_project/project_sw/ecc_project_wrapper/zynq_fsbl/zynq_fsbl_bsp/system.mss|system||

TRACE::2026-09-30.17:12:59::SCWMssOS::Sw design exists and opened at  /users/students/r0933784/DDP/sw_package_2026/sw_project/project_sw/ecc_project_wrapper/zynq_fsbl/zynq_fsbl_bsp/system.mss
TRACE::2026-09-30.17:12:59::SCWReader::No isolation master present  
TRACE::2026-09-30.17:12:59::SCWDomain::checking for install qemu data   : 
TRACE::2026-09-30.17:12:59::SCWDomain:: Using the QEMU Data from install at  : /esat/micas-data/software/Xilinx/vitis_2023.1/Vitis/2023.1/data/emulation/platforms/zynq/sw/a9_standalone/qemu/
TRACE::2026-09-30.17:12:59::SCWDomain:: Using the QEMU args  from install at  : /esat/micas-data/software/Xilinx/vitis_2023.1/Vitis/2023.1/data/emulation/platforms/zynq/sw/a9_standalone/qemu/qemu_args.txt
TRACE::2026-09-30.17:12:59::SCWPlatform::Trying to open the hw design at /users/students/r0933784/DDP/sw_package_2026/sw_project/project_sw/ecc_project_wrapper/hw/ecc_project_wrapper.xsa
TRACE::2026-09-30.17:12:59::SCWPlatform::DSA given /users/students/r0933784/DDP/sw_package_2026/sw_project/project_sw/ecc_project_wrapper/hw/ecc_project_wrapper.xsa
TRACE::2026-09-30.17:12:59::SCWPlatform::DSA absoulate path /users/students/r0933784/DDP/sw_package_2026/sw_project/project_sw/ecc_project_wrapper/hw/ecc_project_wrapper.xsa
TRACE::2026-09-30.17:12:59::SCWPlatform::DSA directory /users/students/r0933784/DDP/sw_package_2026/sw_project/project_sw/ecc_project_wrapper/hw
TRACE::2026-09-30.17:12:59::SCWPlatform:: Platform Path /users/students/r0933784/DDP/sw_package_2026/sw_project/project_sw/ecc_project_wrapper/hw/ecc_project_wrapper.xsa
TRACE::2026-09-30.17:12:59::SCWPlatform:: Unique name xilinx:pynq-z2::0.0
TRACE::2026-09-30.17:12:59::SCWPlatform::Trying to set the existing hwdb with name rsa_project_wrapper_5
TRACE::2026-09-30.17:12:59::SCWPlatform::Opened existing hwdb rsa_project_wrapper_5
TRACE::2026-09-30.17:12:59::SCWPlatform::Found the Hw Db part of the input DSA
TRACE::2026-09-30.17:12:59::SCWPlatform::Trying to open the hw design at /users/students/r0933784/DDP/sw_package_2026/sw_project/project_sw/ecc_project_wrapper/hw/ecc_project_wrapper.xsa
TRACE::2026-09-30.17:12:59::SCWPlatform::DSA given /users/students/r0933784/DDP/sw_package_2026/sw_project/project_sw/ecc_project_wrapper/hw/ecc_project_wrapper.xsa
TRACE::2026-09-30.17:12:59::SCWPlatform::DSA absoulate path /users/students/r0933784/DDP/sw_package_2026/sw_project/project_sw/ecc_project_wrapper/hw/ecc_project_wrapper.xsa
TRACE::2026-09-30.17:12:59::SCWPlatform::DSA directory /users/students/r0933784/DDP/sw_package_2026/sw_project/project_sw/ecc_project_wrapper/hw
TRACE::2026-09-30.17:12:59::SCWPlatform:: Platform Path /users/students/r0933784/DDP/sw_package_2026/sw_project/project_sw/ecc_project_wrapper/hw/ecc_project_wrapper.xsa
TRACE::2026-09-30.17:12:59::SCWPlatform:: Unique name xilinx:pynq-z2::0.0
TRACE::2026-09-30.17:12:59::SCWPlatform::Trying to set the existing hwdb with name rsa_project_wrapper_5
TRACE::2026-09-30.17:12:59::SCWPlatform::Opened existing hwdb rsa_project_wrapper_5
TRACE::2026-09-30.17:12:59::SCWPlatform::Found the Hw Db part of the input DSA
TRACE::2026-09-30.17:12:59::SCWPlatform::Trying to open the hw design at /users/students/r0933784/DDP/sw_package_2026/sw_project/project_sw/ecc_project_wrapper/hw/ecc_project_wrapper.xsa
TRACE::2026-09-30.17:12:59::SCWPlatform::DSA given /users/students/r0933784/DDP/sw_package_2026/sw_project/project_sw/ecc_project_wrapper/hw/ecc_project_wrapper.xsa
TRACE::2026-09-30.17:12:59::SCWPlatform::DSA absoulate path /users/students/r0933784/DDP/sw_package_2026/sw_project/project_sw/ecc_project_wrapper/hw/ecc_project_wrapper.xsa
TRACE::2026-09-30.17:12:59::SCWPlatform::DSA directory /users/students/r0933784/DDP/sw_package_2026/sw_project/project_sw/ecc_project_wrapper/hw
TRACE::2026-09-30.17:12:59::SCWPlatform:: Platform Path /users/students/r0933784/DDP/sw_package_2026/sw_project/project_sw/ecc_project_wrapper/hw/ecc_project_wrapper.xsa
TRACE::2026-09-30.17:12:59::SCWPlatform:: Unique name xilinx:pynq-z2::0.0
TRACE::2026-09-30.17:12:59::SCWPlatform::Trying to set the existing hwdb with name rsa_project_wrapper_5
TRACE::2026-09-30.17:12:59::SCWPlatform::Opened existing hwdb rsa_project_wrapper_5
TRACE::2026-09-30.17:12:59::SCWPlatform::Found the Hw Db part of the input DSA
TRACE::2026-09-30.17:12:59::SCWMssOS::Checking the sw design at  /users/students/r0933784/DDP/sw_package_2026/sw_project/project_sw/ecc_project_wrapper/ps7_cortexa9_0/standalone_domain/bsp/system.mss
TRACE::2026-09-30.17:12:59::SCWMssOS::DEBUG:  swdes dump  /users/students/r0933784/DDP/sw_package_2026/sw_project/project_sw/ecc_project_wrapper/zynq_fsbl/zynq_fsbl_bsp/system.mss|system||

TRACE::2026-09-30.17:12:59::SCWMssOS::No sw design opened at  /users/students/r0933784/DDP/sw_package_2026/sw_project/project_sw/ecc_project_wrapper/ps7_cortexa9_0/standalone_domain/bsp/system.mss
TRACE::2026-09-30.17:12:59::SCWMssOS::mss exists loading the mss file  /users/students/r0933784/DDP/sw_package_2026/sw_project/project_sw/ecc_project_wrapper/ps7_cortexa9_0/standalone_domain/bsp/system.mss
TRACE::2026-09-30.17:12:59::SCWMssOS::Opened the sw design from mss  /users/students/r0933784/DDP/sw_package_2026/sw_project/project_sw/ecc_project_wrapper/ps7_cortexa9_0/standalone_domain/bsp/system.mss
TRACE::2026-09-30.17:12:59::SCWMssOS::Adding the swdes entry /users/students/r0933784/DDP/sw_package_2026/sw_project/project_sw/ecc_project_wrapper/ps7_cortexa9_0/standalone_domain/bsp/system.mss with des name system_0
TRACE::2026-09-30.17:12:59::SCWMssOS::updating the scw layer about changes
TRACE::2026-09-30.17:12:59::SCWMssOS::Opened the sw design.  /users/students/r0933784/DDP/sw_package_2026/sw_project/project_sw/ecc_project_wrapper/ps7_cortexa9_0/standalone_domain/bsp/system.mss
TRACE::2026-09-30.17:12:59::SCWMssOS::Saving the mss changes /users/students/r0933784/DDP/sw_package_2026/sw_project/project_sw/ecc_project_wrapper/ps7_cortexa9_0/standalone_domain/bsp/system.mss
TRACE::2026-09-30.17:12:59::SCWMssOS::Found a swdesign opened with the mssfile.
TRACE::2026-09-30.17:12:59::SCWMssOS::Completed writemss as part of save.
TRACE::2026-09-30.17:12:59::SCWMssOS::Commit changes completed.
TRACE::2026-09-30.17:12:59::SCWReader::Adding prebuilt librarypaths as   
TRACE::2026-09-30.17:12:59::SCWReader::Adding prebuilt incpaths  as   
TRACE::2026-09-30.17:12:59::SCWPlatform::Trying to open the hw design at /users/students/r0933784/DDP/sw_package_2026/sw_project/project_sw/ecc_project_wrapper/hw/ecc_project_wrapper.xsa
TRACE::2026-09-30.17:12:59::SCWPlatform::DSA given /users/students/r0933784/DDP/sw_package_2026/sw_project/project_sw/ecc_project_wrapper/hw/ecc_project_wrapper.xsa
TRACE::2026-09-30.17:12:59::SCWPlatform::DSA absoulate path /users/students/r0933784/DDP/sw_package_2026/sw_project/project_sw/ecc_project_wrapper/hw/ecc_project_wrapper.xsa
TRACE::2026-09-30.17:12:59::SCWPlatform::DSA directory /users/students/r0933784/DDP/sw_package_2026/sw_project/project_sw/ecc_project_wrapper/hw
TRACE::2026-09-30.17:12:59::SCWPlatform:: Platform Path /users/students/r0933784/DDP/sw_package_2026/sw_project/project_sw/ecc_project_wrapper/hw/ecc_project_wrapper.xsa
TRACE::2026-09-30.17:12:59::SCWPlatform:: Unique name xilinx:pynq-z2::0.0
TRACE::2026-09-30.17:12:59::SCWPlatform::Trying to set the existing hwdb with name rsa_project_wrapper_5
TRACE::2026-09-30.17:12:59::SCWPlatform::Opened existing hwdb rsa_project_wrapper_5
TRACE::2026-09-30.17:12:59::SCWPlatform::Found the Hw Db part of the input DSA
TRACE::2026-09-30.17:12:59::SCWMssOS::Checking the sw design at  /users/students/r0933784/DDP/sw_package_2026/sw_project/project_sw/ecc_project_wrapper/ps7_cortexa9_0/standalone_domain/bsp/system.mss
TRACE::2026-09-30.17:12:59::SCWMssOS::DEBUG:  swdes dump  /users/students/r0933784/DDP/sw_package_2026/sw_project/project_sw/ecc_project_wrapper/ps7_cortexa9_0/standalone_domain/bsp/system.mss|system_0||
/users/students/r0933784/DDP/sw_package_2026/sw_project/project_sw/ecc_project_wrapper/zynq_fsbl/zynq_fsbl_bsp/system.mss|system||

TRACE::2026-09-30.17:12:59::SCWMssOS::Sw design exists and opened at  /users/students/r0933784/DDP/sw_package_2026/sw_project/project_sw/ecc_project_wrapper/ps7_cortexa9_0/standalone_domain/bsp/system.mss
TRACE::2026-09-30.17:12:59::SCWReader::No isolation master present  
TRACE::2026-09-30.17:12:59::SCWBDomain::System Command Ran  cd  /users/students/r0933784/DDP/sw_package_2026/sw_project/project_sw/ecc_project_wrapper/zynq_fsbl ; bash -c "make  clean" 
TRACE::2026-09-30.17:12:59::SCWBDomain::make[1]: Entering directory '/users/students/r0933784/DDP/sw_package_2026/sw_project/project_sw/ecc_project_wrapper/zynq_fsbl'

TRACE::2026-09-30.17:12:59::SCWBDomain::rm -rf  fsbl_hooks.o  image_mover.o  main.o  md5.o  nand.o  nor.o  pcap.o  ps7_init.o  qspi.o  rsa.o  sd.o  fsbl_handoff.o zynq
TRACE::2026-09-30.17:12:59::SCWBDomain::_fsbl_bsp/ps7_cortexa9_0/lib/libxil.a fsbl.elf *.o

TRACE::2026-09-30.17:12:59::SCWBDomain::make[1]: Leaving directory '/users/students/r0933784/DDP/sw_package_2026/sw_project/project_sw/ecc_project_wrapper/zynq_fsbl'

TRACE::2026-09-30.17:12:59::SCWBDomain::System Command Ran  cd  /users/students/r0933784/DDP/sw_package_2026/sw_project/project_sw/ecc_project_wrapper/zynq_fsbl/zynq_fsbl_bsp ; bash -c "make  clean" 
TRACE::2026-09-30.17:12:59::SCWBDomain::make[1]: Entering directory '/users/students/r0933784/DDP/sw_package_2026/sw_project/project_sw/ecc_project_wrapper/zynq_fsbl/z
TRACE::2026-09-30.17:12:59::SCWBDomain::ynq_fsbl_bsp'

TRACE::2026-09-30.17:12:59::SCWBDomain::make -C ps7_cortexa9_0/libsrc/axidma_v9_16/src -s clean 

TRACE::2026-09-30.17:12:59::SCWBDomain::make[2]: Entering directory '/users/students/r0933784/DDP/sw_package_2026/sw_project/project_sw/ecc_project_wrapper/zynq_fsbl/z
TRACE::2026-09-30.17:12:59::SCWBDomain::ynq_fsbl_bsp/ps7_cortexa9_0/libsrc/axidma_v9_16/src'

TRACE::2026-09-30.17:12:59::SCWBDomain::make[2]: Leaving directory '/users/students/r0933784/DDP/sw_package_2026/sw_project/project_sw/ecc_project_wrapper/zynq_fsbl/zy
TRACE::2026-09-30.17:12:59::SCWBDomain::nq_fsbl_bsp/ps7_cortexa9_0/libsrc/axidma_v9_16/src'

TRACE::2026-09-30.17:12:59::SCWBDomain::make -C ps7_cortexa9_0/libsrc/coresightps_dcc_v1_8/src -s clean 

TRACE::2026-09-30.17:12:59::SCWBDomain::make[2]: Entering directory '/users/students/r0933784/DDP/sw_package_2026/sw_project/project_sw/ecc_project_wrapper/zynq_fsbl/z
TRACE::2026-09-30.17:12:59::SCWBDomain::ynq_fsbl_bsp/ps7_cortexa9_0/libsrc/coresightps_dcc_v1_8/src'

TRACE::2026-09-30.17:12:59::SCWBDomain::make[2]: Leaving directory '/users/students/r0933784/DDP/sw_package_2026/sw_project/project_sw/ecc_project_wrapper/zynq_fsbl/zy
TRACE::2026-09-30.17:12:59::SCWBDomain::nq_fsbl_bsp/ps7_cortexa9_0/libsrc/coresightps_dcc_v1_8/src'

TRACE::2026-09-30.17:12:59::SCWBDomain::make -C ps7_cortexa9_0/libsrc/cpu_cortexa9_v2_11/src -s clean 

TRACE::2026-09-30.17:12:59::SCWBDomain::make[2]: Entering directory '/users/students/r0933784/DDP/sw_package_2026/sw_project/project_sw/ecc_project_wrapper/zynq_fsbl/z
TRACE::2026-09-30.17:12:59::SCWBDomain::ynq_fsbl_bsp/ps7_cortexa9_0/libsrc/cpu_cortexa9_v2_11/src'

TRACE::2026-09-30.17:12:59::SCWBDomain::make[2]: Leaving directory '/users/students/r0933784/DDP/sw_package_2026/sw_project/project_sw/ecc_project_wrapper/zynq_fsbl/zy
TRACE::2026-09-30.17:12:59::SCWBDomain::nq_fsbl_bsp/ps7_cortexa9_0/libsrc/cpu_cortexa9_v2_11/src'

TRACE::2026-09-30.17:12:59::SCWBDomain::make -C ps7_cortexa9_0/libsrc/ddrps_v1_2/src -s clean 

TRACE::2026-09-30.17:12:59::SCWBDomain::make[2]: Entering directory '/users/students/r0933784/DDP/sw_package_2026/sw_project/project_sw/ecc_project_wrapper/zynq_fsbl/z
TRACE::2026-09-30.17:12:59::SCWBDomain::ynq_fsbl_bsp/ps7_cortexa9_0/libsrc/ddrps_v1_2/src'

TRACE::2026-09-30.17:12:59::SCWBDomain::make[2]: Leaving directory '/users/students/r0933784/DDP/sw_package_2026/sw_project/project_sw/ecc_project_wrapper/zynq_fsbl/zy
TRACE::2026-09-30.17:12:59::SCWBDomain::nq_fsbl_bsp/ps7_cortexa9_0/libsrc/ddrps_v1_2/src'

TRACE::2026-09-30.17:12:59::SCWBDomain::make -C ps7_cortexa9_0/libsrc/devcfg_v3_7/src -s clean 

TRACE::2026-09-30.17:13:00::SCWBDomain::make[2]: Entering directory '/users/students/r0933784/DDP/sw_package_2026/sw_project/project_sw/ecc_project_wrapper/zynq_fsbl/z
TRACE::2026-09-30.17:13:00::SCWBDomain::ynq_fsbl_bsp/ps7_cortexa9_0/libsrc/devcfg_v3_7/src'

TRACE::2026-09-30.17:13:00::SCWBDomain::make[2]: Leaving directory '/users/students/r0933784/DDP/sw_package_2026/sw_project/project_sw/ecc_project_wrapper/zynq_fsbl/zy
TRACE::2026-09-30.17:13:00::SCWBDomain::nq_fsbl_bsp/ps7_cortexa9_0/libsrc/devcfg_v3_7/src'

TRACE::2026-09-30.17:13:00::SCWBDomain::make -C ps7_cortexa9_0/libsrc/dmaps_v2_8/src -s clean 

TRACE::2026-09-30.17:13:00::SCWBDomain::make[2]: Entering directory '/users/students/r0933784/DDP/sw_package_2026/sw_project/project_sw/ecc_project_wrapper/zynq_fsbl/z
TRACE::2026-09-30.17:13:00::SCWBDomain::ynq_fsbl_bsp/ps7_cortexa9_0/libsrc/dmaps_v2_8/src'

TRACE::2026-09-30.17:13:00::SCWBDomain::make[2]: Leaving directory '/users/students/r0933784/DDP/sw_package_2026/sw_project/project_sw/ecc_project_wrapper/zynq_fsbl/zy
TRACE::2026-09-30.17:13:00::SCWBDomain::nq_fsbl_bsp/ps7_cortexa9_0/libsrc/dmaps_v2_8/src'

TRACE::2026-09-30.17:13:00::SCWBDomain::make -C ps7_cortexa9_0/libsrc/emacps_v3_18/src -s clean 

TRACE::2026-09-30.17:13:00::SCWBDomain::make[2]: Entering directory '/users/students/r0933784/DDP/sw_package_2026/sw_project/project_sw/ecc_project_wrapper/zynq_fsbl/z
TRACE::2026-09-30.17:13:00::SCWBDomain::ynq_fsbl_bsp/ps7_cortexa9_0/libsrc/emacps_v3_18/src'

TRACE::2026-09-30.17:13:00::SCWBDomain::make[2]: Leaving directory '/users/students/r0933784/DDP/sw_package_2026/sw_project/project_sw/ecc_project_wrapper/zynq_fsbl/zy
TRACE::2026-09-30.17:13:00::SCWBDomain::nq_fsbl_bsp/ps7_cortexa9_0/libsrc/emacps_v3_18/src'

TRACE::2026-09-30.17:13:00::SCWBDomain::make -C ps7_cortexa9_0/libsrc/gpiops_v3_11/src -s clean 

TRACE::2026-09-30.17:13:00::SCWBDomain::make[2]: Entering directory '/users/students/r0933784/DDP/sw_package_2026/sw_project/project_sw/ecc_project_wrapper/zynq_fsbl/z
TRACE::2026-09-30.17:13:00::SCWBDomain::ynq_fsbl_bsp/ps7_cortexa9_0/libsrc/gpiops_v3_11/src'

TRACE::2026-09-30.17:13:00::SCWBDomain::make[2]: Leaving directory '/users/students/r0933784/DDP/sw_package_2026/sw_project/project_sw/ecc_project_wrapper/zynq_fsbl/zy
TRACE::2026-09-30.17:13:00::SCWBDomain::nq_fsbl_bsp/ps7_cortexa9_0/libsrc/gpiops_v3_11/src'

TRACE::2026-09-30.17:13:00::SCWBDomain::make -C ps7_cortexa9_0/libsrc/qspips_v3_10/src -s clean 

TRACE::2026-09-30.17:13:00::SCWBDomain::make[2]: Entering directory '/users/students/r0933784/DDP/sw_package_2026/sw_project/project_sw/ecc_project_wrapper/zynq_fsbl/z
TRACE::2026-09-30.17:13:00::SCWBDomain::ynq_fsbl_bsp/ps7_cortexa9_0/libsrc/qspips_v3_10/src'

TRACE::2026-09-30.17:13:00::SCWBDomain::make[2]: Leaving directory '/users/students/r0933784/DDP/sw_package_2026/sw_project/project_sw/ecc_project_wrapper/zynq_fsbl/zy
TRACE::2026-09-30.17:13:00::SCWBDomain::nq_fsbl_bsp/ps7_cortexa9_0/libsrc/qspips_v3_10/src'

TRACE::2026-09-30.17:13:00::SCWBDomain::make -C ps7_cortexa9_0/libsrc/scugic_v5_1/src -s clean 

TRACE::2026-09-30.17:13:00::SCWBDomain::make[2]: Entering directory '/users/students/r0933784/DDP/sw_package_2026/sw_project/project_sw/ecc_project_wrapper/zynq_fsbl/z
TRACE::2026-09-30.17:13:00::SCWBDomain::ynq_fsbl_bsp/ps7_cortexa9_0/libsrc/scugic_v5_1/src'

TRACE::2026-09-30.17:13:00::SCWBDomain::make[2]: Leaving directory '/users/students/r0933784/DDP/sw_package_2026/sw_project/project_sw/ecc_project_wrapper/zynq_fsbl/zy
TRACE::2026-09-30.17:13:00::SCWBDomain::nq_fsbl_bsp/ps7_cortexa9_0/libsrc/scugic_v5_1/src'

TRACE::2026-09-30.17:13:00::SCWBDomain::make -C ps7_cortexa9_0/libsrc/scutimer_v2_4/src -s clean 

TRACE::2026-09-30.17:13:00::SCWBDomain::make[2]: Entering directory '/users/students/r0933784/DDP/sw_package_2026/sw_project/project_sw/ecc_project_wrapper/zynq_fsbl/z
TRACE::2026-09-30.17:13:00::SCWBDomain::ynq_fsbl_bsp/ps7_cortexa9_0/libsrc/scutimer_v2_4/src'

TRACE::2026-09-30.17:13:00::SCWBDomain::make[2]: Leaving directory '/users/students/r0933784/DDP/sw_package_2026/sw_project/project_sw/ecc_project_wrapper/zynq_fsbl/zy
TRACE::2026-09-30.17:13:00::SCWBDomain::nq_fsbl_bsp/ps7_cortexa9_0/libsrc/scutimer_v2_4/src'

TRACE::2026-09-30.17:13:00::SCWBDomain::make -C ps7_cortexa9_0/libsrc/scuwdt_v2_4/src -s clean 

TRACE::2026-09-30.17:13:00::SCWBDomain::make[2]: Entering directory '/users/students/r0933784/DDP/sw_package_2026/sw_project/project_sw/ecc_project_wrapper/zynq_fsbl/z
TRACE::2026-09-30.17:13:00::SCWBDomain::ynq_fsbl_bsp/ps7_cortexa9_0/libsrc/scuwdt_v2_4/src'

TRACE::2026-09-30.17:13:00::SCWBDomain::make[2]: Leaving directory '/users/students/r0933784/DDP/sw_package_2026/sw_project/project_sw/ecc_project_wrapper/zynq_fsbl/zy
TRACE::2026-09-30.17:13:00::SCWBDomain::nq_fsbl_bsp/ps7_cortexa9_0/libsrc/scuwdt_v2_4/src'

TRACE::2026-09-30.17:13:00::SCWBDomain::make -C ps7_cortexa9_0/libsrc/sdps_v4_1/src -s clean 

TRACE::2026-09-30.17:13:00::SCWBDomain::make[2]: Entering directory '/users/students/r0933784/DDP/sw_package_2026/sw_project/project_sw/ecc_project_wrapper/zynq_fsbl/z
TRACE::2026-09-30.17:13:00::SCWBDomain::ynq_fsbl_bsp/ps7_cortexa9_0/libsrc/sdps_v4_1/src'

TRACE::2026-09-30.17:13:00::SCWBDomain::make[2]: Leaving directory '/users/students/r0933784/DDP/sw_package_2026/sw_project/project_sw/ecc_project_wrapper/zynq_fsbl/zy
TRACE::2026-09-30.17:13:00::SCWBDomain::nq_fsbl_bsp/ps7_cortexa9_0/libsrc/sdps_v4_1/src'

TRACE::2026-09-30.17:13:00::SCWBDomain::make -C ps7_cortexa9_0/libsrc/standalone_v8_1/src -s clean 

TRACE::2026-09-30.17:13:00::SCWBDomain::make[2]: Entering directory '/users/students/r0933784/DDP/sw_package_2026/sw_project/project_sw/ecc_project_wrapper/zynq_fsbl/z
TRACE::2026-09-30.17:13:00::SCWBDomain::ynq_fsbl_bsp/ps7_cortexa9_0/libsrc/standalone_v8_1/src'

TRACE::2026-09-30.17:13:00::SCWBDomain::make[3]: Entering directory '/users/students/r0933784/DDP/sw_package_2026/sw_project/project_sw/ecc_project_wrapper/zynq_fsbl/z
TRACE::2026-09-30.17:13:00::SCWBDomain::ynq_fsbl_bsp/ps7_cortexa9_0/libsrc/standalone_v8_1/src/profile'

TRACE::2026-09-30.17:13:00::SCWBDomain::make[3]: Leaving directory '/users/students/r0933784/DDP/sw_package_2026/sw_project/project_sw/ecc_project_wrapper/zynq_fsbl/zy
TRACE::2026-09-30.17:13:00::SCWBDomain::nq_fsbl_bsp/ps7_cortexa9_0/libsrc/standalone_v8_1/src/profile'

TRACE::2026-09-30.17:13:00::SCWBDomain::make[2]: Leaving directory '/users/students/r0933784/DDP/sw_package_2026/sw_project/project_sw/ecc_project_wrapper/zynq_fsbl/zy
TRACE::2026-09-30.17:13:00::SCWBDomain::nq_fsbl_bsp/ps7_cortexa9_0/libsrc/standalone_v8_1/src'

TRACE::2026-09-30.17:13:00::SCWBDomain::make -C ps7_cortexa9_0/libsrc/uartps_v3_12/src -s clean 

TRACE::2026-09-30.17:13:00::SCWBDomain::make[2]: Entering directory '/users/students/r0933784/DDP/sw_package_2026/sw_project/project_sw/ecc_project_wrapper/zynq_fsbl/z
TRACE::2026-09-30.17:13:00::SCWBDomain::ynq_fsbl_bsp/ps7_cortexa9_0/libsrc/uartps_v3_12/src'

TRACE::2026-09-30.17:13:00::SCWBDomain::make[2]: Leaving directory '/users/students/r0933784/DDP/sw_package_2026/sw_project/project_sw/ecc_project_wrapper/zynq_fsbl/zy
TRACE::2026-09-30.17:13:00::SCWBDomain::nq_fsbl_bsp/ps7_cortexa9_0/libsrc/uartps_v3_12/src'

TRACE::2026-09-30.17:13:00::SCWBDomain::make -C ps7_cortexa9_0/libsrc/usbps_v2_7/src -s clean 

TRACE::2026-09-30.17:13:00::SCWBDomain::make[2]: Entering directory '/users/students/r0933784/DDP/sw_package_2026/sw_project/project_sw/ecc_project_wrapper/zynq_fsbl/z
TRACE::2026-09-30.17:13:00::SCWBDomain::ynq_fsbl_bsp/ps7_cortexa9_0/libsrc/usbps_v2_7/src'

TRACE::2026-09-30.17:13:00::SCWBDomain::make[2]: Leaving directory '/users/students/r0933784/DDP/sw_package_2026/sw_project/project_sw/ecc_project_wrapper/zynq_fsbl/zy
TRACE::2026-09-30.17:13:00::SCWBDomain::nq_fsbl_bsp/ps7_cortexa9_0/libsrc/usbps_v2_7/src'

TRACE::2026-09-30.17:13:00::SCWBDomain::make -C ps7_cortexa9_0/libsrc/xadcps_v2_6/src -s clean 

TRACE::2026-09-30.17:13:00::SCWBDomain::make[2]: Entering directory '/users/students/r0933784/DDP/sw_package_2026/sw_project/project_sw/ecc_project_wrapper/zynq_fsbl/z
TRACE::2026-09-30.17:13:00::SCWBDomain::ynq_fsbl_bsp/ps7_cortexa9_0/libsrc/xadcps_v2_6/src'

TRACE::2026-09-30.17:13:00::SCWBDomain::make[2]: Leaving directory '/users/students/r0933784/DDP/sw_package_2026/sw_project/project_sw/ecc_project_wrapper/zynq_fsbl/zy
TRACE::2026-09-30.17:13:00::SCWBDomain::nq_fsbl_bsp/ps7_cortexa9_0/libsrc/xadcps_v2_6/src'

TRACE::2026-09-30.17:13:00::SCWBDomain::make -C ps7_cortexa9_0/libsrc/xilffs_v5_0/src -s clean 

TRACE::2026-09-30.17:13:00::SCWBDomain::make[2]: Entering directory '/users/students/r0933784/DDP/sw_package_2026/sw_project/project_sw/ecc_project_wrapper/zynq_fsbl/z
TRACE::2026-09-30.17:13:00::SCWBDomain::ynq_fsbl_bsp/ps7_cortexa9_0/libsrc/xilffs_v5_0/src'

TRACE::2026-09-30.17:13:00::SCWBDomain::make[2]: Leaving directory '/users/students/r0933784/DDP/sw_package_2026/sw_project/project_sw/ecc_project_wrapper/zynq_fsbl/zy
TRACE::2026-09-30.17:13:00::SCWBDomain::nq_fsbl_bsp/ps7_cortexa9_0/libsrc/xilffs_v5_0/src'

TRACE::2026-09-30.17:13:00::SCWBDomain::make -C ps7_cortexa9_0/libsrc/xilrsa_v1_6/src -s clean 

TRACE::2026-09-30.17:13:00::SCWBDomain::make[2]: Entering directory '/users/students/r0933784/DDP/sw_package_2026/sw_project/project_sw/ecc_project_wrapper/zynq_fsbl/z
TRACE::2026-09-30.17:13:00::SCWBDomain::ynq_fsbl_bsp/ps7_cortexa9_0/libsrc/xilrsa_v1_6/src'

TRACE::2026-09-30.17:13:00::SCWBDomain::make[2]: Leaving directory '/users/students/r0933784/DDP/sw_package_2026/sw_project/project_sw/ecc_project_wrapper/zynq_fsbl/zy
TRACE::2026-09-30.17:13:00::SCWBDomain::nq_fsbl_bsp/ps7_cortexa9_0/libsrc/xilrsa_v1_6/src'

TRACE::2026-09-30.17:13:00::SCWBDomain::rm -f ps7_cortexa9_0/lib/libxil.a

TRACE::2026-09-30.17:13:00::SCWBDomain::make[1]: Leaving directory '/users/students/r0933784/DDP/sw_package_2026/sw_project/project_sw/ecc_project_wrapper/zynq_fsbl/zy
TRACE::2026-09-30.17:13:00::SCWBDomain::nq_fsbl_bsp'

TRACE::2026-09-30.17:13:00::SCWMssOS::cleaning the bsp 
TRACE::2026-09-30.17:13:00::SCWMssOS::System Command Ran  cd  /users/students/r0933784/DDP/sw_package_2026/sw_project/project_sw/ecc_project_wrapper/ps7_cortexa9_0/standalone_domain/bsp ; bash -c "make  clean " 
TRACE::2026-09-30.17:13:00::SCWMssOS::make[1]: Entering directory '/users/students/r0933784/DDP/sw_package_2026/sw_project/project_sw/ecc_project_wrapper/ps7_cortexa
TRACE::2026-09-30.17:13:00::SCWMssOS::9_0/standalone_domain/bsp'

TRACE::2026-09-30.17:13:00::SCWMssOS::make -C ps7_cortexa9_0/libsrc/axidma_v9_16/src -s clean 

TRACE::2026-09-30.17:13:00::SCWMssOS::make[2]: Entering directory '/users/students/r0933784/DDP/sw_package_2026/sw_project/project_sw/ecc_project_wrapper/ps7_cortexa
TRACE::2026-09-30.17:13:00::SCWMssOS::9_0/standalone_domain/bsp/ps7_cortexa9_0/libsrc/axidma_v9_16/src'

TRACE::2026-09-30.17:13:00::SCWMssOS::make[2]: Leaving directory '/users/students/r0933784/DDP/sw_package_2026/sw_project/project_sw/ecc_project_wrapper/ps7_cortexa9
TRACE::2026-09-30.17:13:00::SCWMssOS::_0/standalone_domain/bsp/ps7_cortexa9_0/libsrc/axidma_v9_16/src'

TRACE::2026-09-30.17:13:00::SCWMssOS::make -C ps7_cortexa9_0/libsrc/coresightps_dcc_v1_8/src -s clean 

TRACE::2026-09-30.17:13:00::SCWMssOS::make[2]: Entering directory '/users/students/r0933784/DDP/sw_package_2026/sw_project/project_sw/ecc_project_wrapper/ps7_cortexa
TRACE::2026-09-30.17:13:00::SCWMssOS::9_0/standalone_domain/bsp/ps7_cortexa9_0/libsrc/coresightps_dcc_v1_8/src'

TRACE::2026-09-30.17:13:00::SCWMssOS::make[2]: Leaving directory '/users/students/r0933784/DDP/sw_package_2026/sw_project/project_sw/ecc_project_wrapper/ps7_cortexa9
TRACE::2026-09-30.17:13:00::SCWMssOS::_0/standalone_domain/bsp/ps7_cortexa9_0/libsrc/coresightps_dcc_v1_8/src'

TRACE::2026-09-30.17:13:00::SCWMssOS::make -C ps7_cortexa9_0/libsrc/cpu_cortexa9_v2_11/src -s clean 

TRACE::2026-09-30.17:13:00::SCWMssOS::make[2]: Entering directory '/users/students/r0933784/DDP/sw_package_2026/sw_project/project_sw/ecc_project_wrapper/ps7_cortexa
TRACE::2026-09-30.17:13:00::SCWMssOS::9_0/standalone_domain/bsp/ps7_cortexa9_0/libsrc/cpu_cortexa9_v2_11/src'

TRACE::2026-09-30.17:13:00::SCWMssOS::make[2]: Leaving directory '/users/students/r0933784/DDP/sw_package_2026/sw_project/project_sw/ecc_project_wrapper/ps7_cortexa9
TRACE::2026-09-30.17:13:00::SCWMssOS::_0/standalone_domain/bsp/ps7_cortexa9_0/libsrc/cpu_cortexa9_v2_11/src'

TRACE::2026-09-30.17:13:00::SCWMssOS::make -C ps7_cortexa9_0/libsrc/ddrps_v1_2/src -s clean 

TRACE::2026-09-30.17:13:00::SCWMssOS::make[2]: Entering directory '/users/students/r0933784/DDP/sw_package_2026/sw_project/project_sw/ecc_project_wrapper/ps7_cortexa
TRACE::2026-09-30.17:13:00::SCWMssOS::9_0/standalone_domain/bsp/ps7_cortexa9_0/libsrc/ddrps_v1_2/src'

TRACE::2026-09-30.17:13:00::SCWMssOS::make[2]: Leaving directory '/users/students/r0933784/DDP/sw_package_2026/sw_project/project_sw/ecc_project_wrapper/ps7_cortexa9
TRACE::2026-09-30.17:13:00::SCWMssOS::_0/standalone_domain/bsp/ps7_cortexa9_0/libsrc/ddrps_v1_2/src'

TRACE::2026-09-30.17:13:00::SCWMssOS::make -C ps7_cortexa9_0/libsrc/devcfg_v3_7/src -s clean 

TRACE::2026-09-30.17:13:00::SCWMssOS::make[2]: Entering directory '/users/students/r0933784/DDP/sw_package_2026/sw_project/project_sw/ecc_project_wrapper/ps7_cortexa
TRACE::2026-09-30.17:13:00::SCWMssOS::9_0/standalone_domain/bsp/ps7_cortexa9_0/libsrc/devcfg_v3_7/src'

TRACE::2026-09-30.17:13:00::SCWMssOS::make[2]: Leaving directory '/users/students/r0933784/DDP/sw_package_2026/sw_project/project_sw/ecc_project_wrapper/ps7_cortexa9
TRACE::2026-09-30.17:13:00::SCWMssOS::_0/standalone_domain/bsp/ps7_cortexa9_0/libsrc/devcfg_v3_7/src'

TRACE::2026-09-30.17:13:00::SCWMssOS::make -C ps7_cortexa9_0/libsrc/dmaps_v2_8/src -s clean 

TRACE::2026-09-30.17:13:00::SCWMssOS::make[2]: Entering directory '/users/students/r0933784/DDP/sw_package_2026/sw_project/project_sw/ecc_project_wrapper/ps7_cortexa
TRACE::2026-09-30.17:13:00::SCWMssOS::9_0/standalone_domain/bsp/ps7_cortexa9_0/libsrc/dmaps_v2_8/src'

TRACE::2026-09-30.17:13:00::SCWMssOS::make[2]: Leaving directory '/users/students/r0933784/DDP/sw_package_2026/sw_project/project_sw/ecc_project_wrapper/ps7_cortexa9
TRACE::2026-09-30.17:13:00::SCWMssOS::_0/standalone_domain/bsp/ps7_cortexa9_0/libsrc/dmaps_v2_8/src'

TRACE::2026-09-30.17:13:00::SCWMssOS::make -C ps7_cortexa9_0/libsrc/emacps_v3_18/src -s clean 

TRACE::2026-09-30.17:13:00::SCWMssOS::make[2]: Entering directory '/users/students/r0933784/DDP/sw_package_2026/sw_project/project_sw/ecc_project_wrapper/ps7_cortexa
TRACE::2026-09-30.17:13:00::SCWMssOS::9_0/standalone_domain/bsp/ps7_cortexa9_0/libsrc/emacps_v3_18/src'

TRACE::2026-09-30.17:13:00::SCWMssOS::make[2]: Leaving directory '/users/students/r0933784/DDP/sw_package_2026/sw_project/project_sw/ecc_project_wrapper/ps7_cortexa9
TRACE::2026-09-30.17:13:00::SCWMssOS::_0/standalone_domain/bsp/ps7_cortexa9_0/libsrc/emacps_v3_18/src'

TRACE::2026-09-30.17:13:00::SCWMssOS::make -C ps7_cortexa9_0/libsrc/gpiops_v3_11/src -s clean 

TRACE::2026-09-30.17:13:01::SCWMssOS::make[2]: Entering directory '/users/students/r0933784/DDP/sw_package_2026/sw_project/project_sw/ecc_project_wrapper/ps7_cortexa
TRACE::2026-09-30.17:13:01::SCWMssOS::9_0/standalone_domain/bsp/ps7_cortexa9_0/libsrc/gpiops_v3_11/src'

TRACE::2026-09-30.17:13:01::SCWMssOS::make[2]: Leaving directory '/users/students/r0933784/DDP/sw_package_2026/sw_project/project_sw/ecc_project_wrapper/ps7_cortexa9
TRACE::2026-09-30.17:13:01::SCWMssOS::_0/standalone_domain/bsp/ps7_cortexa9_0/libsrc/gpiops_v3_11/src'

TRACE::2026-09-30.17:13:01::SCWMssOS::make -C ps7_cortexa9_0/libsrc/qspips_v3_10/src -s clean 

TRACE::2026-09-30.17:13:01::SCWMssOS::make[2]: Entering directory '/users/students/r0933784/DDP/sw_package_2026/sw_project/project_sw/ecc_project_wrapper/ps7_cortexa
TRACE::2026-09-30.17:13:01::SCWMssOS::9_0/standalone_domain/bsp/ps7_cortexa9_0/libsrc/qspips_v3_10/src'

TRACE::2026-09-30.17:13:01::SCWMssOS::make[2]: Leaving directory '/users/students/r0933784/DDP/sw_package_2026/sw_project/project_sw/ecc_project_wrapper/ps7_cortexa9
TRACE::2026-09-30.17:13:01::SCWMssOS::_0/standalone_domain/bsp/ps7_cortexa9_0/libsrc/qspips_v3_10/src'

TRACE::2026-09-30.17:13:01::SCWMssOS::make -C ps7_cortexa9_0/libsrc/scugic_v5_1/src -s clean 

TRACE::2026-09-30.17:13:01::SCWMssOS::make[2]: Entering directory '/users/students/r0933784/DDP/sw_package_2026/sw_project/project_sw/ecc_project_wrapper/ps7_cortexa
TRACE::2026-09-30.17:13:01::SCWMssOS::9_0/standalone_domain/bsp/ps7_cortexa9_0/libsrc/scugic_v5_1/src'

TRACE::2026-09-30.17:13:01::SCWMssOS::make[2]: Leaving directory '/users/students/r0933784/DDP/sw_package_2026/sw_project/project_sw/ecc_project_wrapper/ps7_cortexa9
TRACE::2026-09-30.17:13:01::SCWMssOS::_0/standalone_domain/bsp/ps7_cortexa9_0/libsrc/scugic_v5_1/src'

TRACE::2026-09-30.17:13:01::SCWMssOS::make -C ps7_cortexa9_0/libsrc/scutimer_v2_4/src -s clean 

TRACE::2026-09-30.17:13:01::SCWMssOS::make[2]: Entering directory '/users/students/r0933784/DDP/sw_package_2026/sw_project/project_sw/ecc_project_wrapper/ps7_cortexa
TRACE::2026-09-30.17:13:01::SCWMssOS::9_0/standalone_domain/bsp/ps7_cortexa9_0/libsrc/scutimer_v2_4/src'

TRACE::2026-09-30.17:13:01::SCWMssOS::make[2]: Leaving directory '/users/students/r0933784/DDP/sw_package_2026/sw_project/project_sw/ecc_project_wrapper/ps7_cortexa9
TRACE::2026-09-30.17:13:01::SCWMssOS::_0/standalone_domain/bsp/ps7_cortexa9_0/libsrc/scutimer_v2_4/src'

TRACE::2026-09-30.17:13:01::SCWMssOS::make -C ps7_cortexa9_0/libsrc/scuwdt_v2_4/src -s clean 

TRACE::2026-09-30.17:13:01::SCWMssOS::make[2]: Entering directory '/users/students/r0933784/DDP/sw_package_2026/sw_project/project_sw/ecc_project_wrapper/ps7_cortexa
TRACE::2026-09-30.17:13:01::SCWMssOS::9_0/standalone_domain/bsp/ps7_cortexa9_0/libsrc/scuwdt_v2_4/src'

TRACE::2026-09-30.17:13:01::SCWMssOS::make[2]: Leaving directory '/users/students/r0933784/DDP/sw_package_2026/sw_project/project_sw/ecc_project_wrapper/ps7_cortexa9
TRACE::2026-09-30.17:13:01::SCWMssOS::_0/standalone_domain/bsp/ps7_cortexa9_0/libsrc/scuwdt_v2_4/src'

TRACE::2026-09-30.17:13:01::SCWMssOS::make -C ps7_cortexa9_0/libsrc/sdps_v4_1/src -s clean 

TRACE::2026-09-30.17:13:01::SCWMssOS::make[2]: Entering directory '/users/students/r0933784/DDP/sw_package_2026/sw_project/project_sw/ecc_project_wrapper/ps7_cortexa
TRACE::2026-09-30.17:13:01::SCWMssOS::9_0/standalone_domain/bsp/ps7_cortexa9_0/libsrc/sdps_v4_1/src'

TRACE::2026-09-30.17:13:01::SCWMssOS::make[2]: Leaving directory '/users/students/r0933784/DDP/sw_package_2026/sw_project/project_sw/ecc_project_wrapper/ps7_cortexa9
TRACE::2026-09-30.17:13:01::SCWMssOS::_0/standalone_domain/bsp/ps7_cortexa9_0/libsrc/sdps_v4_1/src'

TRACE::2026-09-30.17:13:01::SCWMssOS::make -C ps7_cortexa9_0/libsrc/standalone_v8_1/src -s clean 

TRACE::2026-09-30.17:13:01::SCWMssOS::make[2]: Entering directory '/users/students/r0933784/DDP/sw_package_2026/sw_project/project_sw/ecc_project_wrapper/ps7_cortexa
TRACE::2026-09-30.17:13:01::SCWMssOS::9_0/standalone_domain/bsp/ps7_cortexa9_0/libsrc/standalone_v8_1/src'

TRACE::2026-09-30.17:13:01::SCWMssOS::make[3]: Entering directory '/users/students/r0933784/DDP/sw_package_2026/sw_project/project_sw/ecc_project_wrapper/ps7_cortexa
TRACE::2026-09-30.17:13:01::SCWMssOS::9_0/standalone_domain/bsp/ps7_cortexa9_0/libsrc/standalone_v8_1/src/profile'

TRACE::2026-09-30.17:13:01::SCWMssOS::make[3]: Leaving directory '/users/students/r0933784/DDP/sw_package_2026/sw_project/project_sw/ecc_project_wrapper/ps7_cortexa9
TRACE::2026-09-30.17:13:01::SCWMssOS::_0/standalone_domain/bsp/ps7_cortexa9_0/libsrc/standalone_v8_1/src/profile'

TRACE::2026-09-30.17:13:01::SCWMssOS::make[2]: Leaving directory '/users/students/r0933784/DDP/sw_package_2026/sw_project/project_sw/ecc_project_wrapper/ps7_cortexa9
TRACE::2026-09-30.17:13:01::SCWMssOS::_0/standalone_domain/bsp/ps7_cortexa9_0/libsrc/standalone_v8_1/src'

TRACE::2026-09-30.17:13:01::SCWMssOS::make -C ps7_cortexa9_0/libsrc/uartps_v3_12/src -s clean 

TRACE::2026-09-30.17:13:01::SCWMssOS::make[2]: Entering directory '/users/students/r0933784/DDP/sw_package_2026/sw_project/project_sw/ecc_project_wrapper/ps7_cortexa
TRACE::2026-09-30.17:13:01::SCWMssOS::9_0/standalone_domain/bsp/ps7_cortexa9_0/libsrc/uartps_v3_12/src'

TRACE::2026-09-30.17:13:01::SCWMssOS::make[2]: Leaving directory '/users/students/r0933784/DDP/sw_package_2026/sw_project/project_sw/ecc_project_wrapper/ps7_cortexa9
TRACE::2026-09-30.17:13:01::SCWMssOS::_0/standalone_domain/bsp/ps7_cortexa9_0/libsrc/uartps_v3_12/src'

TRACE::2026-09-30.17:13:01::SCWMssOS::make -C ps7_cortexa9_0/libsrc/usbps_v2_7/src -s clean 

TRACE::2026-09-30.17:13:01::SCWMssOS::make[2]: Entering directory '/users/students/r0933784/DDP/sw_package_2026/sw_project/project_sw/ecc_project_wrapper/ps7_cortexa
TRACE::2026-09-30.17:13:01::SCWMssOS::9_0/standalone_domain/bsp/ps7_cortexa9_0/libsrc/usbps_v2_7/src'

TRACE::2026-09-30.17:13:01::SCWMssOS::make[2]: Leaving directory '/users/students/r0933784/DDP/sw_package_2026/sw_project/project_sw/ecc_project_wrapper/ps7_cortexa9
TRACE::2026-09-30.17:13:01::SCWMssOS::_0/standalone_domain/bsp/ps7_cortexa9_0/libsrc/usbps_v2_7/src'

TRACE::2026-09-30.17:13:01::SCWMssOS::make -C ps7_cortexa9_0/libsrc/xadcps_v2_6/src -s clean 

TRACE::2026-09-30.17:13:01::SCWMssOS::make[2]: Entering directory '/users/students/r0933784/DDP/sw_package_2026/sw_project/project_sw/ecc_project_wrapper/ps7_cortexa
TRACE::2026-09-30.17:13:01::SCWMssOS::9_0/standalone_domain/bsp/ps7_cortexa9_0/libsrc/xadcps_v2_6/src'

TRACE::2026-09-30.17:13:01::SCWMssOS::make[2]: Leaving directory '/users/students/r0933784/DDP/sw_package_2026/sw_project/project_sw/ecc_project_wrapper/ps7_cortexa9
TRACE::2026-09-30.17:13:01::SCWMssOS::_0/standalone_domain/bsp/ps7_cortexa9_0/libsrc/xadcps_v2_6/src'

TRACE::2026-09-30.17:13:01::SCWMssOS::rm -f ps7_cortexa9_0/lib/libxil.a

TRACE::2026-09-30.17:13:01::SCWMssOS::make[1]: Leaving directory '/users/students/r0933784/DDP/sw_package_2026/sw_project/project_sw/ecc_project_wrapper/ps7_cortexa9
TRACE::2026-09-30.17:13:01::SCWMssOS::_0/standalone_domain/bsp'

LOG::2026-09-30.17:13:08::SCWPlatform::Started generating the artifacts platform ecc_project_wrapper
TRACE::2026-09-30.17:13:08::SCWPlatform::Sanity checking of platform is completed
LOG::2026-09-30.17:13:08::SCWPlatform::Started generating the artifacts for system configuration ecc_project_wrapper
LOG::2026-09-30.17:13:08::SCWSystem::Checking the domain zynq_fsbl
LOG::2026-09-30.17:13:08::SCWSystem::Doing application build for :  zynq_fsbl
TRACE::2026-09-30.17:13:08::SCWBDomain::Not a forced makefile updation, No changes are present. 
TRACE::2026-09-30.17:13:08::SCWDomain::Building the domain as part of full build :  zynq_fsbl
TRACE::2026-09-30.17:13:08::SCWPlatform::Trying to open the hw design at /users/students/r0933784/DDP/sw_package_2026/sw_project/project_sw/ecc_project_wrapper/hw/ecc_project_wrapper.xsa
TRACE::2026-09-30.17:13:08::SCWPlatform::DSA given /users/students/r0933784/DDP/sw_package_2026/sw_project/project_sw/ecc_project_wrapper/hw/ecc_project_wrapper.xsa
TRACE::2026-09-30.17:13:08::SCWPlatform::DSA absoulate path /users/students/r0933784/DDP/sw_package_2026/sw_project/project_sw/ecc_project_wrapper/hw/ecc_project_wrapper.xsa
TRACE::2026-09-30.17:13:08::SCWPlatform::DSA directory /users/students/r0933784/DDP/sw_package_2026/sw_project/project_sw/ecc_project_wrapper/hw
TRACE::2026-09-30.17:13:08::SCWPlatform:: Platform Path /users/students/r0933784/DDP/sw_package_2026/sw_project/project_sw/ecc_project_wrapper/hw/ecc_project_wrapper.xsa
TRACE::2026-09-30.17:13:08::SCWPlatform:: Unique name xilinx:pynq-z2::0.0
TRACE::2026-09-30.17:13:08::SCWPlatform::Trying to set the existing hwdb with name rsa_project_wrapper_5
TRACE::2026-09-30.17:13:08::SCWPlatform::Opened existing hwdb rsa_project_wrapper_5
TRACE::2026-09-30.17:13:08::SCWPlatform::Found the Hw Db part of the input DSA
TRACE::2026-09-30.17:13:08::SCWMssOS::Checking the sw design at  /users/students/r0933784/DDP/sw_package_2026/sw_project/project_sw/ecc_project_wrapper/zynq_fsbl/zynq_fsbl_bsp/system.mss
TRACE::2026-09-30.17:13:08::SCWMssOS::DEBUG:  swdes dump  /users/students/r0933784/DDP/sw_package_2026/sw_project/project_sw/ecc_project_wrapper/ps7_cortexa9_0/standalone_domain/bsp/system.mss|system_0||
/users/students/r0933784/DDP/sw_package_2026/sw_project/project_sw/ecc_project_wrapper/zynq_fsbl/zynq_fsbl_bsp/system.mss|system||

TRACE::2026-09-30.17:13:08::SCWMssOS::Sw design exists and opened at  /users/students/r0933784/DDP/sw_package_2026/sw_project/project_sw/ecc_project_wrapper/zynq_fsbl/zynq_fsbl_bsp/system.mss
TRACE::2026-09-30.17:13:08::SCWBDomain::Completed writing the mss file at /users/students/r0933784/DDP/sw_package_2026/sw_project/project_sw/ecc_project_wrapper/zynq_fsbl/zynq_fsbl_bsp
TRACE::2026-09-30.17:13:08::SCWBDomain::bsp generated is upto date with the mss file. Skipping bsp generation.
TRACE::2026-09-30.17:13:08::SCWBDomain::Not a forced makefile updation, No changes are present. 
TRACE::2026-09-30.17:13:08::SCWBDomain::System Command Ran  cd  /users/students/r0933784/DDP/sw_package_2026/sw_project/project_sw/ecc_project_wrapper/zynq_fsbl ; bash -c " make -C zynq_fsbl_bsp ; make  " 
TRACE::2026-09-30.17:13:08::SCWBDomain::make[1]: Entering directory '/users/students/r0933784/DDP/sw_package_2026/sw_project/project_sw/ecc_project_wrapper/zynq_fsbl/z
TRACE::2026-09-30.17:13:08::SCWBDomain::ynq_fsbl_bsp'

TRACE::2026-09-30.17:13:08::SCWBDomain::make --no-print-directory seq_libs

TRACE::2026-09-30.17:13:08::SCWBDomain::Running Make include in ps7_cortexa9_0/libsrc/axidma_v9_16/src

TRACE::2026-09-30.17:13:08::SCWBDomain::make -C ps7_cortexa9_0/libsrc/axidma_v9_16/src -s include  "SHELL=/bin/sh" "COMPILER=arm-none-eabi-gcc" "ASSEMBLER=arm-none-eab
TRACE::2026-09-30.17:13:08::SCWBDomain::i-as" "ARCHIVER=arm-none-eabi-ar" "COMPILER_FLAGS=  -O2 -c" "EXTRA_COMPILER_FLAGS=-mcpu=cortex-a9 -mfpu=vfpv3 -mfloat-abi=hard 
TRACE::2026-09-30.17:13:08::SCWBDomain::-nostartfiles -g -Wall -Wextra -fno-tree-loop-distribute-patterns"

TRACE::2026-09-30.17:13:08::SCWBDomain::Running Make include in ps7_cortexa9_0/libsrc/coresightps_dcc_v1_8/src

TRACE::2026-09-30.17:13:08::SCWBDomain::make -C ps7_cortexa9_0/libsrc/coresightps_dcc_v1_8/src -s include  "SHELL=/bin/sh" "COMPILER=arm-none-eabi-gcc" "ASSEMBLER=arm-
TRACE::2026-09-30.17:13:08::SCWBDomain::none-eabi-as" "ARCHIVER=arm-none-eabi-ar" "COMPILER_FLAGS=  -O2 -c" "EXTRA_COMPILER_FLAGS=-mcpu=cortex-a9 -mfpu=vfpv3 -mfloat-a
TRACE::2026-09-30.17:13:08::SCWBDomain::bi=hard -nostartfiles -g -Wall -Wextra -fno-tree-loop-distribute-patterns"

TRACE::2026-09-30.17:13:08::SCWBDomain::Running Make include in ps7_cortexa9_0/libsrc/cpu_cortexa9_v2_11/src

TRACE::2026-09-30.17:13:08::SCWBDomain::make -C ps7_cortexa9_0/libsrc/cpu_cortexa9_v2_11/src -s include  "SHELL=/bin/sh" "COMPILER=arm-none-eabi-gcc" "ASSEMBLER=arm-no
TRACE::2026-09-30.17:13:08::SCWBDomain::ne-eabi-as" "ARCHIVER=arm-none-eabi-ar" "COMPILER_FLAGS=  -O2 -c" "EXTRA_COMPILER_FLAGS=-mcpu=cortex-a9 -mfpu=vfpv3 -mfloat-abi
TRACE::2026-09-30.17:13:08::SCWBDomain::=hard -nostartfiles -g -Wall -Wextra -fno-tree-loop-distribute-patterns"

TRACE::2026-09-30.17:13:08::SCWBDomain::Running Make include in ps7_cortexa9_0/libsrc/ddrps_v1_2/src

TRACE::2026-09-30.17:13:08::SCWBDomain::make -C ps7_cortexa9_0/libsrc/ddrps_v1_2/src -s include  "SHELL=/bin/sh" "COMPILER=arm-none-eabi-gcc" "ASSEMBLER=arm-none-eabi-
TRACE::2026-09-30.17:13:08::SCWBDomain::as" "ARCHIVER=arm-none-eabi-ar" "COMPILER_FLAGS=  -O2 -c" "EXTRA_COMPILER_FLAGS=-mcpu=cortex-a9 -mfpu=vfpv3 -mfloat-abi=hard -n
TRACE::2026-09-30.17:13:08::SCWBDomain::ostartfiles -g -Wall -Wextra -fno-tree-loop-distribute-patterns"

TRACE::2026-09-30.17:13:08::SCWBDomain::Running Make include in ps7_cortexa9_0/libsrc/devcfg_v3_7/src

TRACE::2026-09-30.17:13:08::SCWBDomain::make -C ps7_cortexa9_0/libsrc/devcfg_v3_7/src -s include  "SHELL=/bin/sh" "COMPILER=arm-none-eabi-gcc" "ASSEMBLER=arm-none-eabi
TRACE::2026-09-30.17:13:08::SCWBDomain::-as" "ARCHIVER=arm-none-eabi-ar" "COMPILER_FLAGS=  -O2 -c" "EXTRA_COMPILER_FLAGS=-mcpu=cortex-a9 -mfpu=vfpv3 -mfloat-abi=hard -
TRACE::2026-09-30.17:13:08::SCWBDomain::nostartfiles -g -Wall -Wextra -fno-tree-loop-distribute-patterns"

TRACE::2026-09-30.17:13:08::SCWBDomain::Running Make include in ps7_cortexa9_0/libsrc/dmaps_v2_8/src

TRACE::2026-09-30.17:13:08::SCWBDomain::make -C ps7_cortexa9_0/libsrc/dmaps_v2_8/src -s include  "SHELL=/bin/sh" "COMPILER=arm-none-eabi-gcc" "ASSEMBLER=arm-none-eabi-
TRACE::2026-09-30.17:13:08::SCWBDomain::as" "ARCHIVER=arm-none-eabi-ar" "COMPILER_FLAGS=  -O2 -c" "EXTRA_COMPILER_FLAGS=-mcpu=cortex-a9 -mfpu=vfpv3 -mfloat-abi=hard -n
TRACE::2026-09-30.17:13:08::SCWBDomain::ostartfiles -g -Wall -Wextra -fno-tree-loop-distribute-patterns"

TRACE::2026-09-30.17:13:08::SCWBDomain::Running Make include in ps7_cortexa9_0/libsrc/emacps_v3_18/src

TRACE::2026-09-30.17:13:08::SCWBDomain::make -C ps7_cortexa9_0/libsrc/emacps_v3_18/src -s include  "SHELL=/bin/sh" "COMPILER=arm-none-eabi-gcc" "ASSEMBLER=arm-none-eab
TRACE::2026-09-30.17:13:08::SCWBDomain::i-as" "ARCHIVER=arm-none-eabi-ar" "COMPILER_FLAGS=  -O2 -c" "EXTRA_COMPILER_FLAGS=-mcpu=cortex-a9 -mfpu=vfpv3 -mfloat-abi=hard 
TRACE::2026-09-30.17:13:08::SCWBDomain::-nostartfiles -g -Wall -Wextra -fno-tree-loop-distribute-patterns"

TRACE::2026-09-30.17:13:08::SCWBDomain::Running Make include in ps7_cortexa9_0/libsrc/gpiops_v3_11/src

TRACE::2026-09-30.17:13:08::SCWBDomain::make -C ps7_cortexa9_0/libsrc/gpiops_v3_11/src -s include  "SHELL=/bin/sh" "COMPILER=arm-none-eabi-gcc" "ASSEMBLER=arm-none-eab
TRACE::2026-09-30.17:13:08::SCWBDomain::i-as" "ARCHIVER=arm-none-eabi-ar" "COMPILER_FLAGS=  -O2 -c" "EXTRA_COMPILER_FLAGS=-mcpu=cortex-a9 -mfpu=vfpv3 -mfloat-abi=hard 
TRACE::2026-09-30.17:13:08::SCWBDomain::-nostartfiles -g -Wall -Wextra -fno-tree-loop-distribute-patterns"

TRACE::2026-09-30.17:13:08::SCWBDomain::Running Make include in ps7_cortexa9_0/libsrc/qspips_v3_10/src

TRACE::2026-09-30.17:13:08::SCWBDomain::make -C ps7_cortexa9_0/libsrc/qspips_v3_10/src -s include  "SHELL=/bin/sh" "COMPILER=arm-none-eabi-gcc" "ASSEMBLER=arm-none-eab
TRACE::2026-09-30.17:13:08::SCWBDomain::i-as" "ARCHIVER=arm-none-eabi-ar" "COMPILER_FLAGS=  -O2 -c" "EXTRA_COMPILER_FLAGS=-mcpu=cortex-a9 -mfpu=vfpv3 -mfloat-abi=hard 
TRACE::2026-09-30.17:13:08::SCWBDomain::-nostartfiles -g -Wall -Wextra -fno-tree-loop-distribute-patterns"

TRACE::2026-09-30.17:13:08::SCWBDomain::Running Make include in ps7_cortexa9_0/libsrc/scugic_v5_1/src

TRACE::2026-09-30.17:13:08::SCWBDomain::make -C ps7_cortexa9_0/libsrc/scugic_v5_1/src -s include  "SHELL=/bin/sh" "COMPILER=arm-none-eabi-gcc" "ASSEMBLER=arm-none-eabi
TRACE::2026-09-30.17:13:08::SCWBDomain::-as" "ARCHIVER=arm-none-eabi-ar" "COMPILER_FLAGS=  -O2 -c" "EXTRA_COMPILER_FLAGS=-mcpu=cortex-a9 -mfpu=vfpv3 -mfloat-abi=hard -
TRACE::2026-09-30.17:13:08::SCWBDomain::nostartfiles -g -Wall -Wextra -fno-tree-loop-distribute-patterns"

TRACE::2026-09-30.17:13:08::SCWBDomain::Running Make include in ps7_cortexa9_0/libsrc/scutimer_v2_4/src

TRACE::2026-09-30.17:13:08::SCWBDomain::make -C ps7_cortexa9_0/libsrc/scutimer_v2_4/src -s include  "SHELL=/bin/sh" "COMPILER=arm-none-eabi-gcc" "ASSEMBLER=arm-none-ea
TRACE::2026-09-30.17:13:08::SCWBDomain::bi-as" "ARCHIVER=arm-none-eabi-ar" "COMPILER_FLAGS=  -O2 -c" "EXTRA_COMPILER_FLAGS=-mcpu=cortex-a9 -mfpu=vfpv3 -mfloat-abi=hard
TRACE::2026-09-30.17:13:08::SCWBDomain:: -nostartfiles -g -Wall -Wextra -fno-tree-loop-distribute-patterns"

TRACE::2026-09-30.17:13:08::SCWBDomain::Running Make include in ps7_cortexa9_0/libsrc/scuwdt_v2_4/src

TRACE::2026-09-30.17:13:08::SCWBDomain::make -C ps7_cortexa9_0/libsrc/scuwdt_v2_4/src -s include  "SHELL=/bin/sh" "COMPILER=arm-none-eabi-gcc" "ASSEMBLER=arm-none-eabi
TRACE::2026-09-30.17:13:08::SCWBDomain::-as" "ARCHIVER=arm-none-eabi-ar" "COMPILER_FLAGS=  -O2 -c" "EXTRA_COMPILER_FLAGS=-mcpu=cortex-a9 -mfpu=vfpv3 -mfloat-abi=hard -
TRACE::2026-09-30.17:13:08::SCWBDomain::nostartfiles -g -Wall -Wextra -fno-tree-loop-distribute-patterns"

TRACE::2026-09-30.17:13:08::SCWBDomain::Running Make include in ps7_cortexa9_0/libsrc/sdps_v4_1/src

TRACE::2026-09-30.17:13:08::SCWBDomain::make -C ps7_cortexa9_0/libsrc/sdps_v4_1/src -s include  "SHELL=/bin/sh" "COMPILER=arm-none-eabi-gcc" "ASSEMBLER=arm-none-eabi-a
TRACE::2026-09-30.17:13:08::SCWBDomain::s" "ARCHIVER=arm-none-eabi-ar" "COMPILER_FLAGS=  -O2 -c" "EXTRA_COMPILER_FLAGS=-mcpu=cortex-a9 -mfpu=vfpv3 -mfloat-abi=hard -no
TRACE::2026-09-30.17:13:08::SCWBDomain::startfiles -g -Wall -Wextra -fno-tree-loop-distribute-patterns"

TRACE::2026-09-30.17:13:08::SCWBDomain::Running Make include in ps7_cortexa9_0/libsrc/standalone_v8_1/src

TRACE::2026-09-30.17:13:08::SCWBDomain::make -C ps7_cortexa9_0/libsrc/standalone_v8_1/src -s include  "SHELL=/bin/sh" "COMPILER=arm-none-eabi-gcc" "ASSEMBLER=arm-none-
TRACE::2026-09-30.17:13:08::SCWBDomain::eabi-as" "ARCHIVER=arm-none-eabi-ar" "COMPILER_FLAGS=  -O2 -c" "EXTRA_COMPILER_FLAGS=-mcpu=cortex-a9 -mfpu=vfpv3 -mfloat-abi=ha
TRACE::2026-09-30.17:13:08::SCWBDomain::rd -nostartfiles -g -Wall -Wextra -fno-tree-loop-distribute-patterns"

TRACE::2026-09-30.17:13:08::SCWBDomain::Running Make include in ps7_cortexa9_0/libsrc/uartps_v3_12/src

TRACE::2026-09-30.17:13:08::SCWBDomain::make -C ps7_cortexa9_0/libsrc/uartps_v3_12/src -s include  "SHELL=/bin/sh" "COMPILER=arm-none-eabi-gcc" "ASSEMBLER=arm-none-eab
TRACE::2026-09-30.17:13:08::SCWBDomain::i-as" "ARCHIVER=arm-none-eabi-ar" "COMPILER_FLAGS=  -O2 -c" "EXTRA_COMPILER_FLAGS=-mcpu=cortex-a9 -mfpu=vfpv3 -mfloat-abi=hard 
TRACE::2026-09-30.17:13:08::SCWBDomain::-nostartfiles -g -Wall -Wextra -fno-tree-loop-distribute-patterns"

TRACE::2026-09-30.17:13:08::SCWBDomain::Running Make include in ps7_cortexa9_0/libsrc/usbps_v2_7/src

TRACE::2026-09-30.17:13:08::SCWBDomain::make -C ps7_cortexa9_0/libsrc/usbps_v2_7/src -s include  "SHELL=/bin/sh" "COMPILER=arm-none-eabi-gcc" "ASSEMBLER=arm-none-eabi-
TRACE::2026-09-30.17:13:08::SCWBDomain::as" "ARCHIVER=arm-none-eabi-ar" "COMPILER_FLAGS=  -O2 -c" "EXTRA_COMPILER_FLAGS=-mcpu=cortex-a9 -mfpu=vfpv3 -mfloat-abi=hard -n
TRACE::2026-09-30.17:13:08::SCWBDomain::ostartfiles -g -Wall -Wextra -fno-tree-loop-distribute-patterns"

TRACE::2026-09-30.17:13:08::SCWBDomain::Running Make include in ps7_cortexa9_0/libsrc/xadcps_v2_6/src

TRACE::2026-09-30.17:13:08::SCWBDomain::make -C ps7_cortexa9_0/libsrc/xadcps_v2_6/src -s include  "SHELL=/bin/sh" "COMPILER=arm-none-eabi-gcc" "ASSEMBLER=arm-none-eabi
TRACE::2026-09-30.17:13:08::SCWBDomain::-as" "ARCHIVER=arm-none-eabi-ar" "COMPILER_FLAGS=  -O2 -c" "EXTRA_COMPILER_FLAGS=-mcpu=cortex-a9 -mfpu=vfpv3 -mfloat-abi=hard -
TRACE::2026-09-30.17:13:08::SCWBDomain::nostartfiles -g -Wall -Wextra -fno-tree-loop-distribute-patterns"

TRACE::2026-09-30.17:13:08::SCWBDomain::Running Make include in ps7_cortexa9_0/libsrc/xilffs_v5_0/src

TRACE::2026-09-30.17:13:08::SCWBDomain::make -C ps7_cortexa9_0/libsrc/xilffs_v5_0/src -s include  "SHELL=/bin/sh" "COMPILER=arm-none-eabi-gcc" "ASSEMBLER=arm-none-eabi
TRACE::2026-09-30.17:13:08::SCWBDomain::-as" "ARCHIVER=arm-none-eabi-ar" "COMPILER_FLAGS=  -O2 -c" "EXTRA_COMPILER_FLAGS=-mcpu=cortex-a9 -mfpu=vfpv3 -mfloat-abi=hard -
TRACE::2026-09-30.17:13:08::SCWBDomain::nostartfiles -g -Wall -Wextra -fno-tree-loop-distribute-patterns"

TRACE::2026-09-30.17:13:08::SCWBDomain::Running Make include in ps7_cortexa9_0/libsrc/xilrsa_v1_6/src

TRACE::2026-09-30.17:13:08::SCWBDomain::make -C ps7_cortexa9_0/libsrc/xilrsa_v1_6/src -s include  "SHELL=/bin/sh" "COMPILER=arm-none-eabi-gcc" "ASSEMBLER=arm-none-eabi
TRACE::2026-09-30.17:13:08::SCWBDomain::-as" "ARCHIVER=arm-none-eabi-ar" "COMPILER_FLAGS=  -O2 -c" "EXTRA_COMPILER_FLAGS=-mcpu=cortex-a9 -mfpu=vfpv3 -mfloat-abi=hard -
TRACE::2026-09-30.17:13:08::SCWBDomain::nostartfiles -g -Wall -Wextra -fno-tree-loop-distribute-patterns"

TRACE::2026-09-30.17:13:08::SCWBDomain::Running Make libs in ps7_cortexa9_0/libsrc/xilrsa_v1_6/src

TRACE::2026-09-30.17:13:08::SCWBDomain::make -C ps7_cortexa9_0/libsrc/xilrsa_v1_6/src -s libs  "SHELL=/bin/sh" "COMPILER=arm-none-eabi-gcc" "ASSEMBLER=arm-none-eabi-as
TRACE::2026-09-30.17:13:08::SCWBDomain::" "ARCHIVER=arm-none-eabi-ar" "COMPILER_FLAGS=  -O2 -c" "EXTRA_COMPILER_FLAGS=-mcpu=cortex-a9 -mfpu=vfpv3 -mfloat-abi=hard -nos
TRACE::2026-09-30.17:13:08::SCWBDomain::tartfiles -g -Wall -Wextra -fno-tree-loop-distribute-patterns"

TRACE::2026-09-30.17:13:08::SCWBDomain::Finished building libraries sequentially.

TRACE::2026-09-30.17:13:08::SCWBDomain::make -j 10 --no-print-directory par_libs

TRACE::2026-09-30.17:13:08::SCWBDomain::Running Make include in ps7_cortexa9_0/libsrc/axidma_v9_16/src

TRACE::2026-09-30.17:13:08::SCWBDomain::Running Make include in ps7_cortexa9_0/libsrc/coresightps_dcc_v1_8/src

TRACE::2026-09-30.17:13:08::SCWBDomain::make -C ps7_cortexa9_0/libsrc/axidma_v9_16/src -s include  "SHELL=/bin/sh" "COMPILER=arm-none-eabi-gcc" "ASSEMBLER=arm-none-eab
TRACE::2026-09-30.17:13:08::SCWBDomain::i-as" "ARCHIVER=arm-none-eabi-ar" "COMPILER_FLAGS=  -O2 -c" "EXTRA_COMPILER_FLAGS=-mcpu=cortex-a9 -mfpu=vfpv3 -mfloat-abi=hard 
TRACE::2026-09-30.17:13:08::SCWBDomain::-nostartfiles -g -Wall -Wextra -fno-tree-loop-distribute-patterns"

TRACE::2026-09-30.17:13:08::SCWBDomain::make -C ps7_cortexa9_0/libsrc/coresightps_dcc_v1_8/src -s include  "SHELL=/bin/sh" "COMPILER=arm-none-eabi-gcc" "ASSEMBLER=arm-
TRACE::2026-09-30.17:13:08::SCWBDomain::none-eabi-as" "ARCHIVER=arm-none-eabi-ar" "COMPILER_FLAGS=  -O2 -c" "EXTRA_COMPILER_FLAGS=-mcpu=cortex-a9 -mfpu=vfpv3 -mfloat-a
TRACE::2026-09-30.17:13:08::SCWBDomain::bi=hard -nostartfiles -g -Wall -Wextra -fno-tree-loop-distribute-patterns"

TRACE::2026-09-30.17:13:08::SCWBDomain::Running Make include in ps7_cortexa9_0/libsrc/cpu_cortexa9_v2_11/src

TRACE::2026-09-30.17:13:08::SCWBDomain::Running Make include in ps7_cortexa9_0/libsrc/ddrps_v1_2/src

TRACE::2026-09-30.17:13:08::SCWBDomain::make -C ps7_cortexa9_0/libsrc/cpu_cortexa9_v2_11/src -s include  "SHELL=/bin/sh" "COMPILER=arm-none-eabi-gcc" "ASSEMBLER=arm-no
TRACE::2026-09-30.17:13:08::SCWBDomain::ne-eabi-as" "ARCHIVER=arm-none-eabi-ar" "COMPILER_FLAGS=  -O2 -c" "EXTRA_COMPILER_FLAGS=-mcpu=cortex-a9 -mfpu=vfpv3 -mfloat-abi
TRACE::2026-09-30.17:13:08::SCWBDomain::=hard -nostartfiles -g -Wall -Wextra -fno-tree-loop-distribute-patterns"

TRACE::2026-09-30.17:13:08::SCWBDomain::make -C ps7_cortexa9_0/libsrc/ddrps_v1_2/src -s include  "SHELL=/bin/sh" "COMPILER=arm-none-eabi-gcc" "ASSEMBLER=arm-none-eabi-
TRACE::2026-09-30.17:13:08::SCWBDomain::as" "ARCHIVER=arm-none-eabi-ar" "COMPILER_FLAGS=  -O2 -c" "EXTRA_COMPILER_FLAGS=-mcpu=cortex-a9 -mfpu=vfpv3 -mfloat-abi=hard -n
TRACE::2026-09-30.17:13:08::SCWBDomain::ostartfiles -g -Wall -Wextra -fno-tree-loop-distribute-patterns"

TRACE::2026-09-30.17:13:08::SCWBDomain::Running Make include in ps7_cortexa9_0/libsrc/devcfg_v3_7/src

TRACE::2026-09-30.17:13:08::SCWBDomain::Running Make include in ps7_cortexa9_0/libsrc/emacps_v3_18/src

TRACE::2026-09-30.17:13:08::SCWBDomain::Running Make include in ps7_cortexa9_0/libsrc/dmaps_v2_8/src

TRACE::2026-09-30.17:13:08::SCWBDomain::make -C ps7_cortexa9_0/libsrc/devcfg_v3_7/src -s include  "SHELL=/bin/sh" "COMPILER=arm-none-eabi-gcc" "ASSEMBLER=arm-none-eabi
TRACE::2026-09-30.17:13:08::SCWBDomain::-as" "ARCHIVER=arm-none-eabi-ar" "COMPILER_FLAGS=  -O2 -c" "EXTRA_COMPILER_FLAGS=-mcpu=cortex-a9 -mfpu=vfpv3 -mfloat-abi=hard -
TRACE::2026-09-30.17:13:08::SCWBDomain::nostartfiles -g -Wall -Wextra -fno-tree-loop-distribute-patterns"

TRACE::2026-09-30.17:13:08::SCWBDomain::Running Make include in ps7_cortexa9_0/libsrc/gpiops_v3_11/src

TRACE::2026-09-30.17:13:08::SCWBDomain::make -C ps7_cortexa9_0/libsrc/dmaps_v2_8/src -s include  "SHELL=/bin/sh" "COMPILER=arm-none-eabi-gcc" "ASSEMBLER=arm-none-eabi-
TRACE::2026-09-30.17:13:08::SCWBDomain::as" "ARCHIVER=arm-none-eabi-ar" "COMPILER_FLAGS=  -O2 -c" "EXTRA_COMPILER_FLAGS=-mcpu=cortex-a9 -mfpu=vfpv3 -mfloat-abi=hard -n
TRACE::2026-09-30.17:13:08::SCWBDomain::ostartfiles -g -Wall -Wextra -fno-tree-loop-distribute-patterns"

TRACE::2026-09-30.17:13:08::SCWBDomain::make -C ps7_cortexa9_0/libsrc/emacps_v3_18/src -s include  "SHELL=/bin/sh" "COMPILER=arm-none-eabi-gcc" "ASSEMBLER=arm-none-eab
TRACE::2026-09-30.17:13:08::SCWBDomain::i-as" "ARCHIVER=arm-none-eabi-ar" "COMPILER_FLAGS=  -O2 -c" "EXTRA_COMPILER_FLAGS=-mcpu=cortex-a9 -mfpu=vfpv3 -mfloat-abi=hard 
TRACE::2026-09-30.17:13:08::SCWBDomain::-nostartfiles -g -Wall -Wextra -fno-tree-loop-distribute-patterns"

TRACE::2026-09-30.17:13:08::SCWBDomain::make -C ps7_cortexa9_0/libsrc/gpiops_v3_11/src -s include  "SHELL=/bin/sh" "COMPILER=arm-none-eabi-gcc" "ASSEMBLER=arm-none-eab
TRACE::2026-09-30.17:13:08::SCWBDomain::i-as" "ARCHIVER=arm-none-eabi-ar" "COMPILER_FLAGS=  -O2 -c" "EXTRA_COMPILER_FLAGS=-mcpu=cortex-a9 -mfpu=vfpv3 -mfloat-abi=hard 
TRACE::2026-09-30.17:13:08::SCWBDomain::-nostartfiles -g -Wall -Wextra -fno-tree-loop-distribute-patterns"

TRACE::2026-09-30.17:13:08::SCWBDomain::Running Make include in ps7_cortexa9_0/libsrc/qspips_v3_10/src

TRACE::2026-09-30.17:13:08::SCWBDomain::make -C ps7_cortexa9_0/libsrc/qspips_v3_10/src -s include  "SHELL=/bin/sh" "COMPILER=arm-none-eabi-gcc" "ASSEMBLER=arm-none-eab
TRACE::2026-09-30.17:13:08::SCWBDomain::i-as" "ARCHIVER=arm-none-eabi-ar" "COMPILER_FLAGS=  -O2 -c" "EXTRA_COMPILER_FLAGS=-mcpu=cortex-a9 -mfpu=vfpv3 -mfloat-abi=hard 
TRACE::2026-09-30.17:13:08::SCWBDomain::-nostartfiles -g -Wall -Wextra -fno-tree-loop-distribute-patterns"

TRACE::2026-09-30.17:13:08::SCWBDomain::Running Make include in ps7_cortexa9_0/libsrc/scugic_v5_1/src

TRACE::2026-09-30.17:13:08::SCWBDomain::Running Make include in ps7_cortexa9_0/libsrc/scutimer_v2_4/src

TRACE::2026-09-30.17:13:08::SCWBDomain::Running Make include in ps7_cortexa9_0/libsrc/sdps_v4_1/src

TRACE::2026-09-30.17:13:08::SCWBDomain::Running Make include in ps7_cortexa9_0/libsrc/scuwdt_v2_4/src

TRACE::2026-09-30.17:13:08::SCWBDomain::make -C ps7_cortexa9_0/libsrc/scugic_v5_1/src -s include  "SHELL=/bin/sh" "COMPILER=arm-none-eabi-gcc" "ASSEMBLER=arm-none-eabi
TRACE::2026-09-30.17:13:08::SCWBDomain::-as" "ARCHIVER=arm-none-eabi-ar" "COMPILER_FLAGS=  -O2 -c" "EXTRA_COMPILER_FLAGS=-mcpu=cortex-a9 -mfpu=vfpv3 -mfloat-abi=hard -
TRACE::2026-09-30.17:13:08::SCWBDomain::nostartfiles -g -Wall -Wextra -fno-tree-loop-distribute-patterns"

TRACE::2026-09-30.17:13:08::SCWBDomain::make -C ps7_cortexa9_0/libsrc/scutimer_v2_4/src -s include  "SHELL=/bin/sh" "COMPILER=arm-none-eabi-gcc" "ASSEMBLER=arm-none-ea
TRACE::2026-09-30.17:13:08::SCWBDomain::bi-as" "ARCHIVER=arm-none-eabi-ar" "COMPILER_FLAGS=  -O2 -c" "EXTRA_COMPILER_FLAGS=-mcpu=cortex-a9 -mfpu=vfpv3 -mfloat-abi=hard
TRACE::2026-09-30.17:13:08::SCWBDomain:: -nostartfiles -g -Wall -Wextra -fno-tree-loop-distribute-patterns"

TRACE::2026-09-30.17:13:08::SCWBDomain::make -C ps7_cortexa9_0/libsrc/scuwdt_v2_4/src -s include  "SHELL=/bin/sh" "COMPILER=arm-none-eabi-gcc" "ASSEMBLER=arm-none-eabi
TRACE::2026-09-30.17:13:08::SCWBDomain::-as" "ARCHIVER=arm-none-eabi-ar" "COMPILER_FLAGS=  -O2 -c" "EXTRA_COMPILER_FLAGS=-mcpu=cortex-a9 -mfpu=vfpv3 -mfloat-abi=hard -
TRACE::2026-09-30.17:13:08::SCWBDomain::nostartfiles -g -Wall -Wextra -fno-tree-loop-distribute-patterns"

TRACE::2026-09-30.17:13:08::SCWBDomain::make -C ps7_cortexa9_0/libsrc/sdps_v4_1/src -s include  "SHELL=/bin/sh" "COMPILER=arm-none-eabi-gcc" "ASSEMBLER=arm-none-eabi-a
TRACE::2026-09-30.17:13:08::SCWBDomain::s" "ARCHIVER=arm-none-eabi-ar" "COMPILER_FLAGS=  -O2 -c" "EXTRA_COMPILER_FLAGS=-mcpu=cortex-a9 -mfpu=vfpv3 -mfloat-abi=hard -no
TRACE::2026-09-30.17:13:08::SCWBDomain::startfiles -g -Wall -Wextra -fno-tree-loop-distribute-patterns"

TRACE::2026-09-30.17:13:08::SCWBDomain::Running Make include in ps7_cortexa9_0/libsrc/standalone_v8_1/src

TRACE::2026-09-30.17:13:08::SCWBDomain::make -C ps7_cortexa9_0/libsrc/standalone_v8_1/src -s include  "SHELL=/bin/sh" "COMPILER=arm-none-eabi-gcc" "ASSEMBLER=arm-none-
TRACE::2026-09-30.17:13:08::SCWBDomain::eabi-as" "ARCHIVER=arm-none-eabi-ar" "COMPILER_FLAGS=  -O2 -c" "EXTRA_COMPILER_FLAGS=-mcpu=cortex-a9 -mfpu=vfpv3 -mfloat-abi=ha
TRACE::2026-09-30.17:13:08::SCWBDomain::rd -nostartfiles -g -Wall -Wextra -fno-tree-loop-distribute-patterns"

TRACE::2026-09-30.17:13:08::SCWBDomain::Running Make include in ps7_cortexa9_0/libsrc/uartps_v3_12/src

TRACE::2026-09-30.17:13:08::SCWBDomain::Running Make include in ps7_cortexa9_0/libsrc/usbps_v2_7/src

TRACE::2026-09-30.17:13:08::SCWBDomain::Running Make include in ps7_cortexa9_0/libsrc/xadcps_v2_6/src

TRACE::2026-09-30.17:13:08::SCWBDomain::Running Make include in ps7_cortexa9_0/libsrc/xilffs_v5_0/src

TRACE::2026-09-30.17:13:08::SCWBDomain::Running Make include in ps7_cortexa9_0/libsrc/xilrsa_v1_6/src

TRACE::2026-09-30.17:13:08::SCWBDomain::make -C ps7_cortexa9_0/libsrc/uartps_v3_12/src -s include  "SHELL=/bin/sh" "COMPILER=arm-none-eabi-gcc" "ASSEMBLER=arm-none-eab
TRACE::2026-09-30.17:13:08::SCWBDomain::i-as" "ARCHIVER=arm-none-eabi-ar" "COMPILER_FLAGS=  -O2 -c" "EXTRA_COMPILER_FLAGS=-mcpu=cortex-a9 -mfpu=vfpv3 -mfloat-abi=hard 
TRACE::2026-09-30.17:13:08::SCWBDomain::-nostartfiles -g -Wall -Wextra -fno-tree-loop-distribute-patterns"

TRACE::2026-09-30.17:13:08::SCWBDomain::make -C ps7_cortexa9_0/libsrc/usbps_v2_7/src -s include  "SHELL=/bin/sh" "COMPILER=arm-none-eabi-gcc" "ASSEMBLER=arm-none-eabi-
TRACE::2026-09-30.17:13:08::SCWBDomain::as" "ARCHIVER=arm-none-eabi-ar" "COMPILER_FLAGS=  -O2 -c" "EXTRA_COMPILER_FLAGS=-mcpu=cortex-a9 -mfpu=vfpv3 -mfloat-abi=hard -n
TRACE::2026-09-30.17:13:08::SCWBDomain::ostartfiles -g -Wall -Wextra -fno-tree-loop-distribute-patterns"

TRACE::2026-09-30.17:13:08::SCWBDomain::make -C ps7_cortexa9_0/libsrc/xadcps_v2_6/src -s include  "SHELL=/bin/sh" "COMPILER=arm-none-eabi-gcc" "ASSEMBLER=arm-none-eabi
TRACE::2026-09-30.17:13:08::SCWBDomain::-as" "ARCHIVER=arm-none-eabi-ar" "COMPILER_FLAGS=  -O2 -c" "EXTRA_COMPILER_FLAGS=-mcpu=cortex-a9 -mfpu=vfpv3 -mfloat-abi=hard -
TRACE::2026-09-30.17:13:08::SCWBDomain::nostartfiles -g -Wall -Wextra -fno-tree-loop-distribute-patterns"

TRACE::2026-09-30.17:13:08::SCWBDomain::make -C ps7_cortexa9_0/libsrc/xilffs_v5_0/src -s include  "SHELL=/bin/sh" "COMPILER=arm-none-eabi-gcc" "ASSEMBLER=arm-none-eabi
TRACE::2026-09-30.17:13:08::SCWBDomain::-as" "ARCHIVER=arm-none-eabi-ar" "COMPILER_FLAGS=  -O2 -c" "EXTRA_COMPILER_FLAGS=-mcpu=cortex-a9 -mfpu=vfpv3 -mfloat-abi=hard -
TRACE::2026-09-30.17:13:08::SCWBDomain::nostartfiles -g -Wall -Wextra -fno-tree-loop-distribute-patterns"

TRACE::2026-09-30.17:13:08::SCWBDomain::make -C ps7_cortexa9_0/libsrc/xilrsa_v1_6/src -s include  "SHELL=/bin/sh" "COMPILER=arm-none-eabi-gcc" "ASSEMBLER=arm-none-eabi
TRACE::2026-09-30.17:13:08::SCWBDomain::-as" "ARCHIVER=arm-none-eabi-ar" "COMPILER_FLAGS=  -O2 -c" "EXTRA_COMPILER_FLAGS=-mcpu=cortex-a9 -mfpu=vfpv3 -mfloat-abi=hard -
TRACE::2026-09-30.17:13:08::SCWBDomain::nostartfiles -g -Wall -Wextra -fno-tree-loop-distribute-patterns"

TRACE::2026-09-30.17:13:08::SCWBDomain::Running Make libs in ps7_cortexa9_0/libsrc/axidma_v9_16/src

TRACE::2026-09-30.17:13:08::SCWBDomain::make -C ps7_cortexa9_0/libsrc/axidma_v9_16/src -s libs  "SHELL=/bin/sh" "COMPILER=arm-none-eabi-gcc" "ASSEMBLER=arm-none-eabi-a
TRACE::2026-09-30.17:13:08::SCWBDomain::s" "ARCHIVER=arm-none-eabi-ar" "COMPILER_FLAGS=  -O2 -c" "EXTRA_COMPILER_FLAGS=-mcpu=cortex-a9 -mfpu=vfpv3 -mfloat-abi=hard -no
TRACE::2026-09-30.17:13:08::SCWBDomain::startfiles -g -Wall -Wextra -fno-tree-loop-distribute-patterns"

TRACE::2026-09-30.17:13:08::SCWBDomain::Running Make libs in ps7_cortexa9_0/libsrc/coresightps_dcc_v1_8/src

TRACE::2026-09-30.17:13:08::SCWBDomain::make -C ps7_cortexa9_0/libsrc/coresightps_dcc_v1_8/src -s libs  "SHELL=/bin/sh" "COMPILER=arm-none-eabi-gcc" "ASSEMBLER=arm-non
TRACE::2026-09-30.17:13:08::SCWBDomain::e-eabi-as" "ARCHIVER=arm-none-eabi-ar" "COMPILER_FLAGS=  -O2 -c" "EXTRA_COMPILER_FLAGS=-mcpu=cortex-a9 -mfpu=vfpv3 -mfloat-abi=
TRACE::2026-09-30.17:13:08::SCWBDomain::hard -nostartfiles -g -Wall -Wextra -fno-tree-loop-distribute-patterns"

TRACE::2026-09-30.17:13:08::SCWBDomain::Running Make libs in ps7_cortexa9_0/libsrc/cpu_cortexa9_v2_11/src

TRACE::2026-09-30.17:13:08::SCWBDomain::make -C ps7_cortexa9_0/libsrc/cpu_cortexa9_v2_11/src -s libs  "SHELL=/bin/sh" "COMPILER=arm-none-eabi-gcc" "ASSEMBLER=arm-none-
TRACE::2026-09-30.17:13:08::SCWBDomain::eabi-as" "ARCHIVER=arm-none-eabi-ar" "COMPILER_FLAGS=  -O2 -c" "EXTRA_COMPILER_FLAGS=-mcpu=cortex-a9 -mfpu=vfpv3 -mfloat-abi=ha
TRACE::2026-09-30.17:13:08::SCWBDomain::rd -nostartfiles -g -Wall -Wextra -fno-tree-loop-distribute-patterns"

TRACE::2026-09-30.17:13:08::SCWBDomain::Running Make libs in ps7_cortexa9_0/libsrc/ddrps_v1_2/src

TRACE::2026-09-30.17:13:08::SCWBDomain::Running Make libs in ps7_cortexa9_0/libsrc/devcfg_v3_7/src

TRACE::2026-09-30.17:13:08::SCWBDomain::make -C ps7_cortexa9_0/libsrc/ddrps_v1_2/src -s libs  "SHELL=/bin/sh" "COMPILER=arm-none-eabi-gcc" "ASSEMBLER=arm-none-eabi-as"
TRACE::2026-09-30.17:13:08::SCWBDomain:: "ARCHIVER=arm-none-eabi-ar" "COMPILER_FLAGS=  -O2 -c" "EXTRA_COMPILER_FLAGS=-mcpu=cortex-a9 -mfpu=vfpv3 -mfloat-abi=hard -nost
TRACE::2026-09-30.17:13:08::SCWBDomain::artfiles -g -Wall -Wextra -fno-tree-loop-distribute-patterns"

TRACE::2026-09-30.17:13:08::SCWBDomain::make -C ps7_cortexa9_0/libsrc/devcfg_v3_7/src -s libs  "SHELL=/bin/sh" "COMPILER=arm-none-eabi-gcc" "ASSEMBLER=arm-none-eabi-as
TRACE::2026-09-30.17:13:08::SCWBDomain::" "ARCHIVER=arm-none-eabi-ar" "COMPILER_FLAGS=  -O2 -c" "EXTRA_COMPILER_FLAGS=-mcpu=cortex-a9 -mfpu=vfpv3 -mfloat-abi=hard -nos
TRACE::2026-09-30.17:13:08::SCWBDomain::tartfiles -g -Wall -Wextra -fno-tree-loop-distribute-patterns"

TRACE::2026-09-30.17:13:08::SCWBDomain::Running Make libs in ps7_cortexa9_0/libsrc/dmaps_v2_8/src

TRACE::2026-09-30.17:13:08::SCWBDomain::Running Make libs in ps7_cortexa9_0/libsrc/emacps_v3_18/src

TRACE::2026-09-30.17:13:08::SCWBDomain::make -C ps7_cortexa9_0/libsrc/dmaps_v2_8/src -s libs  "SHELL=/bin/sh" "COMPILER=arm-none-eabi-gcc" "ASSEMBLER=arm-none-eabi-as"
TRACE::2026-09-30.17:13:08::SCWBDomain:: "ARCHIVER=arm-none-eabi-ar" "COMPILER_FLAGS=  -O2 -c" "EXTRA_COMPILER_FLAGS=-mcpu=cortex-a9 -mfpu=vfpv3 -mfloat-abi=hard -nost
TRACE::2026-09-30.17:13:08::SCWBDomain::artfiles -g -Wall -Wextra -fno-tree-loop-distribute-patterns"

TRACE::2026-09-30.17:13:08::SCWBDomain::Running Make libs in ps7_cortexa9_0/libsrc/gpiops_v3_11/src

TRACE::2026-09-30.17:13:08::SCWBDomain::make -C ps7_cortexa9_0/libsrc/emacps_v3_18/src -s libs  "SHELL=/bin/sh" "COMPILER=arm-none-eabi-gcc" "ASSEMBLER=arm-none-eabi-a
TRACE::2026-09-30.17:13:08::SCWBDomain::s" "ARCHIVER=arm-none-eabi-ar" "COMPILER_FLAGS=  -O2 -c" "EXTRA_COMPILER_FLAGS=-mcpu=cortex-a9 -mfpu=vfpv3 -mfloat-abi=hard -no
TRACE::2026-09-30.17:13:08::SCWBDomain::startfiles -g -Wall -Wextra -fno-tree-loop-distribute-patterns"

TRACE::2026-09-30.17:13:08::SCWBDomain::make -C ps7_cortexa9_0/libsrc/gpiops_v3_11/src -s libs  "SHELL=/bin/sh" "COMPILER=arm-none-eabi-gcc" "ASSEMBLER=arm-none-eabi-a
TRACE::2026-09-30.17:13:08::SCWBDomain::s" "ARCHIVER=arm-none-eabi-ar" "COMPILER_FLAGS=  -O2 -c" "EXTRA_COMPILER_FLAGS=-mcpu=cortex-a9 -mfpu=vfpv3 -mfloat-abi=hard -no
TRACE::2026-09-30.17:13:08::SCWBDomain::startfiles -g -Wall -Wextra -fno-tree-loop-distribute-patterns"

TRACE::2026-09-30.17:13:08::SCWBDomain::Running Make libs in ps7_cortexa9_0/libsrc/qspips_v3_10/src

TRACE::2026-09-30.17:13:08::SCWBDomain::make -C ps7_cortexa9_0/libsrc/qspips_v3_10/src -s libs  "SHELL=/bin/sh" "COMPILER=arm-none-eabi-gcc" "ASSEMBLER=arm-none-eabi-a
TRACE::2026-09-30.17:13:08::SCWBDomain::s" "ARCHIVER=arm-none-eabi-ar" "COMPILER_FLAGS=  -O2 -c" "EXTRA_COMPILER_FLAGS=-mcpu=cortex-a9 -mfpu=vfpv3 -mfloat-abi=hard -no
TRACE::2026-09-30.17:13:08::SCWBDomain::startfiles -g -Wall -Wextra -fno-tree-loop-distribute-patterns"

TRACE::2026-09-30.17:13:08::SCWBDomain::Running Make libs in ps7_cortexa9_0/libsrc/scugic_v5_1/src

TRACE::2026-09-30.17:13:08::SCWBDomain::make -C ps7_cortexa9_0/libsrc/scugic_v5_1/src -s libs  "SHELL=/bin/sh" "COMPILER=arm-none-eabi-gcc" "ASSEMBLER=arm-none-eabi-as
TRACE::2026-09-30.17:13:08::SCWBDomain::" "ARCHIVER=arm-none-eabi-ar" "COMPILER_FLAGS=  -O2 -c" "EXTRA_COMPILER_FLAGS=-mcpu=cortex-a9 -mfpu=vfpv3 -mfloat-abi=hard -nos
TRACE::2026-09-30.17:13:08::SCWBDomain::tartfiles -g -Wall -Wextra -fno-tree-loop-distribute-patterns"

TRACE::2026-09-30.17:13:08::SCWBDomain::Running Make libs in ps7_cortexa9_0/libsrc/scutimer_v2_4/src

TRACE::2026-09-30.17:13:08::SCWBDomain::make -C ps7_cortexa9_0/libsrc/scutimer_v2_4/src -s libs  "SHELL=/bin/sh" "COMPILER=arm-none-eabi-gcc" "ASSEMBLER=arm-none-eabi-
TRACE::2026-09-30.17:13:08::SCWBDomain::as" "ARCHIVER=arm-none-eabi-ar" "COMPILER_FLAGS=  -O2 -c" "EXTRA_COMPILER_FLAGS=-mcpu=cortex-a9 -mfpu=vfpv3 -mfloat-abi=hard -n
TRACE::2026-09-30.17:13:08::SCWBDomain::ostartfiles -g -Wall -Wextra -fno-tree-loop-distribute-patterns"

TRACE::2026-09-30.17:13:08::SCWBDomain::Running Make libs in ps7_cortexa9_0/libsrc/scuwdt_v2_4/src

TRACE::2026-09-30.17:13:08::SCWBDomain::make -C ps7_cortexa9_0/libsrc/scuwdt_v2_4/src -s libs  "SHELL=/bin/sh" "COMPILER=arm-none-eabi-gcc" "ASSEMBLER=arm-none-eabi-as
TRACE::2026-09-30.17:13:08::SCWBDomain::" "ARCHIVER=arm-none-eabi-ar" "COMPILER_FLAGS=  -O2 -c" "EXTRA_COMPILER_FLAGS=-mcpu=cortex-a9 -mfpu=vfpv3 -mfloat-abi=hard -nos
TRACE::2026-09-30.17:13:08::SCWBDomain::tartfiles -g -Wall -Wextra -fno-tree-loop-distribute-patterns"

TRACE::2026-09-30.17:13:08::SCWBDomain::Running Make libs in ps7_cortexa9_0/libsrc/sdps_v4_1/src

TRACE::2026-09-30.17:13:08::SCWBDomain::make -C ps7_cortexa9_0/libsrc/sdps_v4_1/src -s libs  "SHELL=/bin/sh" "COMPILER=arm-none-eabi-gcc" "ASSEMBLER=arm-none-eabi-as" 
TRACE::2026-09-30.17:13:08::SCWBDomain::"ARCHIVER=arm-none-eabi-ar" "COMPILER_FLAGS=  -O2 -c" "EXTRA_COMPILER_FLAGS=-mcpu=cortex-a9 -mfpu=vfpv3 -mfloat-abi=hard -nosta
TRACE::2026-09-30.17:13:08::SCWBDomain::rtfiles -g -Wall -Wextra -fno-tree-loop-distribute-patterns"

TRACE::2026-09-30.17:13:08::SCWBDomain::Running Make libs in ps7_cortexa9_0/libsrc/standalone_v8_1/src

TRACE::2026-09-30.17:13:08::SCWBDomain::make -C ps7_cortexa9_0/libsrc/standalone_v8_1/src -s libs  "SHELL=/bin/sh" "COMPILER=arm-none-eabi-gcc" "ASSEMBLER=arm-none-eab
TRACE::2026-09-30.17:13:08::SCWBDomain::i-as" "ARCHIVER=arm-none-eabi-ar" "COMPILER_FLAGS=  -O2 -c" "EXTRA_COMPILER_FLAGS=-mcpu=cortex-a9 -mfpu=vfpv3 -mfloat-abi=hard 
TRACE::2026-09-30.17:13:08::SCWBDomain::-nostartfiles -g -Wall -Wextra -fno-tree-loop-distribute-patterns"

TRACE::2026-09-30.17:13:08::SCWBDomain::Running Make libs in ps7_cortexa9_0/libsrc/uartps_v3_12/src

TRACE::2026-09-30.17:13:08::SCWBDomain::make -C ps7_cortexa9_0/libsrc/uartps_v3_12/src -s libs  "SHELL=/bin/sh" "COMPILER=arm-none-eabi-gcc" "ASSEMBLER=arm-none-eabi-a
TRACE::2026-09-30.17:13:08::SCWBDomain::s" "ARCHIVER=arm-none-eabi-ar" "COMPILER_FLAGS=  -O2 -c" "EXTRA_COMPILER_FLAGS=-mcpu=cortex-a9 -mfpu=vfpv3 -mfloat-abi=hard -no
TRACE::2026-09-30.17:13:08::SCWBDomain::startfiles -g -Wall -Wextra -fno-tree-loop-distribute-patterns"

TRACE::2026-09-30.17:13:09::SCWBDomain::Running Make libs in ps7_cortexa9_0/libsrc/usbps_v2_7/src

TRACE::2026-09-30.17:13:09::SCWBDomain::make -C ps7_cortexa9_0/libsrc/usbps_v2_7/src -s libs  "SHELL=/bin/sh" "COMPILER=arm-none-eabi-gcc" "ASSEMBLER=arm-none-eabi-as"
TRACE::2026-09-30.17:13:09::SCWBDomain:: "ARCHIVER=arm-none-eabi-ar" "COMPILER_FLAGS=  -O2 -c" "EXTRA_COMPILER_FLAGS=-mcpu=cortex-a9 -mfpu=vfpv3 -mfloat-abi=hard -nost
TRACE::2026-09-30.17:13:09::SCWBDomain::artfiles -g -Wall -Wextra -fno-tree-loop-distribute-patterns"

TRACE::2026-09-30.17:13:09::SCWBDomain::Running Make libs in ps7_cortexa9_0/libsrc/xadcps_v2_6/src

TRACE::2026-09-30.17:13:09::SCWBDomain::make -C ps7_cortexa9_0/libsrc/xadcps_v2_6/src -s libs  "SHELL=/bin/sh" "COMPILER=arm-none-eabi-gcc" "ASSEMBLER=arm-none-eabi-as
TRACE::2026-09-30.17:13:09::SCWBDomain::" "ARCHIVER=arm-none-eabi-ar" "COMPILER_FLAGS=  -O2 -c" "EXTRA_COMPILER_FLAGS=-mcpu=cortex-a9 -mfpu=vfpv3 -mfloat-abi=hard -nos
TRACE::2026-09-30.17:13:09::SCWBDomain::tartfiles -g -Wall -Wextra -fno-tree-loop-distribute-patterns"

TRACE::2026-09-30.17:13:09::SCWBDomain::Running Make libs in ps7_cortexa9_0/libsrc/xilffs_v5_0/src

TRACE::2026-09-30.17:13:09::SCWBDomain::make -C ps7_cortexa9_0/libsrc/xilffs_v5_0/src -s libs  "SHELL=/bin/sh" "COMPILER=arm-none-eabi-gcc" "ASSEMBLER=arm-none-eabi-as
TRACE::2026-09-30.17:13:09::SCWBDomain::" "ARCHIVER=arm-none-eabi-ar" "COMPILER_FLAGS=  -O2 -c" "EXTRA_COMPILER_FLAGS=-mcpu=cortex-a9 -mfpu=vfpv3 -mfloat-abi=hard -nos
TRACE::2026-09-30.17:13:09::SCWBDomain::tartfiles -g -Wall -Wextra -fno-tree-loop-distribute-patterns"

TRACE::2026-09-30.17:13:09::SCWBDomain::Finished building libraries parallelly.

TRACE::2026-09-30.17:13:09::SCWBDomain::make --no-print-directory archive

TRACE::2026-09-30.17:13:09::SCWBDomain::arm-none-eabi-ar -r  ps7_cortexa9_0/lib/libxil.a ps7_cortexa9_0/lib/_exit.o ps7_cortexa9_0/lib/_open.o ps7_cortexa9_0/lib/_sbrk
TRACE::2026-09-30.17:13:09::SCWBDomain::.o ps7_cortexa9_0/lib/abort.o ps7_cortexa9_0/lib/asm_vectors.o ps7_cortexa9_0/lib/boot.o ps7_cortexa9_0/lib/close.o ps7_cortexa
TRACE::2026-09-30.17:13:09::SCWBDomain::9_0/lib/cpputest_time.o ps7_cortexa9_0/lib/cpu_init.o ps7_cortexa9_0/lib/errno.o ps7_cortexa9_0/lib/fcntl.o ps7_cortexa9_0/lib/
TRACE::2026-09-30.17:13:09::SCWBDomain::fstat.o ps7_cortexa9_0/lib/getentropy.o ps7_cortexa9_0/lib/getpid.o ps7_cortexa9_0/lib/inbyte.o ps7_cortexa9_0/lib/isatty.o ps7
TRACE::2026-09-30.17:13:09::SCWBDomain::_cortexa9_0/lib/kill.o ps7_cortexa9_0/lib/lseek.o ps7_cortexa9_0/lib/open.o ps7_cortexa9_0/lib/outbyte.o ps7_cortexa9_0/lib/pri
TRACE::2026-09-30.17:13:09::SCWBDomain::nt.o ps7_cortexa9_0/lib/putnum.o ps7_cortexa9_0/lib/read.o ps7_cortexa9_0/lib/sbrk.o ps7_cortexa9_0/lib/sleep.o ps7_cortexa9_0/
TRACE::2026-09-30.17:13:09::SCWBDomain::lib/time.o ps7_cortexa9_0/lib/translation_table.o ps7_cortexa9_0/lib/unlink.o ps7_cortexa9_0/lib/usleep.o ps7_cortexa9_0/lib/ve
TRACE::2026-09-30.17:13:09::SCWBDomain::ctors.o ps7_cortexa9_0/lib/write.o ps7_cortexa9_0/lib/xadcps.o ps7_cortexa9_0/lib/xadcps_g.o ps7_cortexa9_0/lib/xadcps_intr.o p
TRACE::2026-09-30.17:13:09::SCWBDomain::s7_cortexa9_0/lib/xadcps_selftest.o ps7_cortexa9_0/lib/xadcps_sinit.o ps7_cortexa9_0/lib/xaxidma.o ps7_cortexa9_0/lib/xaxidma_b
TRACE::2026-09-30.17:13:09::SCWBDomain::d.o ps7_cortexa9_0/lib/xaxidma_bdring.o ps7_cortexa9_0/lib/xaxidma_g.o ps7_cortexa9_0/lib/xaxidma_selftest.o ps7_cortexa9_0/lib
TRACE::2026-09-30.17:13:09::SCWBDomain::/xaxidma_sinit.o ps7_cortexa9_0/lib/xcoresightpsdcc.o ps7_cortexa9_0/lib/xdevcfg.o ps7_cortexa9_0/lib/xdevcfg_g.o ps7_cortexa9_
TRACE::2026-09-30.17:13:09::SCWBDomain::0/lib/xdevcfg_hw.o ps7_cortexa9_0/lib/xdevcfg_intr.o ps7_cortexa9_0/lib/xdevcfg_selftest.o ps7_cortexa9_0/lib/xdevcfg_sinit.o p
TRACE::2026-09-30.17:13:09::SCWBDomain::s7_cortexa9_0/lib/xdmaps.o ps7_cortexa9_0/lib/xdmaps_g.o ps7_cortexa9_0/lib/xdmaps_hw.o ps7_cortexa9_0/lib/xdmaps_selftest.o ps
TRACE::2026-09-30.17:13:09::SCWBDomain::7_cortexa9_0/lib/xdmaps_sinit.o ps7_cortexa9_0/lib/xemacps.o ps7_cortexa9_0/lib/xemacps_bdring.o ps7_cortexa9_0/lib/xemacps_con
TRACE::2026-09-30.17:13:09::SCWBDomain::trol.o ps7_cortexa9_0/lib/xemacps_g.o ps7_cortexa9_0/lib/xemacps_hw.o ps7_cortexa9_0/lib/xemacps_intr.o ps7_cortexa9_0/lib/xema
TRACE::2026-09-30.17:13:09::SCWBDomain::cps_sinit.o ps7_cortexa9_0/lib/xgpiops.o ps7_cortexa9_0/lib/xgpiops_g.o ps7_cortexa9_0/lib/xgpiops_hw.o ps7_cortexa9_0/lib/xgpi
TRACE::2026-09-30.17:13:09::SCWBDomain::ops_intr.o ps7_cortexa9_0/lib/xgpiops_selftest.o ps7_cortexa9_0/lib/xgpiops_sinit.o ps7_cortexa9_0/lib/xil-crt0.o ps7_cortexa9_
TRACE::2026-09-30.17:13:09::SCWBDomain::0/lib/xil_assert.o ps7_cortexa9_0/lib/xil_cache.o ps7_cortexa9_0/lib/xil_clocking.o ps7_cortexa9_0/lib/xil_exception.o ps7_cort
TRACE::2026-09-30.17:13:09::SCWBDomain::exa9_0/lib/xil_mem.o ps7_cortexa9_0/lib/xil_misc_psreset_api.o ps7_cortexa9_0/lib/xil_mmu.o ps7_cortexa9_0/lib/xil_printf.o ps7
TRACE::2026-09-30.17:13:09::SCWBDomain::_cortexa9_0/lib/xil_sleepcommon.o ps7_cortexa9_0/lib/xil_sleeptimer.o ps7_cortexa9_0/lib/xil_spinlock.o ps7_cortexa9_0/lib/xil_
TRACE::2026-09-30.17:13:09::SCWBDomain::testcache.o ps7_cortexa9_0/lib/xil_testio.o ps7_cortexa9_0/lib/xil_testmem.o ps7_cortexa9_0/lib/xil_util.o ps7_cortexa9_0/lib/x
TRACE::2026-09-30.17:13:09::SCWBDomain::interrupt_wrap.o ps7_cortexa9_0/lib/xl2cc_counter.o ps7_cortexa9_0/lib/xplatform_info.o ps7_cortexa9_0/lib/xpm_counter.o ps7_co
TRACE::2026-09-30.17:13:09::SCWBDomain::rtexa9_0/lib/xqspips.o ps7_cortexa9_0/lib/xqspips_g.o ps7_cortexa9_0/lib/xqspips_hw.o ps7_cortexa9_0/lib/xqspips_options.o ps7_
TRACE::2026-09-30.17:13:09::SCWBDomain::cortexa9_0/lib/xqspips_selftest.o ps7_cortexa9_0/lib/xqspips_sinit.o ps7_cortexa9_0/lib/xscugic.o ps7_cortexa9_0/lib/xscugic_g.
TRACE::2026-09-30.17:13:09::SCWBDomain::o ps7_cortexa9_0/lib/xscugic_hw.o ps7_cortexa9_0/lib/xscugic_intr.o ps7_cortexa9_0/lib/xscugic_selftest.o ps7_cortexa9_0/lib/xs
TRACE::2026-09-30.17:13:09::SCWBDomain::cugic_sinit.o ps7_cortexa9_0/lib/xscutimer.o ps7_cortexa9_0/lib/xscutimer_g.o ps7_cortexa9_0/lib/xscutimer_selftest.o ps7_corte
TRACE::2026-09-30.17:13:09::SCWBDomain::xa9_0/lib/xscutimer_sinit.o ps7_cortexa9_0/lib/xscuwdt.o ps7_cortexa9_0/lib/xscuwdt_g.o ps7_cortexa9_0/lib/xscuwdt_selftest.o p
TRACE::2026-09-30.17:13:09::SCWBDomain::s7_cortexa9_0/lib/xscuwdt_sinit.o ps7_cortexa9_0/lib/xsdps.o ps7_cortexa9_0/lib/xsdps_card.o ps7_cortexa9_0/lib/xsdps_g.o ps7_c
TRACE::2026-09-30.17:13:09::SCWBDomain::ortexa9_0/lib/xsdps_host.o ps7_cortexa9_0/lib/xsdps_options.o ps7_cortexa9_0/lib/xsdps_sinit.o ps7_cortexa9_0/lib/xtime_l.o ps7
TRACE::2026-09-30.17:13:09::SCWBDomain::_cortexa9_0/lib/xuartps.o ps7_cortexa9_0/lib/xuartps_g.o ps7_cortexa9_0/lib/xuartps_hw.o ps7_cortexa9_0/lib/xuartps_intr.o ps7_
TRACE::2026-09-30.17:13:09::SCWBDomain::cortexa9_0/lib/xuartps_options.o ps7_cortexa9_0/lib/xuartps_selftest.o ps7_cortexa9_0/lib/xuartps_sinit.o ps7_cortexa9_0/lib/xu
TRACE::2026-09-30.17:13:09::SCWBDomain::sbps.o ps7_cortexa9_0/lib/xusbps_endpoint.o ps7_cortexa9_0/lib/xusbps_g.o ps7_cortexa9_0/lib/xusbps_hw.o ps7_cortexa9_0/lib/xus
TRACE::2026-09-30.17:13:09::SCWBDomain::bps_intr.o ps7_cortexa9_0/lib/xusbps_sinit.o

TRACE::2026-09-30.17:13:09::SCWBDomain::Finished building libraries

TRACE::2026-09-30.17:13:09::SCWBDomain::make[1]: Leaving directory '/users/students/r0933784/DDP/sw_package_2026/sw_project/project_sw/ecc_project_wrapper/zynq_fsbl/zy
TRACE::2026-09-30.17:13:09::SCWBDomain::nq_fsbl_bsp'

TRACE::2026-09-30.17:13:09::SCWBDomain::make[1]: Entering directory '/users/students/r0933784/DDP/sw_package_2026/sw_project/project_sw/ecc_project_wrapper/zynq_fsbl'

TRACE::2026-09-30.17:13:09::SCWBDomain::arm-none-eabi-gcc  -O2 -c -MMD -MP       -mcpu=cortex-a9 -mfpu=vfpv3 -mfloat-abi=hard  -c fsbl_hooks.c -o fsbl_hooks.o -Izynq_f
TRACE::2026-09-30.17:13:09::SCWBDomain::sbl_bsp/ps7_cortexa9_0/include -I.

TRACE::2026-09-30.17:13:09::SCWBDomain::arm-none-eabi-gcc  -O2 -c -MMD -MP       -mcpu=cortex-a9 -mfpu=vfpv3 -mfloat-abi=hard  -c image_mover.c -o image_mover.o -Izynq
TRACE::2026-09-30.17:13:09::SCWBDomain::_fsbl_bsp/ps7_cortexa9_0/include -I.

TRACE::2026-09-30.17:13:10::SCWBDomain::arm-none-eabi-gcc  -O2 -c -MMD -MP       -mcpu=cortex-a9 -mfpu=vfpv3 -mfloat-abi=hard  -c main.c -o main.o -Izynq_fsbl_bsp/ps7_
TRACE::2026-09-30.17:13:10::SCWBDomain::cortexa9_0/include -I.

TRACE::2026-09-30.17:13:10::SCWBDomain::arm-none-eabi-gcc  -O2 -c -MMD -MP       -mcpu=cortex-a9 -mfpu=vfpv3 -mfloat-abi=hard  -c md5.c -o md5.o -Izynq_fsbl_bsp/ps7_co
TRACE::2026-09-30.17:13:10::SCWBDomain::rtexa9_0/include -I.

TRACE::2026-09-30.17:13:10::SCWBDomain::arm-none-eabi-gcc  -O2 -c -MMD -MP       -mcpu=cortex-a9 -mfpu=vfpv3 -mfloat-abi=hard  -c nand.c -o nand.o -Izynq_fsbl_bsp/ps7_
TRACE::2026-09-30.17:13:10::SCWBDomain::cortexa9_0/include -I.

TRACE::2026-09-30.17:13:10::SCWBDomain::arm-none-eabi-gcc  -O2 -c -MMD -MP       -mcpu=cortex-a9 -mfpu=vfpv3 -mfloat-abi=hard  -c nor.c -o nor.o -Izynq_fsbl_bsp/ps7_co
TRACE::2026-09-30.17:13:10::SCWBDomain::rtexa9_0/include -I.

TRACE::2026-09-30.17:13:10::SCWBDomain::arm-none-eabi-gcc  -O2 -c -MMD -MP       -mcpu=cortex-a9 -mfpu=vfpv3 -mfloat-abi=hard  -c pcap.c -o pcap.o -Izynq_fsbl_bsp/ps7_
TRACE::2026-09-30.17:13:10::SCWBDomain::cortexa9_0/include -I.

TRACE::2026-09-30.17:13:10::SCWBDomain::arm-none-eabi-gcc  -O2 -c -MMD -MP       -mcpu=cortex-a9 -mfpu=vfpv3 -mfloat-abi=hard  -c ps7_init.c -o ps7_init.o -Izynq_fsbl_
TRACE::2026-09-30.17:13:10::SCWBDomain::bsp/ps7_cortexa9_0/include -I.

TRACE::2026-09-30.17:13:10::SCWBDomain::arm-none-eabi-gcc  -O2 -c -MMD -MP       -mcpu=cortex-a9 -mfpu=vfpv3 -mfloat-abi=hard  -c qspi.c -o qspi.o -Izynq_fsbl_bsp/ps7_
TRACE::2026-09-30.17:13:10::SCWBDomain::cortexa9_0/include -I.

TRACE::2026-09-30.17:13:10::SCWBDomain::arm-none-eabi-gcc  -O2 -c -MMD -MP       -mcpu=cortex-a9 -mfpu=vfpv3 -mfloat-abi=hard  -c rsa.c -o rsa.o -Izynq_fsbl_bsp/ps7_co
TRACE::2026-09-30.17:13:10::SCWBDomain::rtexa9_0/include -I.

TRACE::2026-09-30.17:13:10::SCWBDomain::arm-none-eabi-gcc  -O2 -c -MMD -MP       -mcpu=cortex-a9 -mfpu=vfpv3 -mfloat-abi=hard  -c sd.c -o sd.o -Izynq_fsbl_bsp/ps7_cort
TRACE::2026-09-30.17:13:10::SCWBDomain::exa9_0/include -I.

TRACE::2026-09-30.17:13:10::SCWBDomain::arm-none-eabi-gcc  -O2 -c -MMD -MP       -mcpu=cortex-a9 -mfpu=vfpv3 -mfloat-abi=hard  -c fsbl_handoff.S -o fsbl_handoff.o -Izy
TRACE::2026-09-30.17:13:10::SCWBDomain::nq_fsbl_bsp/ps7_cortexa9_0/include -I.

TRACE::2026-09-30.17:13:10::SCWBDomain::arm-none-eabi-gcc -o fsbl.elf fsbl_handoff.o fsbl_hooks.o image_mover.o main.o md5.o nand.o nor.o pcap.o ps7_init.o qspi.o rsa.
TRACE::2026-09-30.17:13:10::SCWBDomain::o sd.o -MMD -MP       -mcpu=cortex-a9 -mfpu=vfpv3 -mfloat-abi=hard   -mcpu=cortex-a9 -mfpu=vfpv3 -mfloat-abi=hard -Wl,-build-id
TRACE::2026-09-30.17:13:10::SCWBDomain::=none -specs=Xilinx.spec  -lrsa -Wl,--start-group,-lxil,-lgcc,-lc,--end-group -Wl,--start-group,-lxilffs,-lxil,-lgcc,-lc,--end-
TRACE::2026-09-30.17:13:10::SCWBDomain::group -Wl,--start-group,-lrsa,-lxil,-lgcc,-lc,--end-group                                     -Wl,--gc-sections -Lzynq_fsbl_bsp
TRACE::2026-09-30.17:13:10::SCWBDomain::/ps7_cortexa9_0/lib -L./ -Tlscript.ld

TRACE::2026-09-30.17:13:11::SCWBDomain::make[1]: Leaving directory '/users/students/r0933784/DDP/sw_package_2026/sw_project/project_sw/ecc_project_wrapper/zynq_fsbl'

LOG::2026-09-30.17:13:11::SCWSystem::Checking the domain standalone_domain
LOG::2026-09-30.17:13:11::SCWSystem::Not a boot domain 
LOG::2026-09-30.17:13:11::SCWSystem::Started Processing the domain standalone_domain
TRACE::2026-09-30.17:13:11::SCWDomain::Generating domain artifcats
TRACE::2026-09-30.17:13:11::SCWMssOS::Generating standalone artifcats
TRACE::2026-09-30.17:13:11::SCWMssOS::Copying the qemu file from  /users/students/r0933784/DDP/sw_package_2026/sw_project/project_sw/ecc_project_wrapper/resources/ecc_project_wrapper/standalone_domain/qemu_args.txt To /users/students/r0933784/DDP/sw_package_2026/sw_project/project_sw/ecc_project_wrapper/export/ecc_project_wrapper/sw/ecc_project_wrapper/qemu/
TRACE::2026-09-30.17:13:11::SCWMssOS::Copying the qemu file from  /users/students/r0933784/DDP/sw_package_2026/sw_project/project_sw/ecc_project_wrapper/resources/ecc_project_wrapper/standalone_domain/qemu_args.txt To /users/students/r0933784/DDP/sw_package_2026/sw_project/project_sw/ecc_project_wrapper/export/ecc_project_wrapper/sw/ecc_project_wrapper/standalone_domain/qemu/
TRACE::2026-09-30.17:13:11::SCWMssOS:: Copying the user libraries. 
TRACE::2026-09-30.17:13:11::SCWPlatform::Trying to open the hw design at /users/students/r0933784/DDP/sw_package_2026/sw_project/project_sw/ecc_project_wrapper/hw/ecc_project_wrapper.xsa
TRACE::2026-09-30.17:13:11::SCWPlatform::DSA given /users/students/r0933784/DDP/sw_package_2026/sw_project/project_sw/ecc_project_wrapper/hw/ecc_project_wrapper.xsa
TRACE::2026-09-30.17:13:11::SCWPlatform::DSA absoulate path /users/students/r0933784/DDP/sw_package_2026/sw_project/project_sw/ecc_project_wrapper/hw/ecc_project_wrapper.xsa
TRACE::2026-09-30.17:13:11::SCWPlatform::DSA directory /users/students/r0933784/DDP/sw_package_2026/sw_project/project_sw/ecc_project_wrapper/hw
TRACE::2026-09-30.17:13:11::SCWPlatform:: Platform Path /users/students/r0933784/DDP/sw_package_2026/sw_project/project_sw/ecc_project_wrapper/hw/ecc_project_wrapper.xsa
TRACE::2026-09-30.17:13:11::SCWPlatform:: Unique name xilinx:pynq-z2::0.0
TRACE::2026-09-30.17:13:11::SCWPlatform::Trying to set the existing hwdb with name rsa_project_wrapper_5
TRACE::2026-09-30.17:13:11::SCWPlatform::Opened existing hwdb rsa_project_wrapper_5
TRACE::2026-09-30.17:13:11::SCWPlatform::Found the Hw Db part of the input DSA
TRACE::2026-09-30.17:13:11::SCWMssOS::Checking the sw design at  /users/students/r0933784/DDP/sw_package_2026/sw_project/project_sw/ecc_project_wrapper/ps7_cortexa9_0/standalone_domain/bsp/system.mss
TRACE::2026-09-30.17:13:11::SCWMssOS::DEBUG:  swdes dump  /users/students/r0933784/DDP/sw_package_2026/sw_project/project_sw/ecc_project_wrapper/ps7_cortexa9_0/standalone_domain/bsp/system.mss|system_0||
/users/students/r0933784/DDP/sw_package_2026/sw_project/project_sw/ecc_project_wrapper/zynq_fsbl/zynq_fsbl_bsp/system.mss|system||

TRACE::2026-09-30.17:13:11::SCWMssOS::Sw design exists and opened at  /users/students/r0933784/DDP/sw_package_2026/sw_project/project_sw/ecc_project_wrapper/ps7_cortexa9_0/standalone_domain/bsp/system.mss
TRACE::2026-09-30.17:13:11::SCWMssOS::Completed writing the mss file at /users/students/r0933784/DDP/sw_package_2026/sw_project/project_sw/ecc_project_wrapper/ps7_cortexa9_0/standalone_domain/bsp
TRACE::2026-09-30.17:13:11::SCWMssOS::Mss edits present, copying mssfile into export location /users/students/r0933784/DDP/sw_package_2026/sw_project/project_sw/ecc_project_wrapper/ps7_cortexa9_0/standalone_domain/bsp/system.mss
TRACE::2026-09-30.17:13:11::SCWMssOS::bsp generated is upto date with the mss file. Skipping bsp generation.
TRACE::2026-09-30.17:13:11::SCWMssOS::BSP is already built. skipping the bsp build ... 
TRACE::2026-09-30.17:13:11::SCWDomain::Building the domain as part of full build :  standalone_domain
TRACE::2026-09-30.17:13:11::SCWMssOS::doing bsp build ... 
TRACE::2026-09-30.17:13:11::SCWMssOS::System Command Ran  cd  /users/students/r0933784/DDP/sw_package_2026/sw_project/project_sw/ecc_project_wrapper/ps7_cortexa9_0/standalone_domain/bsp ; bash -c "make  " 
TRACE::2026-09-30.17:13:11::SCWMssOS::make[1]: Entering directory '/users/students/r0933784/DDP/sw_package_2026/sw_project/project_sw/ecc_project_wrapper/ps7_cortexa
TRACE::2026-09-30.17:13:11::SCWMssOS::9_0/standalone_domain/bsp'

TRACE::2026-09-30.17:13:11::SCWMssOS::make --no-print-directory seq_libs

TRACE::2026-09-30.17:13:11::SCWMssOS::Finished building libraries sequentially.

TRACE::2026-09-30.17:13:11::SCWMssOS::make -j 10 --no-print-directory par_libs

TRACE::2026-09-30.17:13:11::SCWMssOS::Running Make include in ps7_cortexa9_0/libsrc/axidma_v9_16/src

TRACE::2026-09-30.17:13:11::SCWMssOS::make -C ps7_cortexa9_0/libsrc/axidma_v9_16/src -s include  "SHELL=/bin/sh" "COMPILER=arm-none-eabi-gcc" "ASSEMBLER=arm-none-eab
TRACE::2026-09-30.17:13:11::SCWMssOS::i-as" "ARCHIVER=arm-none-eabi-ar" "COMPILER_FLAGS=  -O2 -c" "EXTRA_COMPILER_FLAGS=-mcpu=cortex-a9 -mfpu=vfpv3 -mfloat-abi=hard 
TRACE::2026-09-30.17:13:11::SCWMssOS::-nostartfiles -g -Wall -Wextra -fno-tree-loop-distribute-patterns"

TRACE::2026-09-30.17:13:11::SCWMssOS::Running Make include in ps7_cortexa9_0/libsrc/coresightps_dcc_v1_8/src

TRACE::2026-09-30.17:13:11::SCWMssOS::Running Make include in ps7_cortexa9_0/libsrc/cpu_cortexa9_v2_11/src

TRACE::2026-09-30.17:13:11::SCWMssOS::make -C ps7_cortexa9_0/libsrc/coresightps_dcc_v1_8/src -s include  "SHELL=/bin/sh" "COMPILER=arm-none-eabi-gcc" "ASSEMBLER=arm-
TRACE::2026-09-30.17:13:11::SCWMssOS::none-eabi-as" "ARCHIVER=arm-none-eabi-ar" "COMPILER_FLAGS=  -O2 -c" "EXTRA_COMPILER_FLAGS=-mcpu=cortex-a9 -mfpu=vfpv3 -mfloat-a
TRACE::2026-09-30.17:13:11::SCWMssOS::bi=hard -nostartfiles -g -Wall -Wextra -fno-tree-loop-distribute-patterns"

TRACE::2026-09-30.17:13:11::SCWMssOS::make -C ps7_cortexa9_0/libsrc/cpu_cortexa9_v2_11/src -s include  "SHELL=/bin/sh" "COMPILER=arm-none-eabi-gcc" "ASSEMBLER=arm-no
TRACE::2026-09-30.17:13:11::SCWMssOS::ne-eabi-as" "ARCHIVER=arm-none-eabi-ar" "COMPILER_FLAGS=  -O2 -c" "EXTRA_COMPILER_FLAGS=-mcpu=cortex-a9 -mfpu=vfpv3 -mfloat-abi
TRACE::2026-09-30.17:13:11::SCWMssOS::=hard -nostartfiles -g -Wall -Wextra -fno-tree-loop-distribute-patterns"

TRACE::2026-09-30.17:13:11::SCWMssOS::Running Make include in ps7_cortexa9_0/libsrc/ddrps_v1_2/src

TRACE::2026-09-30.17:13:11::SCWMssOS::make -C ps7_cortexa9_0/libsrc/ddrps_v1_2/src -s include  "SHELL=/bin/sh" "COMPILER=arm-none-eabi-gcc" "ASSEMBLER=arm-none-eabi-
TRACE::2026-09-30.17:13:11::SCWMssOS::as" "ARCHIVER=arm-none-eabi-ar" "COMPILER_FLAGS=  -O2 -c" "EXTRA_COMPILER_FLAGS=-mcpu=cortex-a9 -mfpu=vfpv3 -mfloat-abi=hard -n
TRACE::2026-09-30.17:13:11::SCWMssOS::ostartfiles -g -Wall -Wextra -fno-tree-loop-distribute-patterns"

TRACE::2026-09-30.17:13:11::SCWMssOS::Running Make include in ps7_cortexa9_0/libsrc/devcfg_v3_7/src

TRACE::2026-09-30.17:13:11::SCWMssOS::make -C ps7_cortexa9_0/libsrc/devcfg_v3_7/src -s include  "SHELL=/bin/sh" "COMPILER=arm-none-eabi-gcc" "ASSEMBLER=arm-none-eabi
TRACE::2026-09-30.17:13:11::SCWMssOS::-as" "ARCHIVER=arm-none-eabi-ar" "COMPILER_FLAGS=  -O2 -c" "EXTRA_COMPILER_FLAGS=-mcpu=cortex-a9 -mfpu=vfpv3 -mfloat-abi=hard -
TRACE::2026-09-30.17:13:11::SCWMssOS::nostartfiles -g -Wall -Wextra -fno-tree-loop-distribute-patterns"

TRACE::2026-09-30.17:13:11::SCWMssOS::Running Make include in ps7_cortexa9_0/libsrc/dmaps_v2_8/src

TRACE::2026-09-30.17:13:11::SCWMssOS::make -C ps7_cortexa9_0/libsrc/dmaps_v2_8/src -s include  "SHELL=/bin/sh" "COMPILER=arm-none-eabi-gcc" "ASSEMBLER=arm-none-eabi-
TRACE::2026-09-30.17:13:11::SCWMssOS::as" "ARCHIVER=arm-none-eabi-ar" "COMPILER_FLAGS=  -O2 -c" "EXTRA_COMPILER_FLAGS=-mcpu=cortex-a9 -mfpu=vfpv3 -mfloat-abi=hard -n
TRACE::2026-09-30.17:13:11::SCWMssOS::ostartfiles -g -Wall -Wextra -fno-tree-loop-distribute-patterns"

TRACE::2026-09-30.17:13:11::SCWMssOS::Running Make include in ps7_cortexa9_0/libsrc/emacps_v3_18/src

TRACE::2026-09-30.17:13:11::SCWMssOS::make -C ps7_cortexa9_0/libsrc/emacps_v3_18/src -s include  "SHELL=/bin/sh" "COMPILER=arm-none-eabi-gcc" "ASSEMBLER=arm-none-eab
TRACE::2026-09-30.17:13:11::SCWMssOS::i-as" "ARCHIVER=arm-none-eabi-ar" "COMPILER_FLAGS=  -O2 -c" "EXTRA_COMPILER_FLAGS=-mcpu=cortex-a9 -mfpu=vfpv3 -mfloat-abi=hard 
TRACE::2026-09-30.17:13:11::SCWMssOS::-nostartfiles -g -Wall -Wextra -fno-tree-loop-distribute-patterns"

TRACE::2026-09-30.17:13:11::SCWMssOS::Running Make include in ps7_cortexa9_0/libsrc/gpiops_v3_11/src

TRACE::2026-09-30.17:13:11::SCWMssOS::make -C ps7_cortexa9_0/libsrc/gpiops_v3_11/src -s include  "SHELL=/bin/sh" "COMPILER=arm-none-eabi-gcc" "ASSEMBLER=arm-none-eab
TRACE::2026-09-30.17:13:11::SCWMssOS::i-as" "ARCHIVER=arm-none-eabi-ar" "COMPILER_FLAGS=  -O2 -c" "EXTRA_COMPILER_FLAGS=-mcpu=cortex-a9 -mfpu=vfpv3 -mfloat-abi=hard 
TRACE::2026-09-30.17:13:11::SCWMssOS::-nostartfiles -g -Wall -Wextra -fno-tree-loop-distribute-patterns"

TRACE::2026-09-30.17:13:11::SCWMssOS::Running Make include in ps7_cortexa9_0/libsrc/qspips_v3_10/src

TRACE::2026-09-30.17:13:11::SCWMssOS::make -C ps7_cortexa9_0/libsrc/qspips_v3_10/src -s include  "SHELL=/bin/sh" "COMPILER=arm-none-eabi-gcc" "ASSEMBLER=arm-none-eab
TRACE::2026-09-30.17:13:11::SCWMssOS::i-as" "ARCHIVER=arm-none-eabi-ar" "COMPILER_FLAGS=  -O2 -c" "EXTRA_COMPILER_FLAGS=-mcpu=cortex-a9 -mfpu=vfpv3 -mfloat-abi=hard 
TRACE::2026-09-30.17:13:11::SCWMssOS::-nostartfiles -g -Wall -Wextra -fno-tree-loop-distribute-patterns"

TRACE::2026-09-30.17:13:11::SCWMssOS::Running Make include in ps7_cortexa9_0/libsrc/scugic_v5_1/src

TRACE::2026-09-30.17:13:11::SCWMssOS::make -C ps7_cortexa9_0/libsrc/scugic_v5_1/src -s include  "SHELL=/bin/sh" "COMPILER=arm-none-eabi-gcc" "ASSEMBLER=arm-none-eabi
TRACE::2026-09-30.17:13:11::SCWMssOS::-as" "ARCHIVER=arm-none-eabi-ar" "COMPILER_FLAGS=  -O2 -c" "EXTRA_COMPILER_FLAGS=-mcpu=cortex-a9 -mfpu=vfpv3 -mfloat-abi=hard -
TRACE::2026-09-30.17:13:11::SCWMssOS::nostartfiles -g -Wall -Wextra -fno-tree-loop-distribute-patterns"

TRACE::2026-09-30.17:13:11::SCWMssOS::Running Make include in ps7_cortexa9_0/libsrc/scutimer_v2_4/src

TRACE::2026-09-30.17:13:11::SCWMssOS::Running Make include in ps7_cortexa9_0/libsrc/scuwdt_v2_4/src

TRACE::2026-09-30.17:13:11::SCWMssOS::make -C ps7_cortexa9_0/libsrc/scutimer_v2_4/src -s include  "SHELL=/bin/sh" "COMPILER=arm-none-eabi-gcc" "ASSEMBLER=arm-none-ea
TRACE::2026-09-30.17:13:11::SCWMssOS::bi-as" "ARCHIVER=arm-none-eabi-ar" "COMPILER_FLAGS=  -O2 -c" "EXTRA_COMPILER_FLAGS=-mcpu=cortex-a9 -mfpu=vfpv3 -mfloat-abi=hard
TRACE::2026-09-30.17:13:11::SCWMssOS:: -nostartfiles -g -Wall -Wextra -fno-tree-loop-distribute-patterns"

TRACE::2026-09-30.17:13:11::SCWMssOS::make -C ps7_cortexa9_0/libsrc/scuwdt_v2_4/src -s include  "SHELL=/bin/sh" "COMPILER=arm-none-eabi-gcc" "ASSEMBLER=arm-none-eabi
TRACE::2026-09-30.17:13:11::SCWMssOS::-as" "ARCHIVER=arm-none-eabi-ar" "COMPILER_FLAGS=  -O2 -c" "EXTRA_COMPILER_FLAGS=-mcpu=cortex-a9 -mfpu=vfpv3 -mfloat-abi=hard -
TRACE::2026-09-30.17:13:11::SCWMssOS::nostartfiles -g -Wall -Wextra -fno-tree-loop-distribute-patterns"

TRACE::2026-09-30.17:13:11::SCWMssOS::Running Make include in ps7_cortexa9_0/libsrc/sdps_v4_1/src

TRACE::2026-09-30.17:13:11::SCWMssOS::make -C ps7_cortexa9_0/libsrc/sdps_v4_1/src -s include  "SHELL=/bin/sh" "COMPILER=arm-none-eabi-gcc" "ASSEMBLER=arm-none-eabi-a
TRACE::2026-09-30.17:13:11::SCWMssOS::s" "ARCHIVER=arm-none-eabi-ar" "COMPILER_FLAGS=  -O2 -c" "EXTRA_COMPILER_FLAGS=-mcpu=cortex-a9 -mfpu=vfpv3 -mfloat-abi=hard -no
TRACE::2026-09-30.17:13:11::SCWMssOS::startfiles -g -Wall -Wextra -fno-tree-loop-distribute-patterns"

TRACE::2026-09-30.17:13:11::SCWMssOS::Running Make include in ps7_cortexa9_0/libsrc/standalone_v8_1/src

TRACE::2026-09-30.17:13:11::SCWMssOS::Running Make include in ps7_cortexa9_0/libsrc/uartps_v3_12/src

TRACE::2026-09-30.17:13:11::SCWMssOS::Running Make include in ps7_cortexa9_0/libsrc/usbps_v2_7/src

TRACE::2026-09-30.17:13:11::SCWMssOS::Running Make include in ps7_cortexa9_0/libsrc/xadcps_v2_6/src

TRACE::2026-09-30.17:13:11::SCWMssOS::make -C ps7_cortexa9_0/libsrc/standalone_v8_1/src -s include  "SHELL=/bin/sh" "COMPILER=arm-none-eabi-gcc" "ASSEMBLER=arm-none-
TRACE::2026-09-30.17:13:11::SCWMssOS::eabi-as" "ARCHIVER=arm-none-eabi-ar" "COMPILER_FLAGS=  -O2 -c" "EXTRA_COMPILER_FLAGS=-mcpu=cortex-a9 -mfpu=vfpv3 -mfloat-abi=ha
TRACE::2026-09-30.17:13:11::SCWMssOS::rd -nostartfiles -g -Wall -Wextra -fno-tree-loop-distribute-patterns"

TRACE::2026-09-30.17:13:11::SCWMssOS::make -C ps7_cortexa9_0/libsrc/uartps_v3_12/src -s include  "SHELL=/bin/sh" "COMPILER=arm-none-eabi-gcc" "ASSEMBLER=arm-none-eab
TRACE::2026-09-30.17:13:11::SCWMssOS::i-as" "ARCHIVER=arm-none-eabi-ar" "COMPILER_FLAGS=  -O2 -c" "EXTRA_COMPILER_FLAGS=-mcpu=cortex-a9 -mfpu=vfpv3 -mfloat-abi=hard 
TRACE::2026-09-30.17:13:11::SCWMssOS::-nostartfiles -g -Wall -Wextra -fno-tree-loop-distribute-patterns"

TRACE::2026-09-30.17:13:11::SCWMssOS::make -C ps7_cortexa9_0/libsrc/usbps_v2_7/src -s include  "SHELL=/bin/sh" "COMPILER=arm-none-eabi-gcc" "ASSEMBLER=arm-none-eabi-
TRACE::2026-09-30.17:13:11::SCWMssOS::as" "ARCHIVER=arm-none-eabi-ar" "COMPILER_FLAGS=  -O2 -c" "EXTRA_COMPILER_FLAGS=-mcpu=cortex-a9 -mfpu=vfpv3 -mfloat-abi=hard -n
TRACE::2026-09-30.17:13:11::SCWMssOS::ostartfiles -g -Wall -Wextra -fno-tree-loop-distribute-patterns"

TRACE::2026-09-30.17:13:11::SCWMssOS::make -C ps7_cortexa9_0/libsrc/xadcps_v2_6/src -s include  "SHELL=/bin/sh" "COMPILER=arm-none-eabi-gcc" "ASSEMBLER=arm-none-eabi
TRACE::2026-09-30.17:13:11::SCWMssOS::-as" "ARCHIVER=arm-none-eabi-ar" "COMPILER_FLAGS=  -O2 -c" "EXTRA_COMPILER_FLAGS=-mcpu=cortex-a9 -mfpu=vfpv3 -mfloat-abi=hard -
TRACE::2026-09-30.17:13:11::SCWMssOS::nostartfiles -g -Wall -Wextra -fno-tree-loop-distribute-patterns"

TRACE::2026-09-30.17:13:11::SCWMssOS::Running Make libs in ps7_cortexa9_0/libsrc/axidma_v9_16/src

TRACE::2026-09-30.17:13:11::SCWMssOS::Running Make libs in ps7_cortexa9_0/libsrc/coresightps_dcc_v1_8/src

TRACE::2026-09-30.17:13:11::SCWMssOS::make -C ps7_cortexa9_0/libsrc/axidma_v9_16/src -s libs  "SHELL=/bin/sh" "COMPILER=arm-none-eabi-gcc" "ASSEMBLER=arm-none-eabi-a
TRACE::2026-09-30.17:13:11::SCWMssOS::s" "ARCHIVER=arm-none-eabi-ar" "COMPILER_FLAGS=  -O2 -c" "EXTRA_COMPILER_FLAGS=-mcpu=cortex-a9 -mfpu=vfpv3 -mfloat-abi=hard -no
TRACE::2026-09-30.17:13:11::SCWMssOS::startfiles -g -Wall -Wextra -fno-tree-loop-distribute-patterns"

TRACE::2026-09-30.17:13:11::SCWMssOS::Running Make libs in ps7_cortexa9_0/libsrc/cpu_cortexa9_v2_11/src

TRACE::2026-09-30.17:13:11::SCWMssOS::make -C ps7_cortexa9_0/libsrc/coresightps_dcc_v1_8/src -s libs  "SHELL=/bin/sh" "COMPILER=arm-none-eabi-gcc" "ASSEMBLER=arm-non
TRACE::2026-09-30.17:13:11::SCWMssOS::e-eabi-as" "ARCHIVER=arm-none-eabi-ar" "COMPILER_FLAGS=  -O2 -c" "EXTRA_COMPILER_FLAGS=-mcpu=cortex-a9 -mfpu=vfpv3 -mfloat-abi=
TRACE::2026-09-30.17:13:11::SCWMssOS::hard -nostartfiles -g -Wall -Wextra -fno-tree-loop-distribute-patterns"

TRACE::2026-09-30.17:13:11::SCWMssOS::Running Make libs in ps7_cortexa9_0/libsrc/ddrps_v1_2/src

TRACE::2026-09-30.17:13:11::SCWMssOS::make -C ps7_cortexa9_0/libsrc/cpu_cortexa9_v2_11/src -s libs  "SHELL=/bin/sh" "COMPILER=arm-none-eabi-gcc" "ASSEMBLER=arm-none-
TRACE::2026-09-30.17:13:11::SCWMssOS::eabi-as" "ARCHIVER=arm-none-eabi-ar" "COMPILER_FLAGS=  -O2 -c" "EXTRA_COMPILER_FLAGS=-mcpu=cortex-a9 -mfpu=vfpv3 -mfloat-abi=ha
TRACE::2026-09-30.17:13:11::SCWMssOS::rd -nostartfiles -g -Wall -Wextra -fno-tree-loop-distribute-patterns"

TRACE::2026-09-30.17:13:11::SCWMssOS::Running Make libs in ps7_cortexa9_0/libsrc/devcfg_v3_7/src

TRACE::2026-09-30.17:13:11::SCWMssOS::make -C ps7_cortexa9_0/libsrc/ddrps_v1_2/src -s libs  "SHELL=/bin/sh" "COMPILER=arm-none-eabi-gcc" "ASSEMBLER=arm-none-eabi-as"
TRACE::2026-09-30.17:13:11::SCWMssOS:: "ARCHIVER=arm-none-eabi-ar" "COMPILER_FLAGS=  -O2 -c" "EXTRA_COMPILER_FLAGS=-mcpu=cortex-a9 -mfpu=vfpv3 -mfloat-abi=hard -nost
TRACE::2026-09-30.17:13:11::SCWMssOS::artfiles -g -Wall -Wextra -fno-tree-loop-distribute-patterns"

TRACE::2026-09-30.17:13:11::SCWMssOS::make -C ps7_cortexa9_0/libsrc/devcfg_v3_7/src -s libs  "SHELL=/bin/sh" "COMPILER=arm-none-eabi-gcc" "ASSEMBLER=arm-none-eabi-as
TRACE::2026-09-30.17:13:11::SCWMssOS::" "ARCHIVER=arm-none-eabi-ar" "COMPILER_FLAGS=  -O2 -c" "EXTRA_COMPILER_FLAGS=-mcpu=cortex-a9 -mfpu=vfpv3 -mfloat-abi=hard -nos
TRACE::2026-09-30.17:13:11::SCWMssOS::tartfiles -g -Wall -Wextra -fno-tree-loop-distribute-patterns"

TRACE::2026-09-30.17:13:11::SCWMssOS::Running Make libs in ps7_cortexa9_0/libsrc/dmaps_v2_8/src

TRACE::2026-09-30.17:13:11::SCWMssOS::Running Make libs in ps7_cortexa9_0/libsrc/gpiops_v3_11/src

TRACE::2026-09-30.17:13:11::SCWMssOS::Running Make libs in ps7_cortexa9_0/libsrc/emacps_v3_18/src

TRACE::2026-09-30.17:13:11::SCWMssOS::make -C ps7_cortexa9_0/libsrc/dmaps_v2_8/src -s libs  "SHELL=/bin/sh" "COMPILER=arm-none-eabi-gcc" "ASSEMBLER=arm-none-eabi-as"
TRACE::2026-09-30.17:13:11::SCWMssOS:: "ARCHIVER=arm-none-eabi-ar" "COMPILER_FLAGS=  -O2 -c" "EXTRA_COMPILER_FLAGS=-mcpu=cortex-a9 -mfpu=vfpv3 -mfloat-abi=hard -nost
TRACE::2026-09-30.17:13:11::SCWMssOS::artfiles -g -Wall -Wextra -fno-tree-loop-distribute-patterns"

TRACE::2026-09-30.17:13:11::SCWMssOS::make -C ps7_cortexa9_0/libsrc/emacps_v3_18/src -s libs  "SHELL=/bin/sh" "COMPILER=arm-none-eabi-gcc" "ASSEMBLER=arm-none-eabi-a
TRACE::2026-09-30.17:13:11::SCWMssOS::s" "ARCHIVER=arm-none-eabi-ar" "COMPILER_FLAGS=  -O2 -c" "EXTRA_COMPILER_FLAGS=-mcpu=cortex-a9 -mfpu=vfpv3 -mfloat-abi=hard -no
TRACE::2026-09-30.17:13:11::SCWMssOS::startfiles -g -Wall -Wextra -fno-tree-loop-distribute-patterns"

TRACE::2026-09-30.17:13:11::SCWMssOS::Running Make libs in ps7_cortexa9_0/libsrc/qspips_v3_10/src

TRACE::2026-09-30.17:13:11::SCWMssOS::make -C ps7_cortexa9_0/libsrc/gpiops_v3_11/src -s libs  "SHELL=/bin/sh" "COMPILER=arm-none-eabi-gcc" "ASSEMBLER=arm-none-eabi-a
TRACE::2026-09-30.17:13:11::SCWMssOS::s" "ARCHIVER=arm-none-eabi-ar" "COMPILER_FLAGS=  -O2 -c" "EXTRA_COMPILER_FLAGS=-mcpu=cortex-a9 -mfpu=vfpv3 -mfloat-abi=hard -no
TRACE::2026-09-30.17:13:11::SCWMssOS::startfiles -g -Wall -Wextra -fno-tree-loop-distribute-patterns"

TRACE::2026-09-30.17:13:11::SCWMssOS::make -C ps7_cortexa9_0/libsrc/qspips_v3_10/src -s libs  "SHELL=/bin/sh" "COMPILER=arm-none-eabi-gcc" "ASSEMBLER=arm-none-eabi-a
TRACE::2026-09-30.17:13:11::SCWMssOS::s" "ARCHIVER=arm-none-eabi-ar" "COMPILER_FLAGS=  -O2 -c" "EXTRA_COMPILER_FLAGS=-mcpu=cortex-a9 -mfpu=vfpv3 -mfloat-abi=hard -no
TRACE::2026-09-30.17:13:11::SCWMssOS::startfiles -g -Wall -Wextra -fno-tree-loop-distribute-patterns"

TRACE::2026-09-30.17:13:11::SCWMssOS::Running Make libs in ps7_cortexa9_0/libsrc/scugic_v5_1/src

TRACE::2026-09-30.17:13:11::SCWMssOS::make -C ps7_cortexa9_0/libsrc/scugic_v5_1/src -s libs  "SHELL=/bin/sh" "COMPILER=arm-none-eabi-gcc" "ASSEMBLER=arm-none-eabi-as
TRACE::2026-09-30.17:13:11::SCWMssOS::" "ARCHIVER=arm-none-eabi-ar" "COMPILER_FLAGS=  -O2 -c" "EXTRA_COMPILER_FLAGS=-mcpu=cortex-a9 -mfpu=vfpv3 -mfloat-abi=hard -nos
TRACE::2026-09-30.17:13:11::SCWMssOS::tartfiles -g -Wall -Wextra -fno-tree-loop-distribute-patterns"

TRACE::2026-09-30.17:13:11::SCWMssOS::Running Make libs in ps7_cortexa9_0/libsrc/scutimer_v2_4/src

TRACE::2026-09-30.17:13:11::SCWMssOS::Running Make libs in ps7_cortexa9_0/libsrc/scuwdt_v2_4/src

TRACE::2026-09-30.17:13:11::SCWMssOS::make -C ps7_cortexa9_0/libsrc/scutimer_v2_4/src -s libs  "SHELL=/bin/sh" "COMPILER=arm-none-eabi-gcc" "ASSEMBLER=arm-none-eabi-
TRACE::2026-09-30.17:13:11::SCWMssOS::as" "ARCHIVER=arm-none-eabi-ar" "COMPILER_FLAGS=  -O2 -c" "EXTRA_COMPILER_FLAGS=-mcpu=cortex-a9 -mfpu=vfpv3 -mfloat-abi=hard -n
TRACE::2026-09-30.17:13:11::SCWMssOS::ostartfiles -g -Wall -Wextra -fno-tree-loop-distribute-patterns"

TRACE::2026-09-30.17:13:11::SCWMssOS::make -C ps7_cortexa9_0/libsrc/scuwdt_v2_4/src -s libs  "SHELL=/bin/sh" "COMPILER=arm-none-eabi-gcc" "ASSEMBLER=arm-none-eabi-as
TRACE::2026-09-30.17:13:11::SCWMssOS::" "ARCHIVER=arm-none-eabi-ar" "COMPILER_FLAGS=  -O2 -c" "EXTRA_COMPILER_FLAGS=-mcpu=cortex-a9 -mfpu=vfpv3 -mfloat-abi=hard -nos
TRACE::2026-09-30.17:13:11::SCWMssOS::tartfiles -g -Wall -Wextra -fno-tree-loop-distribute-patterns"

TRACE::2026-09-30.17:13:11::SCWMssOS::Running Make libs in ps7_cortexa9_0/libsrc/sdps_v4_1/src

TRACE::2026-09-30.17:13:11::SCWMssOS::make -C ps7_cortexa9_0/libsrc/sdps_v4_1/src -s libs  "SHELL=/bin/sh" "COMPILER=arm-none-eabi-gcc" "ASSEMBLER=arm-none-eabi-as" 
TRACE::2026-09-30.17:13:11::SCWMssOS::"ARCHIVER=arm-none-eabi-ar" "COMPILER_FLAGS=  -O2 -c" "EXTRA_COMPILER_FLAGS=-mcpu=cortex-a9 -mfpu=vfpv3 -mfloat-abi=hard -nosta
TRACE::2026-09-30.17:13:11::SCWMssOS::rtfiles -g -Wall -Wextra -fno-tree-loop-distribute-patterns"

TRACE::2026-09-30.17:13:11::SCWMssOS::Running Make libs in ps7_cortexa9_0/libsrc/standalone_v8_1/src

TRACE::2026-09-30.17:13:11::SCWMssOS::make -C ps7_cortexa9_0/libsrc/standalone_v8_1/src -s libs  "SHELL=/bin/sh" "COMPILER=arm-none-eabi-gcc" "ASSEMBLER=arm-none-eab
TRACE::2026-09-30.17:13:11::SCWMssOS::i-as" "ARCHIVER=arm-none-eabi-ar" "COMPILER_FLAGS=  -O2 -c" "EXTRA_COMPILER_FLAGS=-mcpu=cortex-a9 -mfpu=vfpv3 -mfloat-abi=hard 
TRACE::2026-09-30.17:13:11::SCWMssOS::-nostartfiles -g -Wall -Wextra -fno-tree-loop-distribute-patterns"

TRACE::2026-09-30.17:13:11::SCWMssOS::Running Make libs in ps7_cortexa9_0/libsrc/uartps_v3_12/src

TRACE::2026-09-30.17:13:11::SCWMssOS::make -C ps7_cortexa9_0/libsrc/uartps_v3_12/src -s libs  "SHELL=/bin/sh" "COMPILER=arm-none-eabi-gcc" "ASSEMBLER=arm-none-eabi-a
TRACE::2026-09-30.17:13:11::SCWMssOS::s" "ARCHIVER=arm-none-eabi-ar" "COMPILER_FLAGS=  -O2 -c" "EXTRA_COMPILER_FLAGS=-mcpu=cortex-a9 -mfpu=vfpv3 -mfloat-abi=hard -no
TRACE::2026-09-30.17:13:11::SCWMssOS::startfiles -g -Wall -Wextra -fno-tree-loop-distribute-patterns"

TRACE::2026-09-30.17:13:11::SCWMssOS::Running Make libs in ps7_cortexa9_0/libsrc/usbps_v2_7/src

TRACE::2026-09-30.17:13:11::SCWMssOS::make -C ps7_cortexa9_0/libsrc/usbps_v2_7/src -s libs  "SHELL=/bin/sh" "COMPILER=arm-none-eabi-gcc" "ASSEMBLER=arm-none-eabi-as"
TRACE::2026-09-30.17:13:11::SCWMssOS:: "ARCHIVER=arm-none-eabi-ar" "COMPILER_FLAGS=  -O2 -c" "EXTRA_COMPILER_FLAGS=-mcpu=cortex-a9 -mfpu=vfpv3 -mfloat-abi=hard -nost
TRACE::2026-09-30.17:13:11::SCWMssOS::artfiles -g -Wall -Wextra -fno-tree-loop-distribute-patterns"

TRACE::2026-09-30.17:13:12::SCWMssOS::Running Make libs in ps7_cortexa9_0/libsrc/xadcps_v2_6/src

TRACE::2026-09-30.17:13:12::SCWMssOS::make -C ps7_cortexa9_0/libsrc/xadcps_v2_6/src -s libs  "SHELL=/bin/sh" "COMPILER=arm-none-eabi-gcc" "ASSEMBLER=arm-none-eabi-as
TRACE::2026-09-30.17:13:12::SCWMssOS::" "ARCHIVER=arm-none-eabi-ar" "COMPILER_FLAGS=  -O2 -c" "EXTRA_COMPILER_FLAGS=-mcpu=cortex-a9 -mfpu=vfpv3 -mfloat-abi=hard -nos
TRACE::2026-09-30.17:13:12::SCWMssOS::tartfiles -g -Wall -Wextra -fno-tree-loop-distribute-patterns"

TRACE::2026-09-30.17:13:12::SCWMssOS::Finished building libraries parallelly.

TRACE::2026-09-30.17:13:12::SCWMssOS::make --no-print-directory archive

TRACE::2026-09-30.17:13:12::SCWMssOS::arm-none-eabi-ar -r  ps7_cortexa9_0/lib/libxil.a ps7_cortexa9_0/lib/_exit.o ps7_cortexa9_0/lib/_open.o ps7_cortexa9_0/lib/_sbrk
TRACE::2026-09-30.17:13:12::SCWMssOS::.o ps7_cortexa9_0/lib/abort.o ps7_cortexa9_0/lib/asm_vectors.o ps7_cortexa9_0/lib/boot.o ps7_cortexa9_0/lib/close.o ps7_cortexa
TRACE::2026-09-30.17:13:12::SCWMssOS::9_0/lib/cpputest_time.o ps7_cortexa9_0/lib/cpu_init.o ps7_cortexa9_0/lib/errno.o ps7_cortexa9_0/lib/fcntl.o ps7_cortexa9_0/lib/
TRACE::2026-09-30.17:13:12::SCWMssOS::fstat.o ps7_cortexa9_0/lib/getentropy.o ps7_cortexa9_0/lib/getpid.o ps7_cortexa9_0/lib/inbyte.o ps7_cortexa9_0/lib/isatty.o ps7
TRACE::2026-09-30.17:13:12::SCWMssOS::_cortexa9_0/lib/kill.o ps7_cortexa9_0/lib/lseek.o ps7_cortexa9_0/lib/open.o ps7_cortexa9_0/lib/outbyte.o ps7_cortexa9_0/lib/pri
TRACE::2026-09-30.17:13:12::SCWMssOS::nt.o ps7_cortexa9_0/lib/putnum.o ps7_cortexa9_0/lib/read.o ps7_cortexa9_0/lib/sbrk.o ps7_cortexa9_0/lib/sleep.o ps7_cortexa9_0/
TRACE::2026-09-30.17:13:12::SCWMssOS::lib/time.o ps7_cortexa9_0/lib/translation_table.o ps7_cortexa9_0/lib/unlink.o ps7_cortexa9_0/lib/usleep.o ps7_cortexa9_0/lib/ve
TRACE::2026-09-30.17:13:12::SCWMssOS::ctors.o ps7_cortexa9_0/lib/write.o ps7_cortexa9_0/lib/xadcps.o ps7_cortexa9_0/lib/xadcps_g.o ps7_cortexa9_0/lib/xadcps_intr.o p
TRACE::2026-09-30.17:13:12::SCWMssOS::s7_cortexa9_0/lib/xadcps_selftest.o ps7_cortexa9_0/lib/xadcps_sinit.o ps7_cortexa9_0/lib/xaxidma.o ps7_cortexa9_0/lib/xaxidma_b
TRACE::2026-09-30.17:13:12::SCWMssOS::d.o ps7_cortexa9_0/lib/xaxidma_bdring.o ps7_cortexa9_0/lib/xaxidma_g.o ps7_cortexa9_0/lib/xaxidma_selftest.o ps7_cortexa9_0/lib
TRACE::2026-09-30.17:13:12::SCWMssOS::/xaxidma_sinit.o ps7_cortexa9_0/lib/xcoresightpsdcc.o ps7_cortexa9_0/lib/xdevcfg.o ps7_cortexa9_0/lib/xdevcfg_g.o ps7_cortexa9_
TRACE::2026-09-30.17:13:12::SCWMssOS::0/lib/xdevcfg_hw.o ps7_cortexa9_0/lib/xdevcfg_intr.o ps7_cortexa9_0/lib/xdevcfg_selftest.o ps7_cortexa9_0/lib/xdevcfg_sinit.o p
TRACE::2026-09-30.17:13:12::SCWMssOS::s7_cortexa9_0/lib/xdmaps.o ps7_cortexa9_0/lib/xdmaps_g.o ps7_cortexa9_0/lib/xdmaps_hw.o ps7_cortexa9_0/lib/xdmaps_selftest.o ps
TRACE::2026-09-30.17:13:12::SCWMssOS::7_cortexa9_0/lib/xdmaps_sinit.o ps7_cortexa9_0/lib/xemacps.o ps7_cortexa9_0/lib/xemacps_bdring.o ps7_cortexa9_0/lib/xemacps_con
TRACE::2026-09-30.17:13:12::SCWMssOS::trol.o ps7_cortexa9_0/lib/xemacps_g.o ps7_cortexa9_0/lib/xemacps_hw.o ps7_cortexa9_0/lib/xemacps_intr.o ps7_cortexa9_0/lib/xema
TRACE::2026-09-30.17:13:12::SCWMssOS::cps_sinit.o ps7_cortexa9_0/lib/xgpiops.o ps7_cortexa9_0/lib/xgpiops_g.o ps7_cortexa9_0/lib/xgpiops_hw.o ps7_cortexa9_0/lib/xgpi
TRACE::2026-09-30.17:13:12::SCWMssOS::ops_intr.o ps7_cortexa9_0/lib/xgpiops_selftest.o ps7_cortexa9_0/lib/xgpiops_sinit.o ps7_cortexa9_0/lib/xil-crt0.o ps7_cortexa9_
TRACE::2026-09-30.17:13:12::SCWMssOS::0/lib/xil_assert.o ps7_cortexa9_0/lib/xil_cache.o ps7_cortexa9_0/lib/xil_clocking.o ps7_cortexa9_0/lib/xil_exception.o ps7_cort
TRACE::2026-09-30.17:13:12::SCWMssOS::exa9_0/lib/xil_mem.o ps7_cortexa9_0/lib/xil_misc_psreset_api.o ps7_cortexa9_0/lib/xil_mmu.o ps7_cortexa9_0/lib/xil_printf.o ps7
TRACE::2026-09-30.17:13:12::SCWMssOS::_cortexa9_0/lib/xil_sleepcommon.o ps7_cortexa9_0/lib/xil_sleeptimer.o ps7_cortexa9_0/lib/xil_spinlock.o ps7_cortexa9_0/lib/xil_
TRACE::2026-09-30.17:13:12::SCWMssOS::testcache.o ps7_cortexa9_0/lib/xil_testio.o ps7_cortexa9_0/lib/xil_testmem.o ps7_cortexa9_0/lib/xil_util.o ps7_cortexa9_0/lib/x
TRACE::2026-09-30.17:13:12::SCWMssOS::interrupt_wrap.o ps7_cortexa9_0/lib/xl2cc_counter.o ps7_cortexa9_0/lib/xplatform_info.o ps7_cortexa9_0/lib/xpm_counter.o ps7_co
TRACE::2026-09-30.17:13:12::SCWMssOS::rtexa9_0/lib/xqspips.o ps7_cortexa9_0/lib/xqspips_g.o ps7_cortexa9_0/lib/xqspips_hw.o ps7_cortexa9_0/lib/xqspips_options.o ps7_
TRACE::2026-09-30.17:13:12::SCWMssOS::cortexa9_0/lib/xqspips_selftest.o ps7_cortexa9_0/lib/xqspips_sinit.o ps7_cortexa9_0/lib/xscugic.o ps7_cortexa9_0/lib/xscugic_g.
TRACE::2026-09-30.17:13:12::SCWMssOS::o ps7_cortexa9_0/lib/xscugic_hw.o ps7_cortexa9_0/lib/xscugic_intr.o ps7_cortexa9_0/lib/xscugic_selftest.o ps7_cortexa9_0/lib/xs
TRACE::2026-09-30.17:13:12::SCWMssOS::cugic_sinit.o ps7_cortexa9_0/lib/xscutimer.o ps7_cortexa9_0/lib/xscutimer_g.o ps7_cortexa9_0/lib/xscutimer_selftest.o ps7_corte
TRACE::2026-09-30.17:13:12::SCWMssOS::xa9_0/lib/xscutimer_sinit.o ps7_cortexa9_0/lib/xscuwdt.o ps7_cortexa9_0/lib/xscuwdt_g.o ps7_cortexa9_0/lib/xscuwdt_selftest.o p
TRACE::2026-09-30.17:13:12::SCWMssOS::s7_cortexa9_0/lib/xscuwdt_sinit.o ps7_cortexa9_0/lib/xsdps.o ps7_cortexa9_0/lib/xsdps_card.o ps7_cortexa9_0/lib/xsdps_g.o ps7_c
TRACE::2026-09-30.17:13:12::SCWMssOS::ortexa9_0/lib/xsdps_host.o ps7_cortexa9_0/lib/xsdps_options.o ps7_cortexa9_0/lib/xsdps_sinit.o ps7_cortexa9_0/lib/xtime_l.o ps7
TRACE::2026-09-30.17:13:12::SCWMssOS::_cortexa9_0/lib/xuartps.o ps7_cortexa9_0/lib/xuartps_g.o ps7_cortexa9_0/lib/xuartps_hw.o ps7_cortexa9_0/lib/xuartps_intr.o ps7_
TRACE::2026-09-30.17:13:12::SCWMssOS::cortexa9_0/lib/xuartps_options.o ps7_cortexa9_0/lib/xuartps_selftest.o ps7_cortexa9_0/lib/xuartps_sinit.o ps7_cortexa9_0/lib/xu
TRACE::2026-09-30.17:13:12::SCWMssOS::sbps.o ps7_cortexa9_0/lib/xusbps_endpoint.o ps7_cortexa9_0/lib/xusbps_g.o ps7_cortexa9_0/lib/xusbps_hw.o ps7_cortexa9_0/lib/xus
TRACE::2026-09-30.17:13:12::SCWMssOS::bps_intr.o ps7_cortexa9_0/lib/xusbps_sinit.o

TRACE::2026-09-30.17:13:12::SCWMssOS::Finished building libraries

TRACE::2026-09-30.17:13:12::SCWMssOS::make[1]: Leaving directory '/users/students/r0933784/DDP/sw_package_2026/sw_project/project_sw/ecc_project_wrapper/ps7_cortexa9
TRACE::2026-09-30.17:13:12::SCWMssOS::_0/standalone_domain/bsp'

TRACE::2026-09-30.17:13:13::SCWMssOS::Copying to export directory.
TRACE::2026-09-30.17:13:13::SCWMssOS:: Checking if to create the Supporting Applications
TRACE::2026-09-30.17:13:13::SCWMssOS:: No Linux domain exists, trying to generate FSBL 
LOG::2026-09-30.17:13:13::SCWSystem::Completed Processing the domain standalone_domain
LOG::2026-09-30.17:13:13::SCWSystem::Completed Processing the sysconfig ecc_project_wrapper
LOG::2026-09-30.17:13:13::SCWPlatform::Completed generating the artifacts for system configuration ecc_project_wrapper
TRACE::2026-09-30.17:13:13::SCWPlatform::Started preparing the platform 
TRACE::2026-09-30.17:13:13::SCWSystem::Writing the bif file for system config ecc_project_wrapper
TRACE::2026-09-30.17:13:13::SCWSystem::dir created 
TRACE::2026-09-30.17:13:13::SCWSystem::Writing the bif 
TRACE::2026-09-30.17:13:13::SCWPlatform::Started writing the spfm file 
TRACE::2026-09-30.17:13:13::SCWPlatform::Started writing the xpfm file 
TRACE::2026-09-30.17:13:13::SCWPlatform::Completed generating the platform
TRACE::2026-09-30.17:13:13::SCWMssOS::Saving the mss changes /users/students/r0933784/DDP/sw_package_2026/sw_project/project_sw/ecc_project_wrapper/zynq_fsbl/zynq_fsbl_bsp/system.mss
TRACE::2026-09-30.17:13:13::SCWMssOS::Found a swdesign opened with the mssfile.
TRACE::2026-09-30.17:13:13::SCWMssOS::Completed writemss as part of save.
TRACE::2026-09-30.17:13:13::SCWMssOS::Commit changes completed.
TRACE::2026-09-30.17:13:13::SCWMssOS::Saving the mss changes /users/students/r0933784/DDP/sw_package_2026/sw_project/project_sw/ecc_project_wrapper/ps7_cortexa9_0/standalone_domain/bsp/system.mss
TRACE::2026-09-30.17:13:13::SCWMssOS::Found a swdesign opened with the mssfile.
TRACE::2026-09-30.17:13:13::SCWMssOS::Completed writemss as part of save.
TRACE::2026-09-30.17:13:13::SCWMssOS::Commit changes completed.
TRACE::2026-09-30.17:13:13::SCWPlatform::Trying to open the hw design at /users/students/r0933784/DDP/sw_package_2026/sw_project/project_sw/ecc_project_wrapper/hw/ecc_project_wrapper.xsa
TRACE::2026-09-30.17:13:13::SCWPlatform::DSA given /users/students/r0933784/DDP/sw_package_2026/sw_project/project_sw/ecc_project_wrapper/hw/ecc_project_wrapper.xsa
TRACE::2026-09-30.17:13:13::SCWPlatform::DSA absoulate path /users/students/r0933784/DDP/sw_package_2026/sw_project/project_sw/ecc_project_wrapper/hw/ecc_project_wrapper.xsa
TRACE::2026-09-30.17:13:13::SCWPlatform::DSA directory /users/students/r0933784/DDP/sw_package_2026/sw_project/project_sw/ecc_project_wrapper/hw
TRACE::2026-09-30.17:13:13::SCWPlatform:: Platform Path /users/students/r0933784/DDP/sw_package_2026/sw_project/project_sw/ecc_project_wrapper/hw/ecc_project_wrapper.xsa
TRACE::2026-09-30.17:13:13::SCWPlatform:: Unique name xilinx:pynq-z2::0.0
TRACE::2026-09-30.17:13:13::SCWPlatform::Trying to set the existing hwdb with name rsa_project_wrapper_5
TRACE::2026-09-30.17:13:13::SCWPlatform::Opened existing hwdb rsa_project_wrapper_5
TRACE::2026-09-30.17:13:13::SCWPlatform::Found the Hw Db part of the input DSA
TRACE::2026-09-30.17:13:13::SCWMssOS::Checking the sw design at  /users/students/r0933784/DDP/sw_package_2026/sw_project/project_sw/ecc_project_wrapper/zynq_fsbl/zynq_fsbl_bsp/system.mss
TRACE::2026-09-30.17:13:13::SCWMssOS::DEBUG:  swdes dump  /users/students/r0933784/DDP/sw_package_2026/sw_project/project_sw/ecc_project_wrapper/ps7_cortexa9_0/standalone_domain/bsp/system.mss|system_0||
/users/students/r0933784/DDP/sw_package_2026/sw_project/project_sw/ecc_project_wrapper/zynq_fsbl/zynq_fsbl_bsp/system.mss|system||

TRACE::2026-09-30.17:13:13::SCWMssOS::Sw design exists and opened at  /users/students/r0933784/DDP/sw_package_2026/sw_project/project_sw/ecc_project_wrapper/zynq_fsbl/zynq_fsbl_bsp/system.mss
TRACE::2026-09-30.17:13:13::SCWPlatform::Trying to open the hw design at /users/students/r0933784/DDP/sw_package_2026/sw_project/project_sw/ecc_project_wrapper/hw/ecc_project_wrapper.xsa
TRACE::2026-09-30.17:13:13::SCWPlatform::DSA given /users/students/r0933784/DDP/sw_package_2026/sw_project/project_sw/ecc_project_wrapper/hw/ecc_project_wrapper.xsa
TRACE::2026-09-30.17:13:13::SCWPlatform::DSA absoulate path /users/students/r0933784/DDP/sw_package_2026/sw_project/project_sw/ecc_project_wrapper/hw/ecc_project_wrapper.xsa
TRACE::2026-09-30.17:13:13::SCWPlatform::DSA directory /users/students/r0933784/DDP/sw_package_2026/sw_project/project_sw/ecc_project_wrapper/hw
TRACE::2026-09-30.17:13:13::SCWPlatform:: Platform Path /users/students/r0933784/DDP/sw_package_2026/sw_project/project_sw/ecc_project_wrapper/hw/ecc_project_wrapper.xsa
TRACE::2026-09-30.17:13:13::SCWPlatform:: Unique name xilinx:pynq-z2::0.0
TRACE::2026-09-30.17:13:13::SCWPlatform::Trying to set the existing hwdb with name rsa_project_wrapper_5
TRACE::2026-09-30.17:13:13::SCWPlatform::Opened existing hwdb rsa_project_wrapper_5
TRACE::2026-09-30.17:13:13::SCWPlatform::Found the Hw Db part of the input DSA
TRACE::2026-09-30.17:13:13::SCWMssOS::Checking the sw design at  /users/students/r0933784/DDP/sw_package_2026/sw_project/project_sw/ecc_project_wrapper/ps7_cortexa9_0/standalone_domain/bsp/system.mss
TRACE::2026-09-30.17:13:13::SCWMssOS::DEBUG:  swdes dump  /users/students/r0933784/DDP/sw_package_2026/sw_project/project_sw/ecc_project_wrapper/ps7_cortexa9_0/standalone_domain/bsp/system.mss|system_0||
/users/students/r0933784/DDP/sw_package_2026/sw_project/project_sw/ecc_project_wrapper/zynq_fsbl/zynq_fsbl_bsp/system.mss|system||

TRACE::2026-09-30.17:13:13::SCWMssOS::Sw design exists and opened at  /users/students/r0933784/DDP/sw_package_2026/sw_project/project_sw/ecc_project_wrapper/ps7_cortexa9_0/standalone_domain/bsp/system.mss
TRACE::2026-09-30.17:13:13::SCWWriter::formatted JSON is {
	"platformName":	"ecc_project_wrapper",
	"sprVersion":	"2.0",
	"mode":	"gui",
	"dsaType":	"Fixed",
	"platformDesc":	"ecc_project_wrapper",
	"platHandOff":	"src/tcl/ecc_project_wrapper.xsa",
	"platIntHandOff":	"<platformDir>/hw/ecc_project_wrapper.xsa",
	"deviceType":	"zynq",
	"platIsPrebuiltAutogen":	"false",
	"platIsNoBootBsp":	"false",
	"hasFsblMakeHasChanges":	"false",
	"hasPmufwMakeHasChanges":	"false",
	"fsblExtraCompilerFlags":	"-MMD -MP       -mcpu=cortex-a9 -mfpu=vfpv3 -mfloat-abi=hard ",
	"platPreBuiltFlag":	false,
	"platformSamplesDir":	"",
	"platActiveSys":	"ecc_project_wrapper",
	"systems":	[{
			"systemName":	"ecc_project_wrapper",
			"systemDesc":	"ecc_project_wrapper",
			"sysIsBootAutoGen":	"true",
			"systemDispName":	"ecc_project_wrapper",
			"sysActiveDom":	"standalone_domain",
			"sysDefaultDom":	"standalone_domain",
			"domains":	[{
					"domainName":	"zynq_fsbl",
					"domainDispName":	"zynq_fsbl",
					"domainDesc":	"FSBL Application BSP - Auto Generated.",
					"processors":	"ps7_cortexa9_0",
					"os":	"standalone",
					"sdxOs":	"standalone",
					"debugEnable":	"",
					"domRuntimes":	["cpp"],
					"swRepo":	"",
					"mssOsVer":	"8.1",
					"mssFile":	"",
					"md5Digest":	"2c92122f18c5fd40d52fe668ff4c852c",
					"compatibleApp":	"zynq_fsbl",
					"domType":	"bootDomain",
					"arch":	"32-bit",
					"appSettings":	{
						"appCompilerFlags":	"",
						"appLinkerFlags":	""
					},
					"addedLibs":	["xilffs:5.0", "xilrsa:1.6"],
					"libOptions":	{
						"libsContainingOptions":	[]
					},
					"prebuiltLibs":	{
						"prebuiltIncPath":	[],
						"prebuiltLibPath":	[]
					},
					"isolation":	{
					}
				}, {
					"domainName":	"standalone_domain",
					"domainDispName":	"standalone on ps7_cortexa9_0",
					"domainDesc":	"standalone_domain",
					"processors":	"ps7_cortexa9_0",
					"os":	"standalone",
					"sdxOs":	"standalone",
					"qemuArgs":	"<platformDir>/resources/ecc_project_wrapper/standalone_domain/qemu_args.txt",
					"qemuData":	"<platformDir>/resources/ecc_project_wrapper/standalone_domain/qemu",
					"debugEnable":	"False",
					"domRuntimes":	["cpp"],
					"swRepo":	"",
					"mssOsVer":	"8.1",
					"mssFile":	"",
					"md5Digest":	"5458ab32d357d609abddc6af46557d25",
					"compatibleApp":	"",
					"domType":	"mssDomain",
					"arch":	"32-bit",
					"appSettings":	{
						"appCompilerFlags":	"",
						"appLinkerFlags":	""
					},
					"addedLibs":	[],
					"libOptions":	{
						"libsContainingOptions":	[]
					},
					"prebuiltLibs":	{
						"prebuiltIncPath":	[],
						"prebuiltLibPath":	[]
					},
					"isolation":	{
					}
				}]
		}]
}
KEYINFO::2026-09-30.17:13:13::SCWPlatform::updated the xpfm file.
TRACE::2026-09-30.17:13:14::SCWPlatform::Trying to open the hw design at /users/students/r0933784/DDP/sw_package_2026/sw_project/project_sw/ecc_project_wrapper/hw/ecc_project_wrapper.xsa
TRACE::2026-09-30.17:13:14::SCWPlatform::DSA given /users/students/r0933784/DDP/sw_package_2026/sw_project/project_sw/ecc_project_wrapper/hw/ecc_project_wrapper.xsa
TRACE::2026-09-30.17:13:14::SCWPlatform::DSA absoulate path /users/students/r0933784/DDP/sw_package_2026/sw_project/project_sw/ecc_project_wrapper/hw/ecc_project_wrapper.xsa
TRACE::2026-09-30.17:13:14::SCWPlatform::DSA directory /users/students/r0933784/DDP/sw_package_2026/sw_project/project_sw/ecc_project_wrapper/hw
TRACE::2026-09-30.17:13:14::SCWPlatform:: Platform Path /users/students/r0933784/DDP/sw_package_2026/sw_project/project_sw/ecc_project_wrapper/hw/ecc_project_wrapper.xsa
TRACE::2026-09-30.17:13:14::SCWPlatform:: Unique name xilinx:pynq-z2::0.0
TRACE::2026-09-30.17:13:14::SCWPlatform::Trying to set the existing hwdb with name rsa_project_wrapper_5
TRACE::2026-09-30.17:13:14::SCWPlatform::Opened existing hwdb rsa_project_wrapper_5
TRACE::2026-09-30.17:13:14::SCWPlatform::Found the Hw Db part of the input DSA
TRACE::2026-09-30.17:13:14::SCWMssOS::Checking the sw design at  /users/students/r0933784/DDP/sw_package_2026/sw_project/project_sw/ecc_project_wrapper/ps7_cortexa9_0/standalone_domain/bsp/system.mss
TRACE::2026-09-30.17:13:14::SCWMssOS::DEBUG:  swdes dump  /users/students/r0933784/DDP/sw_package_2026/sw_project/project_sw/ecc_project_wrapper/ps7_cortexa9_0/standalone_domain/bsp/system.mss|system_0||
/users/students/r0933784/DDP/sw_package_2026/sw_project/project_sw/ecc_project_wrapper/zynq_fsbl/zynq_fsbl_bsp/system.mss|system||

TRACE::2026-09-30.17:13:14::SCWMssOS::Sw design exists and opened at  /users/students/r0933784/DDP/sw_package_2026/sw_project/project_sw/ecc_project_wrapper/ps7_cortexa9_0/standalone_domain/bsp/system.mss
